# Blender v2.93.3 OBJ File: 'untitled.blend'
# www.blender.org
mtllib sense gespa.mtl
o Circle
v 0.000000 1.401983 -17.476007
v -10.886397 1.401983 -12.233394
v -13.575416 1.401983 -0.453282
v -6.041496 1.401983 8.993511
v 6.041495 1.401983 8.993511
v 13.575416 1.401983 -0.453281
v 10.886399 1.401983 -12.233393
v -10.886397 2.833318 -12.233394
v 0.000000 2.833318 -17.476007
v -13.575416 2.833318 -0.453282
v -6.041496 2.833318 8.993511
v 6.041495 2.833318 8.993511
v 13.575416 2.833318 -0.453281
v 10.886399 2.833318 -12.233393
v -10.886397 0.894078 -12.233394
v 0.000000 0.894078 -17.476007
v -13.575416 0.894078 -0.453282
v -6.041496 0.894078 8.993511
v 6.041495 0.894078 8.993511
v 13.575416 0.894078 -0.453281
v 10.886399 0.894078 -12.233393
v -12.554227 1.440889 -13.563446
v -0.000000 1.440889 -19.609241
v -15.655210 1.440889 0.021415
v -6.967072 1.440889 10.915484
v 6.967071 1.440889 10.915484
v 15.655210 1.440889 0.021415
v 12.554228 1.440889 -13.563444
v -12.554227 0.855172 -13.563446
v -0.000000 0.855172 -19.609241
v -15.655210 0.855172 0.021415
v -6.967072 0.855172 10.915484
v 6.967071 0.855172 10.915484
v 15.655210 0.855172 0.021415
v 12.554228 0.855172 -13.563444
v 0.000000 1.822113 -7.058194
v 1.308058 1.822113 -6.929362
v 2.565848 1.822113 -6.547816
v 3.725033 1.822113 -5.928218
v 4.741067 1.822113 -5.094380
v 5.574905 1.822113 -4.078345
v 6.194503 1.822113 -2.919160
v 6.576049 1.822113 -1.661371
v 6.704882 1.822113 -0.353313
v 6.576049 1.822113 0.954743
v 6.194503 1.822113 2.212534
v 5.574905 1.822113 3.371721
v 4.741067 1.822113 4.387755
v 3.725032 1.822113 5.221593
v 2.565848 1.822113 5.841190
v 1.308058 1.822113 6.222737
v -0.000000 1.822113 6.351569
v -1.308057 1.822113 6.222737
v -2.565847 1.822113 5.841190
v -3.725033 1.822113 5.221591
v -4.741067 1.822113 4.387755
v -5.574905 1.822113 3.371721
v -6.194503 1.822113 2.212534
v -6.576049 1.822113 0.954746
v -6.704882 1.822113 -0.353313
v -6.576049 1.822113 -1.661371
v -6.194502 1.822113 -2.919161
v -5.574906 1.822113 -4.078344
v -4.741068 1.822113 -5.094380
v -3.725033 1.822113 -5.928218
v -2.565847 1.822113 -6.547816
v -1.308057 1.822113 -6.929362
v -1.308057 2.833318 6.222737
v -2.565847 2.833318 5.841190
v -3.725033 2.833318 5.221591
v -4.741067 2.833318 4.387755
v -6.704882 2.833318 -0.353313
v -6.576049 2.833318 0.954746
v -6.576049 2.833318 -1.661371
v -5.574905 2.833318 3.371721
v -6.194503 2.833318 2.212534
v -5.574906 2.833318 -4.078344
v -6.194502 2.833318 -2.919161
v -0.000000 2.833318 6.351569
v 2.565848 2.833318 5.841190
v 1.308058 2.833318 6.222737
v -4.741068 2.833318 -5.094380
v -3.725033 2.833318 -5.928218
v -1.308057 2.833318 -6.929362
v -2.565847 2.833318 -6.547816
v 1.308058 2.833318 -6.929362
v 2.565848 2.833318 -6.547816
v 0.000000 2.833318 -7.058194
v 4.741067 2.833318 -5.094380
v 5.574905 2.833318 3.371721
v 4.741067 2.833318 4.387755
v 5.574905 2.833318 -4.078345
v 6.194503 2.833318 2.212534
v 6.704882 2.833318 -0.353313
v 6.576049 2.833318 0.954743
v 6.576049 2.833318 -1.661371
v 6.194503 2.833318 -2.919160
v 3.725032 2.833318 5.221593
v 3.725033 2.833318 -5.928218
v 13.000001 0.824510 6.157533
v 13.000001 11.090796 6.157533
v 6.842468 0.824510 0.000000
v 6.842468 11.090796 0.000000
v 19.157534 0.824510 0.000000
v 19.157534 11.090796 0.000000
v 13.014653 0.890603 -6.208628
v 13.014653 11.156890 -6.208628
v -13.000003 0.824510 6.157533
v -13.000003 11.090796 6.157533
v -19.157536 0.824510 0.000000
v -19.157536 11.090796 0.000000
v -6.842470 0.824510 0.000000
v -6.842470 11.090796 0.000000
v -13.000003 0.824510 -6.157532
v -13.000003 11.090796 -6.157532
v 13.000001 16.514885 6.157533
v 6.842468 16.514885 0.000000
v 13.000001 16.514885 -6.157532
v 19.157534 16.514885 0.000000
v -13.000003 16.514885 6.157533
v -19.157536 16.514885 0.000000
v -13.000003 16.514885 -6.157532
v -6.842470 16.514885 0.000000
v 0.008392 11.090796 -6.834076
v 0.022937 11.156890 -18.353191
v 0.008392 16.514885 -6.834076
v 0.008286 16.514885 -18.302095
v 0.008178 11.090796 -6.850648
v 0.008178 16.514885 -6.850648
v 0.022937 0.890603 -18.353191
v 13.000001 8.622748 6.157533
v 6.842468 8.622748 0.000000
v 6.842468 6.154701 0.000000
v 6.842468 3.686654 0.000000
v 13.014653 8.688843 -6.208628
v 13.014653 6.220794 -6.208628
v 13.014653 3.752746 -6.208628
v 19.157534 8.622748 0.000000
v 19.157534 6.154701 0.000000
v 19.157534 3.686654 0.000000
v -13.000003 8.622748 6.157533
v -19.157536 8.622748 0.000000
v -19.157536 6.154701 0.000000
v -19.157536 3.686654 0.000000
v -13.000003 8.622748 -6.157532
v -13.000003 6.154701 -6.157532
v -13.000003 3.686654 -6.157532
v 0.022937 8.688843 -18.353191
v 0.022937 6.220794 -18.353191
v 0.022937 3.752746 -18.353191
v -6.842470 8.622748 0.000000
v -6.842470 6.154701 0.000000
v -6.842470 3.686654 0.000000
v -7.913037 6.154701 -1.070567
v -7.913037 8.622748 -1.070567
v -14.070570 8.622748 5.086966
v -14.070570 6.154702 5.086966
v 14.070568 6.154702 5.086967
v 14.070568 8.622748 5.086967
v 7.913034 8.622748 -1.070566
v 7.913034 6.154701 -1.070566
v 6.842468 1.425990 0.000000
v 13.014653 1.492082 -6.208628
v 19.157534 1.425990 0.000000
v -19.157536 1.425990 0.000000
v -13.000003 1.425990 -6.157532
v 0.022937 1.492082 -18.353191
v -6.842470 1.425990 0.000000
v 13.000001 1.425990 6.157533
v -13.000003 1.425990 6.157533
v -7.868725 3.686654 1.026256
v -8.894981 3.686654 2.052511
v -9.921237 3.686654 3.078767
v -10.947494 3.686654 4.105023
v -11.973748 3.686654 5.131278
v -7.868725 6.154701 1.026256
v -8.894981 6.154701 2.052511
v -9.921237 6.154701 3.078767
v -10.947494 6.154701 4.105023
v -11.973748 6.154702 5.131278
v -7.868725 8.622748 1.026256
v -8.894981 8.622748 2.052511
v -9.921237 8.622748 3.078767
v -10.947494 8.622748 4.105023
v -11.973748 8.622748 5.131278
v -13.044315 8.622748 4.060711
v -12.018059 8.622748 3.034455
v -10.991804 8.622748 2.008199
v -9.965549 8.622748 0.981945
v -8.939294 8.622748 -0.044311
v -8.939292 6.154701 -0.044311
v -9.965549 6.154701 0.981944
v -10.991804 6.154701 2.008199
v -12.018061 6.154701 3.034456
v -13.044315 6.154702 4.060711
v -7.868725 1.425990 1.026256
v -8.894981 1.425990 2.052511
v -9.921237 1.425990 3.078767
v -10.947494 1.425990 4.105023
v -11.973748 1.425990 5.131278
v 11.973745 3.686654 5.131277
v 10.947490 3.686654 4.105021
v 9.921235 3.686654 3.078767
v 8.894979 3.686654 2.052511
v 7.868723 3.686654 1.026256
v 11.973745 6.154702 5.131277
v 10.947490 6.154702 4.105021
v 9.921235 6.154702 3.078767
v 8.894979 6.154701 2.052511
v 7.868723 6.154701 1.026256
v 11.973745 8.622748 5.131277
v 10.947490 8.622748 4.105021
v 9.921235 8.622748 3.078767
v 8.894979 8.622748 2.052511
v 7.868723 8.622748 1.026256
v 8.939290 8.622748 -0.044311
v 9.965546 8.622748 0.981945
v 10.991801 8.622748 2.008200
v 12.018057 8.622748 3.034456
v 13.044312 8.622748 4.060711
v 13.044312 6.154702 4.060711
v 12.018057 6.154702 3.034456
v 10.991801 6.154702 2.008200
v 9.965545 6.154701 0.981945
v 8.939290 6.154701 -0.044311
v 11.973745 1.425990 5.131277
v 10.947490 1.425990 4.105021
v 9.921235 1.425990 3.078767
v 8.894979 1.425990 2.052511
v 7.868723 1.425990 1.026256
v -13.000003 9.856772 6.157533
v -12.428221 1.425990 4.676805
v -12.428221 3.686654 4.676805
v -13.454475 3.686654 5.703059
v -13.454475 1.425990 5.703059
v -12.428221 3.686654 4.676805
v -12.428221 6.154702 4.676805
v -13.454475 6.154702 5.703059
v -13.454475 3.686654 5.703059
v -8.323198 3.686654 0.571783
v -8.323198 6.154701 0.571783
v -9.349454 6.154701 1.598038
v -9.349454 3.686654 1.598038
v -10.375710 3.686654 2.624293
v -10.375710 6.154701 2.624293
v -11.401967 6.154701 3.650550
v -11.401967 3.686654 3.650550
v -8.323198 1.425990 0.571783
v -8.323198 3.686654 0.571783
v -9.349454 3.686654 1.598038
v -9.349454 1.425990 1.598038
v -10.375710 1.425990 2.624293
v -10.375710 3.686654 2.624293
v -11.401967 3.686654 3.650550
v -11.401967 1.425990 3.650550
v 13.454473 3.686654 5.703060
v 13.454473 6.154702 5.703060
v 12.428218 6.154702 4.676805
v 12.428218 3.686654 4.676805
v 11.401962 3.686654 3.650550
v 11.401962 6.154702 3.650550
v 10.375707 6.154702 2.624294
v 10.375707 3.686654 2.624294
v 9.349452 3.686654 1.598039
v 9.349452 6.154701 1.598039
v 8.323196 6.154701 0.571783
v 8.323196 3.686654 0.571783
v 13.454473 1.425990 5.703060
v 13.454473 3.686654 5.703060
v 12.428218 3.686654 4.676805
v 12.428218 1.425990 4.676805
v 11.401962 1.425990 3.650550
v 11.401962 3.686654 3.650550
v 10.375707 3.686654 2.624294
v 10.375707 1.425990 2.624294
v 9.349452 1.425990 1.598039
v 9.349452 3.686654 1.598039
v 8.323196 3.686654 0.571783
v 8.323196 1.425990 0.571783
v 13.000001 16.744701 6.157533
v 12.998846 18.594450 1.593101
v 12.999978 17.105570 6.069827
v 12.999913 17.452570 5.810086
v 12.999805 17.772369 5.388288
v 12.999662 18.052671 4.820642
v 12.999487 18.282713 4.128963
v 12.999288 18.453648 3.339833
v 12.999070 18.558908 2.483577
v 9.124060 18.594450 -2.281592
v 6.842468 16.744701 0.000000
v 8.678944 18.558908 -1.836475
v 8.250933 18.453648 -1.408464
v 7.856476 18.282713 -1.014007
v 7.510731 18.052671 -0.668262
v 7.226985 17.772369 -0.384517
v 7.016145 17.452570 -0.173676
v 6.886308 17.105570 -0.043840
v 13.000001 16.744701 -6.157532
v 10.717158 18.594450 -3.874690
v 12.956137 17.105570 -6.113668
v 12.826230 17.452570 -5.983760
v 12.615273 17.772369 -5.772803
v 12.331371 18.052671 -5.488903
v 11.985437 18.282713 -5.142969
v 11.590765 18.453648 -4.748296
v 11.162519 18.558908 -4.320050
v 14.591899 18.594450 0.000047
v 19.157534 16.744701 0.000001
v 15.482609 18.558908 0.000037
v 16.339090 18.453648 0.000029
v 17.128429 18.282713 0.000021
v 17.820290 18.052671 0.000014
v 18.388086 17.772369 0.000008
v 18.809996 17.452570 0.000005
v 19.069805 17.105570 0.000002
v -13.001160 18.594450 1.590791
v -13.000003 16.744701 6.157533
v -13.000934 18.558908 2.481719
v -13.000716 18.453648 3.338407
v -13.000515 18.282713 4.127937
v -13.000341 18.052671 4.819964
v -13.000198 17.772369 5.387897
v -13.000091 17.452570 5.809911
v -13.000024 17.105570 6.069784
v -14.590727 18.594450 0.001224
v -19.157536 16.744701 0.000000
v -15.481667 18.558908 0.000985
v -16.338369 18.453648 0.000754
v -17.127905 18.282713 0.000543
v -17.819946 18.052671 0.000359
v -18.387886 17.772369 0.000205
v -18.809906 17.452570 0.000092
v -19.069786 17.105570 0.000024
v -10.715940 18.594450 -3.873468
v -13.000003 16.744701 -6.157532
v -11.161537 18.558908 -4.319067
v -11.590013 18.453648 -4.747542
v -11.984898 18.282713 -5.142426
v -12.331016 18.052671 -5.488545
v -12.615069 17.772369 -5.772598
v -12.826140 17.452570 -5.983669
v -12.956115 17.105570 -6.113644
v -6.842470 16.744701 0.000000
v -9.126466 18.594450 -2.283995
v -6.886356 17.105570 -0.043886
v -7.016328 17.452570 -0.173857
v -7.227394 17.772369 -0.384922
v -7.511436 18.052671 -0.668966
v -7.857544 18.282713 -1.015074
v -8.252417 18.453648 -1.409947
v -8.680880 18.558908 -1.838409
v 0.008220 18.594450 -11.418967
v 0.008178 16.744701 -6.850648
v 0.008213 18.558908 -10.527732
v 0.008205 18.453648 -9.670747
v 0.008197 18.282713 -8.880945
v 0.008192 18.052671 -8.188678
v 0.008185 17.772369 -7.620550
v 0.008182 17.452570 -7.198390
v 0.008179 17.105570 -6.938428
v 0.008286 16.744701 -18.302095
v 0.008243 18.594450 -13.885398
v 0.008284 17.105570 -18.217230
v 0.008282 17.452570 -17.965893
v 0.008279 17.772369 -17.557745
v 0.008274 18.052671 -17.008472
v 0.008269 18.282713 -16.339180
v 0.008260 18.453648 -15.575593
v 0.008251 18.558908 -14.747052
v -0.000001 0.824510 0.000000
v -0.000091 15.231276 -7.042967
v -1.696443 15.231073 -6.902699
v -3.318801 15.230720 -6.489497
v -4.797787 15.230202 -5.825778
v -6.073162 15.229508 -4.947086
v -7.098175 15.228653 -3.898665
v -7.842411 15.227688 -2.730072
v -8.291253 15.226718 -1.488473
v -8.440972 15.225868 -0.213629
v -8.291497 15.225234 1.061249
v -7.842852 15.224838 2.302958
v -7.098742 15.224638 3.471701
v -6.073758 15.224566 4.520293
v -4.798321 15.224568 5.399145
v -3.319200 15.224616 6.062994
v -1.696655 15.224698 6.476277
v -0.000091 15.224809 6.616575
v 1.696456 15.224946 6.476247
v 3.318977 15.225111 6.062932
v 4.798065 15.225307 5.399066
v 6.073453 15.225535 4.520206
v 7.098389 15.225820 3.471617
v 7.842450 15.226195 2.302894
v 8.291069 15.226709 1.061208
v 8.440537 15.227386 -0.213629
v 8.290823 15.228200 -1.488429
v 7.842000 15.229057 -2.730008
v 7.097824 15.229850 -3.898575
v 6.072854 15.230494 -4.946995
v 4.797526 15.230952 -5.825697
v 3.318580 15.231224 -6.489434
v 1.696243 15.231326 -6.902665
v -0.707054 20.133043 -2.710073
v -1.970107 15.674698 -8.531201
v -0.923444 20.024124 -3.640728
v -1.398552 19.628141 -5.626357
v -1.640884 19.019112 -6.782173
v -1.825540 18.194250 -7.700877
v -1.924642 17.276440 -8.237484
v -1.968114 16.427244 -8.496908
v -0.000090 15.674852 -8.694197
v 0.004738 20.133160 -2.769229
v -0.000082 16.427635 -8.659584
v -0.000005 17.277246 -8.395938
v 0.000187 18.195070 -7.851523
v 0.000408 19.019846 -6.918631
v 0.000568 19.628998 -5.740746
v 0.001965 20.024485 -3.715664
v -1.381186 20.132738 -2.537556
v -3.864326 15.674450 -8.048446
v -1.805757 20.023346 -3.419189
v -2.735810 19.626331 -5.288206
v -3.211115 19.017723 -6.379555
v -3.577192 18.192663 -7.255182
v -3.774193 17.274752 -7.768103
v -3.860123 16.426495 -8.015136
v -1.983577 20.132280 -2.265876
v -5.609916 15.674088 -7.264544
v -2.604635 20.022196 -3.065687
v -3.952422 19.623747 -4.745047
v -4.643803 19.015673 -5.732311
v -5.184383 18.190296 -6.534751
v -5.476612 17.272240 -7.006856
v -5.603062 16.425415 -7.233047
v -2.487220 20.131729 -1.917009
v -7.139790 15.673589 -6.209730
v -3.286244 20.020752 -2.603331
v -4.997095 19.620640 -4.027414
v -5.881504 19.012987 -4.874235
v -6.584151 18.187181 -5.572024
v -6.965989 17.269014 -5.984642
v -7.129708 16.424046 -6.181181
v -2.875479 20.131159 -1.517495
v -8.395230 15.672950 -4.924598
v -3.826507 20.019133 -2.060914
v -5.830812 19.617310 -3.174901
v -6.879445 19.009766 -3.847948
v -7.724141 18.183447 -4.409150
v -8.185449 17.265289 -4.742606
v -8.381437 16.422464 -4.900545
v -3.143867 20.130650 -1.093213
v -9.328123 15.672199 -3.458545
v -4.213147 20.017490 -1.468218
v -6.430542 19.614065 -2.230770
v -7.607499 19.006248 -2.700102
v -8.564771 18.179390 -3.094672
v -9.089519 17.261410 -3.329975
v -9.310615 16.420784 -3.440878
v -3.298210 20.130283 -0.662964
v -9.902675 15.671421 -1.867876
v -4.444611 20.016026 -0.850080
v -6.788986 19.611208 -1.234554
v -8.049376 19.002832 -1.475983
v -9.079681 18.175516 -1.679693
v -9.645529 17.257879 -1.801331
v -9.882306 16.419168 -1.858457
v -3.348076 20.130108 -0.234200
v -10.096848 15.670722 -0.213632
v -4.524772 20.014931 -0.222169
v -6.908576 19.608992 -0.216281
v -8.198754 18.999990 -0.215653
v -9.254461 18.172392 -0.214728
v -9.834078 17.255217 -0.213945
v -10.075383 16.417807 -0.213656
v -3.298031 20.130150 0.194535
v -9.903186 15.670178 1.440694
v -4.455514 20.014324 0.407264
v -6.791861 19.607586 0.802417
v -8.054030 18.998047 1.045396
v -9.084373 18.170404 1.250986
v -9.648604 17.253748 1.373941
v -9.882788 16.416834 1.431222
v -3.143493 20.130392 0.624700
v -9.329040 15.669807 3.031600
v -4.233189 20.014225 1.029742
v -6.436686 19.607033 1.800118
v -7.615900 18.997053 2.271525
v -8.573275 18.169571 2.668064
v -9.095095 17.253464 2.903990
v -9.311490 16.416286 3.013870
v -2.874916 20.130775 1.048820
v -8.396382 15.669570 4.497975
v -3.852490 20.014532 1.628926
v -5.840507 19.607235 2.747213
v -6.890069 18.996811 3.422215
v -7.734947 18.169611 3.985530
v -8.192549 17.254072 4.318624
v -8.382562 16.416111 4.473857
v -2.486522 20.131231 1.448098
v -7.140973 15.669419 5.783458
v -3.314099 20.015095 2.178961
v -5.009530 19.608009 3.604248
v -5.892592 18.997038 4.451658
v -6.595481 18.170145 5.151741
v -6.973448 17.255180 5.562904
v -7.130892 16.416199 5.754858
v -1.982860 20.131685 1.796686
v -5.610958 15.669326 6.838585
v -2.630130 20.015755 2.648877
v -3.965563 19.609106 4.327394
v -4.653709 18.997488 5.312695
v -5.194541 18.170876 6.117610
v -5.483312 17.256445 6.587236
v -5.604132 16.416441 6.807068
v -1.380592 20.132071 2.068100
v -3.865094 15.669282 7.622733
v -1.825121 20.016371 3.008739
v -2.746878 19.610249 4.875954
v -3.218501 18.998007 5.962325
v -3.584782 18.171610 6.840577
v -3.779206 17.257610 7.350195
v -3.860928 16.416746 7.589442
v -0.706717 20.132330 2.240422
v -1.970512 15.669292 8.105642
v -0.933886 20.016842 3.234504
v -1.404910 19.611189 5.218095
v -1.644821 18.998507 6.366483
v -1.829589 18.172253 7.287910
v -1.927319 17.258511 7.820684
v -1.968545 16.417038 8.071402
v 0.004734 20.132431 2.299503
v -0.000091 15.669364 8.268690
v 0.001929 20.017103 3.310930
v 0.000545 19.611746 5.334039
v 0.000395 18.998945 6.503469
v 0.000177 18.172758 7.439121
v -0.000012 17.259054 7.979527
v -0.000084 16.417273 8.234150
v 0.716197 20.132360 2.240469
v 1.970310 15.669497 8.105577
v 0.937303 20.017132 3.232888
v 1.405762 19.611849 5.217193
v 1.645452 18.999311 6.365867
v 1.829779 18.173111 7.287261
v 1.927186 17.259209 7.820251
v 1.968357 16.417429 8.071337
v 1.390108 20.132128 2.068183
v 3.864842 15.669693 7.622605
v 1.827282 20.016953 3.005744
v 2.747112 19.611555 4.874382
v 3.218681 18.999615 5.961164
v 3.584509 18.173323 6.839358
v 3.778768 17.258999 7.349379
v 3.860691 16.417526 7.589319
v 1.992424 20.131769 1.796788
v 5.610635 15.669939 6.838415
v 2.630393 20.016621 2.644956
v 3.965026 19.611023 4.325541
v 4.653188 18.999882 5.311141
v 5.193551 18.173428 6.115978
v 5.482404 17.258511 6.586147
v 5.603829 16.417603 6.806908
v 2.496128 20.131336 1.448199
v 7.140553 15.670226 5.783265
v 3.312080 20.016233 2.174703
v 5.008318 19.610485 3.602506
v 5.891182 19.000183 4.449920
v 6.593587 18.173500 5.149919
v 6.971947 17.257896 5.561687
v 7.130500 16.417725 5.754676
v 2.884554 20.130896 1.048903
v 8.395859 15.670555 4.497787
v 3.848143 20.015917 1.624976
v 5.838898 19.610197 2.745852
v 6.887703 19.000641 3.420550
v 7.732089 18.173695 3.983786
v 8.190419 17.257376 4.317460
v 8.382071 16.417969 4.473679
v 3.153149 20.130524 0.624755
v 9.328409 15.670940 3.031451
v 4.226827 20.015806 1.026704
v 6.434947 19.610380 1.799236
v 7.612657 19.001442 2.270205
v 8.569535 18.174257 2.666688
v 9.092384 17.257252 2.903073
v 9.310900 16.418421 3.013731
v 3.307701 20.130293 0.194557
v 9.902491 15.671415 1.440610
v 4.447776 20.016041 0.405594
v 6.790047 19.611191 0.801974
v 8.050166 19.002813 1.044655
v 9.080020 18.175493 1.250220
v 9.645489 17.257864 1.373430
v 9.882133 16.419157 1.431143
v 3.357757 20.130253 -0.234201
v 10.096132 15.672000 -0.213633
v 4.516521 20.016693 -0.222204
v 6.906615 19.612701 -0.216288
v 8.194667 19.004892 -0.215664
v 9.249875 18.177631 -0.214737
v 9.830811 17.259459 -0.213949
v 10.074701 16.420206 -0.213657
v 3.307904 20.130426 -0.662988
v 9.901975 15.672676 -1.867790
v 4.436796 20.017740 -0.848463
v 6.786761 19.614853 -1.234064
v 8.045507 19.007612 -1.475258
v 9.075300 18.180628 -1.678935
v 9.642384 17.262024 -1.800822
v 9.881626 16.421520 -1.858373
v 3.153561 20.130791 -1.093284
v 9.327485 15.673368 -3.458396
v 4.206661 20.019070 -1.465201
v 6.428033 19.617487 -2.229668
v 7.604240 19.010660 -2.698798
v 8.560988 18.184113 -3.093300
v 9.086755 17.265251 -3.329050
v 9.309978 16.422968 -3.440726
v 2.885167 20.131287 -1.517598
v 8.394711 15.673977 -4.924401
v 3.822043 20.020510 -2.056941
v 5.828352 19.620363 -3.173115
v 6.877079 19.013622 -3.846282
v 7.721251 18.187576 -4.407388
v 8.183274 17.268654 -4.741413
v 8.380911 16.424387 -4.900337
v 2.496868 20.131840 -1.917137
v 7.139368 15.674439 -6.209534
v 3.284140 20.021885 -2.599021
v 4.995142 19.623207 -4.025109
v 5.880093 19.016163 -4.872497
v 6.582228 18.190582 -5.570178
v 6.964447 17.271793 -5.983390
v 7.129276 16.425638 -6.180966
v 1.993171 20.132370 -2.266009
v 5.609591 15.674738 -7.264373
v 2.604861 20.023058 -3.061698
v 3.951384 19.625740 -4.742607
v 4.643285 19.018093 -5.730752
v 5.183377 18.192888 -6.533091
v 5.475677 17.274361 -7.005730
v 5.602731 16.426632 -7.232851
v 1.390721 20.132799 -2.537663
v 3.864077 15.674889 -8.048317
v 1.807940 20.023924 -3.416137
v 2.735816 19.627691 -5.286151
v 3.211312 19.019348 -6.378388
v 3.576924 18.194405 -7.253937
v 3.773750 17.276178 -7.767255
v 3.859877 16.427317 -8.014985
v 0.716542 20.133074 -2.710134
v 1.969904 15.674919 -8.531135
v 0.926917 20.024414 -3.639079
v 1.399373 19.628830 -5.625182
v 1.641536 19.019926 -6.781554
v 1.825744 18.195126 -7.700216
v 1.924513 17.277155 -8.237032
v 1.967921 16.427658 -8.496828
v -1.959746 15.076161 -8.487416
v -0.000094 15.076185 -8.649524
v -3.844035 15.076146 -8.007277
v -5.580536 15.076127 -7.227591
v -7.102518 15.076089 -6.178406
v -8.351552 15.076016 -4.900067
v -9.279730 15.075907 -3.441691
v -9.851404 15.075765 -1.859292
v -10.044616 15.075612 -0.213614
v -9.851929 15.075460 1.432149
v -9.280672 15.075313 3.014790
v -8.352739 15.075171 4.473500
v -7.103745 15.075037 5.752207
v -5.581622 15.074918 6.801724
v -3.844837 15.074825 7.581672
v -1.960171 15.074775 8.061976
v -0.000095 15.074772 8.224140
v 1.959957 15.074823 8.061907
v 3.844573 15.074923 7.581537
v 5.581283 15.075063 6.801547
v 7.103307 15.075229 5.752007
v 8.352194 15.075408 4.473306
v 9.280019 15.075588 3.014637
v 9.851210 15.075764 1.432062
v 10.043877 15.075933 -0.213615
v 9.850683 15.076088 -1.859205
v 9.279071 15.076213 -3.441538
v 8.351013 15.076292 -4.899864
v 7.102079 15.076321 -6.178204
v 5.580196 15.076306 -7.227414
v 3.843773 15.076267 -8.007142
v 1.959532 15.076221 -8.487347
v -1.391959 13.957472 -9.010169
v -0.000103 13.957227 -9.125813
v -2.712480 13.957203 -8.674336
v -3.897879 13.955404 -8.146333
v -4.893783 13.954608 -7.461930
v -5.668436 13.952784 -6.674491
v -6.199365 13.980010 -1.939215
v -6.510975 13.979908 -1.076865
v -6.612274 13.979845 -0.213588
v -6.511024 13.979832 0.649694
v -6.199452 13.979863 1.512071
v -5.661814 13.979923 2.356599
v -4.890079 13.979996 3.146178
v -3.895594 13.980062 3.831483
v -2.712007 13.980116 4.362716
v -1.391793 13.980151 4.699006
v -0.000103 13.980168 4.814103
v 1.391576 13.980165 4.699000
v 2.711787 13.980142 4.362703
v 3.895371 13.980102 3.831467
v 4.889843 13.980045 3.146163
v 5.661566 13.979985 2.356587
v 6.199194 13.979933 1.512061
v 6.510767 13.979908 0.649679
v 6.612018 13.979923 -0.213587
v 6.510717 13.979984 -1.076844
v 6.199102 13.980082 -1.939210
v 5.668154 13.952839 -6.674405
v 4.893515 13.954659 -7.461844
v 3.897638 13.955438 -8.146273
v 2.712262 13.957216 -8.674311
v 1.391741 13.957484 -9.010142
v -1.678667 13.950480 -6.832529
v -0.000101 13.950500 -6.971340
v -3.283998 13.950434 -6.423628
v -4.747425 13.950364 -5.766819
v -6.009323 13.950267 -4.897285
v -7.023426 13.950147 -3.859817
v -7.759666 13.950019 -2.703481
v -8.203639 13.949904 -1.474963
v -8.351713 13.949827 -0.213593
v -8.203843 13.949800 1.047807
v -7.760036 13.949815 2.276418
v -7.023901 13.949859 3.432878
v -6.009819 13.949911 4.470488
v -4.747870 13.949958 5.340155
v -3.284331 13.949994 5.997071
v -1.678843 13.950018 6.406041
v -0.000101 13.950030 6.544878
v 1.678626 13.950035 6.406014
v 3.284093 13.950028 5.997019
v 4.747605 13.950010 5.340087
v 6.009513 13.949980 4.470415
v 7.023553 13.949943 3.432808
v 7.759646 13.949912 2.276364
v 8.203433 13.949904 1.047772
v 8.351296 13.949936 -0.213592
v 8.203227 13.950011 -1.474926
v 7.759271 13.950120 -2.703429
v 7.023083 13.950237 -3.859741
v 6.009015 13.950341 -4.897209
v 4.747156 13.950422 -5.766752
v 3.283763 13.950473 -6.423576
v 1.678449 13.950498 -6.832501
v -1.161461 12.944537 -7.633981
v -0.000103 12.944537 -7.730043
v -2.252684 12.944537 -7.355984
v -3.211393 12.944537 -6.925621
v -3.990843 12.944537 -6.388404
v -4.733291 12.944537 -5.798228
v -5.111073 12.944537 -1.323847
v -5.175262 12.944537 -0.756294
v -5.213986 12.944537 -0.213587
v -5.150342 12.944537 0.329120
v -4.945339 12.944537 0.896682
v -4.567561 12.944537 1.490244
v -3.990843 12.944537 2.080418
v -3.211392 12.944537 2.617635
v -2.252683 12.944537 3.047998
v -1.161460 12.944537 3.325995
v -0.000104 12.944537 3.422057
v 1.161244 12.944537 3.325995
v 2.252470 12.944537 3.047997
v 3.211184 12.944537 2.617634
v 3.990630 12.944537 2.080422
v 4.567345 12.944537 1.490249
v 4.945123 12.944537 0.896684
v 5.150134 12.944537 0.329106
v 5.213778 12.944537 -0.213584
v 5.164555 12.944537 -0.756274
v 5.074908 12.944537 -1.323855
v 4.567349 12.944537 -5.798230
v 3.990630 12.944537 -6.388404
v 3.211179 12.944537 -6.925623
v 2.252473 12.944537 -7.355983
v 1.161246 12.944537 -7.633981
v -1.391033 12.944537 -9.004310
v -0.000103 12.944537 -9.119361
v -2.710503 12.944537 -8.668164
v -3.893381 12.944537 -8.137172
v -4.887216 12.944537 -7.452197
v -5.658388 12.944537 -6.663030
v -6.195593 12.944537 -1.938163
v -6.506890 12.944537 -1.076321
v -6.608063 12.944537 -0.213586
v -6.506889 12.944537 0.649149
v -6.195589 12.944537 1.510998
v -5.658387 12.944537 2.355046
v -4.887215 12.944537 3.144211
v -3.893381 12.944537 3.829185
v -2.710503 12.944537 4.360179
v -1.391033 12.944537 4.696323
v -0.000103 12.944537 4.811374
v 1.390817 12.944537 4.696323
v 2.710289 12.944537 4.360177
v 3.893171 12.944537 3.829186
v 4.887002 12.944537 3.144214
v 5.658173 12.944537 2.355049
v 6.195373 12.944537 1.511000
v 6.506680 12.944537 0.649140
v 6.607856 12.944537 -0.213584
v 6.506680 12.944537 -1.076307
v 6.195371 12.944537 -1.938170
v 5.658178 12.944537 -6.663031
v 4.887003 12.944537 -7.452198
v 3.893168 12.944537 -8.137174
v 2.710292 12.944537 -8.668164
v 1.390818 12.944537 -9.004310
v -0.998335 11.928786 -6.873809
v -0.000105 11.928786 -6.956377
v -1.927374 11.928786 -6.423596
v -2.726795 11.928786 -6.064736
v -3.353913 11.928786 -5.632512
v -3.958190 11.928786 -5.183732
v -4.222691 11.928786 -0.887336
v -4.236268 11.928786 -0.528894
v -4.223406 11.928786 -0.213587
v -4.186429 11.928786 0.101719
v -4.056957 11.928786 0.460171
v -3.792459 11.928786 0.875748
v -3.353914 11.928786 1.324525
v -2.726796 11.928786 1.756751
v -1.927373 11.928786 2.115610
v -0.998335 11.928786 2.352289
v -0.000104 11.928786 2.434859
v 0.998118 11.928786 2.352290
v 1.927161 11.928786 2.115609
v 2.726588 11.928786 1.756749
v 3.353700 11.928786 1.324529
v 3.792242 11.928786 0.875754
v 4.056741 11.928786 0.460173
v 4.186222 11.928786 0.101702
v 4.223197 11.928786 -0.213584
v 4.222274 11.928786 -0.528869
v 4.186526 11.928786 -0.887345
v 3.792247 11.928786 -5.183735
v 3.353701 11.928786 -5.632512
v 2.726581 11.928786 -6.064738
v 1.927164 11.928786 -6.423595
v 0.998120 11.928786 -6.873809
v -1.161461 11.928786 -7.633981
v -0.000103 11.928786 -7.730043
v -2.252683 11.928786 -7.355984
v -3.211392 11.928786 -6.925621
v -3.990843 11.928786 -6.388404
v -4.733291 11.928786 -5.798228
v -5.111073 11.928786 -1.323847
v -5.175262 11.928786 -0.756294
v -5.213986 11.928786 -0.213587
v -5.150342 11.928786 0.329120
v -4.945339 11.928786 0.896682
v -4.567561 11.928786 1.490244
v -3.990843 11.928786 2.080418
v -3.211392 11.928786 2.617635
v -2.252683 11.928786 3.047998
v -1.161460 11.928786 3.325995
v -0.000104 11.928786 3.422057
v 1.161244 11.928786 3.325995
v 2.252470 11.928786 3.047997
v 3.211184 11.928786 2.617634
v 3.990630 11.928786 2.080422
v 4.567345 11.928786 1.490249
v 4.945123 11.928786 0.896684
v 5.150134 11.928786 0.329106
v 5.213778 11.928786 -0.213584
v 5.164555 11.928786 -0.756274
v 5.074908 11.928786 -1.323855
v 4.567349 11.928786 -5.798230
v 3.990630 11.928786 -6.388404
v 3.211179 11.928786 -6.925623
v 2.252473 11.928786 -7.355983
v 1.161246 11.928786 -7.633981
v -0.998335 11.106849 -6.873809
v -0.000105 11.106849 -6.956377
v -1.927374 11.106849 -6.423596
v -2.726795 11.106849 -6.064736
v -3.353913 11.106849 -5.632512
v -3.958190 11.106849 -5.183732
v -4.222691 11.106849 -0.887336
v -4.236268 11.106849 -0.528894
v -4.223406 11.106849 -0.213587
v -4.186429 11.106849 0.101719
v -4.056957 11.106849 0.460171
v -3.792459 11.106849 0.875748
v -3.353914 11.106849 1.324525
v -2.726796 11.106849 1.756751
v -1.927373 11.106849 2.115610
v -0.998335 11.106849 2.352289
v -0.000104 11.106849 2.434859
v 0.998118 11.106849 2.352290
v 1.927161 11.106849 2.115609
v 2.726588 11.106849 1.756749
v 3.353700 11.106849 1.324529
v 3.792242 11.106849 0.875754
v 4.056741 11.106849 0.460173
v 4.186222 11.106849 0.101702
v 4.223197 11.106849 -0.213584
v 4.222274 11.106849 -0.528869
v 4.186526 11.106849 -0.887345
v 3.792247 11.106849 -5.183735
v 3.353701 11.106849 -5.632512
v 2.726581 11.106849 -6.064738
v 1.927164 11.106849 -6.423595
v 0.998120 11.106849 -6.873809
vt -5.447687 -2.147292
vt -5.351768 -2.147267
vt -5.351306 -2.004779
vt -5.447225 -2.004804
vt 0.341087 -3.836450
vt 0.245170 -3.836450
vt 0.245226 -3.979269
vt 0.341143 -3.979269
vt 0.245269 -4.140147
vt 0.341185 -4.140147
vt 0.245294 -4.312907
vt 0.341211 -4.312907
vt 0.245303 -4.490908
vt 0.341220 -4.490908
vt 0.245294 -4.667308
vt 0.341211 -4.667308
vt 0.245269 -4.835333
vt 0.341185 -4.835333
vt 0.245226 -4.988518
vt 0.341143 -4.988518
vt 0.245170 -5.120984
vt 0.341087 -5.120976
vt -5.290328 -0.538340
vt -5.288877 -0.414202
vt -5.384789 -0.414118
vt -5.386239 -0.538256
vt -5.287683 -0.267497
vt -5.383594 -0.267413
vt -5.286801 -0.103860
vt -5.382712 -0.103776
vt -5.286253 0.070420
vt -5.382165 0.070504
vt -5.286069 0.248644
vt -5.381987 0.248728
vt -5.286253 0.423965
vt -5.382165 0.424049
vt -5.286801 0.589646
vt -5.382712 0.589729
vt -5.287683 0.739318
vt -5.383594 0.739401
vt -5.288877 0.867229
vt -5.384789 0.867313
vt -5.290328 0.968466
vt -5.386239 0.968549
vt 4.972161 -5.155881
vt 4.973583 -5.029999
vt 4.877679 -5.030270
vt 4.876256 -5.156151
vt 4.974564 -4.881919
vt 4.878660 -4.882190
vt 4.975062 -4.717330
vt 4.879157 -4.717599
vt 4.975062 -4.542550
vt 4.879157 -4.542820
vt 4.974564 -4.364307
vt 4.878653 -4.364578
vt 4.973583 -4.189443
vt 4.877679 -4.189713
vt 4.972161 -4.024682
vt 4.876256 -4.024952
vt -5.447225 -3.156676
vt -5.351306 -3.156651
vt -5.351768 -3.003189
vt -5.447687 -3.003214
vt -5.352088 -2.834983
vt -5.448007 -2.835008
vt -5.352252 -2.658504
vt -5.448170 -2.658529
vt -5.352252 -2.480532
vt -5.448170 -2.480557
vt -5.352088 -2.307911
vt -5.448007 -2.307936
vt 1.947227 -5.444184
vt 2.073261 -5.318146
vt 2.172287 -5.169945
vt 2.240496 -5.005270
vt 2.275270 -4.830448
vt 2.275271 -4.652198
vt 2.240500 -4.477384
vt 2.172292 -4.312708
vt 2.073268 -4.164500
vt 1.947235 -4.038462
vt 1.799035 -3.939436
vt 1.634364 -3.871220
vt 1.459549 -3.836450
vt 1.281311 -3.836450
vt 1.106496 -3.871220
vt 0.941824 -3.939436
vt 0.793623 -4.038462
vt 0.667588 -4.164500
vt 0.568563 -4.312701
vt 0.500352 -4.477384
vt 0.465579 -4.652198
vt 0.465578 -4.830448
vt 0.500349 -5.005263
vt 0.568557 -5.169945
vt 0.667580 -5.318146
vt 0.793614 -5.444184
vt 0.941813 -5.543217
vt 1.106484 -5.611427
vt 1.281299 -5.646196
vt 1.459539 -5.646196
vt 1.634352 -5.611427
vt 1.799024 -5.543217
vt 2.535915 3.703968
vt 2.535915 5.342571
vt 2.275271 5.468098
vt 2.275271 3.578456
vt 4.179638 1.804501
vt 4.106306 2.400265
vt 2.825253 1.378573
vt 3.389775 1.174552
vt 3.460281 1.338256
vt 3.561376 1.485063
vt 3.689163 1.609324
vt 3.838740 1.706270
vt 4.004354 1.772174
vt 2.825253 -0.259996
vt 4.106391 -1.281527
vt 5.703865 -0.916825
vt 6.414779 0.559496
vt 5.703823 2.035772
vt 4.357866 1.802011
vt 4.532180 1.764799
vt 4.695881 1.694296
vt 4.842689 1.593210
vt 4.966942 1.465426
vt 5.063885 1.315854
vt 5.129783 1.150244
vt 5.162107 0.974959
vt 5.159611 0.796735
vt 5.122396 0.622421
vt 5.051882 0.458716
vt 4.950794 0.311912
vt 4.823007 0.187649
vt 4.673427 0.090703
vt 4.507812 0.024801
vt 4.332525 -0.007528
vt 4.154304 -0.005038
vt 3.979987 0.032174
vt 3.816285 0.102677
vt 3.669482 0.203763
vt 3.545221 0.331547
vt 3.448282 0.481119
vt 3.382384 0.646729
vt 3.350060 0.822015
vt 3.352556 1.000239
vt -5.141921 -1.524944
vt -5.150318 -3.162905
vt -5.014553 -3.163637
vt -5.006163 -1.525677
vt -5.150318 -2.163635
vt -5.150318 -0.538338
vt -5.286069 -0.538583
vt -5.286069 -2.163880
vt -5.009511 -0.538277
vt -5.006163 0.861793
vt -5.141928 0.861730
vt -5.145277 -0.538340
vt -5.145668 -0.307035
vt -5.145277 0.762951
vt -5.281048 0.762922
vt -5.281433 -0.307064
vt -5.014553 -0.539074
vt -5.009511 2.400350
vt -5.145277 2.400286
vt -5.145661 2.400346
vt -5.281433 2.400318
vt 3.816989 2.682300
vt 5.414524 3.046847
vt 6.125487 4.523175
vt 5.414567 5.999511
vt 3.817071 6.364165
vt -0.322502 6.364200
vt 1.275014 5.999702
vt 1.455397 6.225868
vt -0.386862 6.646196
vt 3.752609 2.400265
vt 1.985965 4.523431
vt 2.275271 4.523417
vt 5.594892 2.820663
vt 1.275054 3.047107
vt 1.455443 2.820923
vt 6.414779 4.523168
vt -5.295753 -3.565297
vt -5.286069 -1.676395
vt -5.341629 -1.676093
vt -5.351306 -3.564998
vt 2.275271 -1.280142
vt 2.275271 -3.154440
vt 2.330822 -3.154340
vt 2.330822 -1.280043
vt -1.394954 -3.054333
vt -1.398809 -4.668900
vt -1.343254 -4.668872
vt -1.339395 -3.054308
vt -5.367674 2.254762
vt -5.368122 1.020851
vt -5.312569 1.020864
vt -5.312121 2.254775
vt -5.295753 -0.538640
vt -5.351306 -0.538340
vt -1.398809 -1.280068
vt -1.343254 -1.280043
vt -5.368122 4.143013
vt -5.312569 4.143024
vt -1.603561 5.342507
vt -1.864180 5.467984
vt 3.752705 6.646196
vt -1.603561 3.703936
vt -1.864180 3.578381
vt 5.594942 6.225677
vt -0.322419 2.682407
vt -0.386765 2.400350
vt -4.144567 6.646139
vt -4.378675 6.646161
vt -4.378675 5.478607
vt -4.144567 5.478592
vt -4.144567 5.673182
vt -4.144567 5.867777
vt -4.144567 6.062366
vt -4.144567 6.256955
vt -4.144567 6.451550
vt 5.582698 -2.207662
vt 5.816771 -2.205369
vt 5.812035 -1.286778
vt 5.577970 -1.289069
vt -4.162805 -4.752831
vt -4.162805 -4.518730
vt -5.110650 -4.519811
vt -5.110650 -4.753919
vt -0.217904 1.213133
vt -0.214405 2.400350
vt -1.398809 2.394040
vt -1.398809 1.213133
vt -2.138465 -1.234313
vt -2.372551 -1.235098
vt -2.372551 -2.359905
vt -2.138465 -2.359119
vt -4.162805 -2.533756
vt -4.396905 -2.533490
vt -4.396905 -3.680811
vt -4.279855 -3.680947
vt -4.162805 -3.681082
vt -4.162805 -3.489856
vt -4.162805 -3.298641
vt -4.162805 -3.107416
vt -4.162805 -2.916197
vt -4.162805 -2.724975
vt 2.275271 -1.280043
vt 2.275271 -0.099135
vt 1.094364 -0.099135
vt 1.094364 -1.280043
vt -5.310130 -4.285938
vt -4.162805 -4.284629
vt -4.162805 -3.770139
vt -5.310130 -3.771447
vt 6.324826 -2.193694
vt 6.320090 -4.003472
vt 6.341884 -4.003259
vt 6.346619 -2.193477
vt -2.886107 -4.684209
vt -2.887020 -2.361633
vt -2.908817 -2.361704
vt -2.907907 -4.684288
vt -5.312114 3.539480
vt -4.144567 3.539569
vt -4.144567 4.054067
vt -5.312114 4.053978
vt -4.911403 -2.532900
vt -4.911403 -3.680222
vt 6.326461 -1.281740
vt -2.887020 -1.236824
vt -4.893172 6.646196
vt -4.893172 5.478650
vt -4.396905 -1.257020
vt -4.911403 -1.256433
vt -4.297268 -0.083619
vt -4.297297 1.668253
vt -4.533801 1.904752
vt -4.602096 -0.083630
vt -2.377948 -4.687445
vt -4.602103 -0.826725
vt -4.297254 -0.826714
vt 5.812035 -4.015147
vt -4.893172 4.180990
vt -4.378668 4.182775
vt -4.162805 -3.748339
vt -5.310130 -3.749647
vt -2.908817 -1.236897
vt -4.933196 -1.256408
vt -4.933196 -2.532878
vt -4.914966 5.478650
vt -4.914966 4.180990
vt -4.933196 -3.680200
vt -2.547000 1.971770
vt -2.547000 1.666248
vt -1.803905 1.666281
vt -1.803905 1.971795
vt 6.348255 -1.281527
vt -4.144567 4.075867
vt -5.312114 4.075778
vt -4.156498 -4.826587
vt -2.975590 -4.826587
vt -2.975590 -3.645679
vt -4.162805 -3.642181
vt 0.159213 -2.460950
vt 0.159213 -1.280043
vt -1.021694 -1.280043
vt -1.021694 -2.460950
vt 0.159213 -3.774782
vt -0.942368 -4.879196
vt -4.081569 -1.231829
vt -2.975590 -2.335019
vt 4.895426 -4.024120
vt 4.900155 -2.214345
vt 4.843115 -2.214904
vt 4.838380 -4.024682
vt -1.455861 -2.356830
vt -1.461254 -4.684373
vt -1.404204 -4.684181
vt -1.398809 -2.356638
vt 0.438230 0.556999
vt 2.195945 2.319114
vt -2.143858 -4.686662
vt -1.909768 -4.685873
vt -1.904371 -2.358334
vt -1.675677 -4.685091
vt -1.670280 -2.357548
vt 5.577970 -4.017444
vt 5.348633 -2.209951
vt 5.343897 -4.019733
vt 5.114560 -2.212245
vt 5.109824 -4.022023
vt -1.455861 -1.232023
vt -1.670280 -1.232741
vt -1.904371 -1.233527
vt -5.310130 -4.520039
vt -4.347560 3.305450
vt -5.312114 3.305376
vt -5.312114 3.071271
vt -4.347560 3.071346
vt 5.109824 -1.293652
vt 4.895426 -1.295751
vt 5.343897 -1.291361
vt 2.376713 0.000278
vt 2.591145 0.000261
vt 2.591145 0.194853
vt 2.376713 0.194869
vt 2.825249 0.000242
vt 2.825249 0.194835
vt 3.045755 -4.142756
vt 2.811651 -4.142486
vt 2.811651 -4.333705
vt 3.045755 -4.333975
vt 2.811651 -4.170473
vt 2.606336 -4.170473
vt 2.606336 -4.367294
vt 2.811651 -4.367294
vt 2.528339 1.427287
vt 2.294236 1.427304
vt 2.294236 1.232712
vt 2.528339 1.232694
vt -4.144567 3.305465
vt -4.144567 3.422515
vt 2.606336 -4.170473
vt 2.401018 -4.170473
vt 2.401018 -4.367294
vt 2.606336 -4.367294
vt -4.982130 4.284413
vt -4.982130 4.481224
vt -5.069289 4.481231
vt -5.187441 4.481231
vt -5.187441 4.284413
vt 2.319661 -0.972679
vt 2.376713 -0.972682
vt 2.376713 -0.778092
vt 2.376713 -0.583499
vt 2.376713 -0.388907
vt 2.376713 -0.194315
vt 2.319661 0.194873
vt 4.838380 -1.296309
vt -4.162805 -5.258420
vt -4.162805 -5.201366
vt -5.310130 -5.202674
vt -5.310130 -5.259727
vt -4.144567 2.565768
vt -4.144567 2.622822
vt -5.312114 2.622733
vt -5.312114 2.565680
vt -1.398809 -1.231831
vt -3.779074 2.783942
vt -3.722020 2.783875
vt -3.722020 2.975097
vt -3.722020 3.166315
vt -3.722020 3.357537
vt -3.722020 3.548756
vt -3.722020 3.739978
vt -3.722020 3.931196
vt -3.779074 3.931264
vt -4.982130 5.071667
vt -4.982130 5.268481
vt -5.069289 5.268488
vt -5.187441 5.268488
vt -5.187441 5.071674
vt -5.069289 5.071674
vt -4.982130 4.678039
vt -4.982130 4.874853
vt -5.069289 4.874853
vt -5.187441 4.874860
vt -5.187441 4.678046
vt -5.069289 4.678039
vt 2.811651 -3.186387
vt 2.606336 -3.186387
vt 2.606336 -3.383201
vt 2.811651 -3.383201
vt 2.606336 -3.580022
vt 2.811651 -3.580022
vt 2.606336 -3.776837
vt 2.811651 -3.776837
vt 2.606336 -3.973659
vt 2.811651 -3.973659
vt 3.045755 -3.186650
vt 2.811651 -3.186387
vt 2.811651 -3.377605
vt 3.045755 -3.377876
vt 2.811651 -3.568824
vt 3.045755 -3.569094
vt 2.811651 -3.760049
vt 3.045755 -3.760313
vt 2.811651 -3.951268
vt 3.045755 -3.951538
vt -3.507586 2.783633
vt -3.273486 2.783363
vt -3.273486 2.974585
vt -3.507586 2.974851
vt -3.507586 3.166074
vt -3.273486 3.165803
vt -3.273486 3.357025
vt -3.507586 3.357292
vt -3.507586 3.548511
vt -3.273486 3.548244
vt -3.273486 3.739466
vt -3.507586 3.739733
vt -5.187441 5.465303
vt -5.069289 5.465303
vt 2.606336 -3.186387
vt 2.401018 -3.186387
vt 2.401018 -3.383201
vt 2.606336 -3.383201
vt 2.401018 -3.580022
vt 2.606336 -3.580022
vt 2.401018 -3.776837
vt 2.606336 -3.776837
vt 2.401018 -3.973659
vt 2.606336 -3.973659
vt 2.528339 2.400247
vt 2.294236 2.400265
vt 2.294236 2.205672
vt 2.528339 2.205654
vt 2.294236 2.011080
vt 2.528339 2.011062
vt 2.294236 1.816487
vt 2.528339 1.816470
vt 2.294236 1.621897
vt 2.528339 1.621877
vt 2.591145 -0.778108
vt 2.825249 -0.778123
vt 2.825249 -0.583533
vt 2.591145 -0.583515
vt 2.591145 -0.388923
vt 2.825249 -0.388940
vt 2.825249 -0.194348
vt 2.591145 -0.194331
vt -1.972474 -4.687665
vt -1.972474 -4.902099
vt -1.781252 -4.901878
vt -1.781252 -4.687445
vt -2.392553 -4.687445
vt -2.479708 -4.687452
vt -2.479708 -4.884266
vt -2.392553 -4.884259
vt 2.415114 -4.367515
vt 2.415114 -4.601615
vt 2.606332 -4.601395
vt 2.606332 -4.367294
vt 2.620432 -4.367515
vt 2.620432 -4.601615
vt 2.811651 -4.601395
vt 2.811651 -4.367294
vt -3.659300 2.783146
vt -3.659300 2.549041
vt -3.468074 2.549262
vt -3.468074 2.783363
vt -1.781252 -4.687665
vt -1.781252 -4.902099
vt -1.590030 -4.901878
vt -1.590030 -4.687445
vt -3.746459 2.586545
vt -3.659300 2.586548
vt -3.659300 2.783363
vt -3.746459 2.783359
vt -1.590033 -4.687665
vt -1.590033 -4.902099
vt -1.398811 -4.901878
vt -1.398811 -4.687445
vt 2.406818 -0.972682
vt 2.319661 -0.972686
vt 2.319661 -1.169500
vt 2.406816 -1.169498
vt -3.468074 2.783349
vt -3.468074 2.549244
vt -3.273486 2.549258
vt -3.273486 2.783363
vt 2.630660 -0.972698
vt 2.630660 -1.206803
vt 2.825253 -1.206787
vt 2.825253 -0.972682
vt 2.436068 -0.972696
vt 2.436068 -1.206803
vt 2.630660 -1.206787
vt 2.630660 -0.972682
vt 2.617058 -4.601630
vt 2.617058 -4.816063
vt 2.811651 -4.816049
vt 2.811651 -4.601615
vt -2.741187 -4.884259
vt -2.654029 -4.884266
vt -2.654029 -4.687452
vt -2.741187 -4.687445
vt -1.216287 -4.673345
vt -1.216287 -4.887778
vt -1.021694 -4.887764
vt -1.021694 -4.673337
vt -2.566870 -4.687452
vt -2.654029 -4.687445
vt -2.654029 -4.884259
vt -2.566870 -4.884266
vt 2.422468 -4.601630
vt 2.422468 -4.816063
vt 2.617062 -4.816049
vt 2.617062 -4.601615
vt -2.479712 -4.687452
vt -2.566870 -4.687445
vt -2.566870 -4.884266
vt -2.479712 -4.884266
vt -5.187441 6.449375
vt -5.187441 6.252561
vt -5.069289 6.252568
vt -5.069289 6.449382
vt -5.187441 6.055746
vt -5.187441 5.858932
vt -5.069289 5.858939
vt -5.069289 6.055753
vt -5.187441 5.662117
vt -5.187441 5.465303
vt -5.069289 5.465310
vt -5.069289 5.662125
vt -4.982130 5.662125
vt -4.982130 5.858939
vt -4.982130 6.055753
vt -4.982130 6.252568
vt -4.982130 6.449382
vt -4.982130 6.646196
vt -5.187441 6.646189
vt -1.231869 -4.673337
vt -1.318045 -4.673337
vt -1.318045 -4.907445
vt -1.318045 -5.121880
vt -1.231869 -5.121872
vt -1.231869 -4.907438
vt -5.086680 -3.446974
vt -5.086680 -3.681082
vt -5.000510 -3.681075
vt -5.000510 -3.446967
vt -5.000510 -3.446967
vt -5.000510 -3.232533
vt -5.086680 -3.232540
vt 2.881197 -4.548416
vt 2.881197 -4.782517
vt 2.967371 -4.782510
vt 2.967371 -4.548409
vt 2.967371 -4.548409
vt 2.967371 -4.333975
vt 2.881197 -4.333982
vt 2.286252 0.998612
vt 2.286252 0.784199
vt 2.353556 0.783419
vt 2.353556 0.997832
vt 2.353556 0.997832
vt 2.353556 1.231913
vt 2.286252 1.232693
vt 2.286252 0.549338
vt 2.286252 0.334925
vt 2.353556 0.334146
vt 2.353556 0.548558
vt 2.353556 0.548558
vt 2.353556 0.782640
vt 2.286252 0.783420
vt -5.312114 2.837167
vt -4.230744 2.622815
vt -4.230744 2.837249
vt -4.230744 2.837249
vt -4.230744 3.071353
vt -2.057154 -5.136079
vt -1.972474 -5.135979
vt -1.972474 -4.901878
vt -1.972474 -4.687445
vt -2.057154 -4.687544
vt -2.057154 -4.901978
vt -2.057154 -4.901978
vt -2.309533 -4.687728
vt -2.392553 -4.687445
vt -2.392553 -4.921538
vt -2.392553 -4.921538
vt -2.392553 -5.135958
vt -2.309533 -5.136242
vt -2.309533 -4.921816
vt -2.226516 -4.687722
vt -2.309533 -4.687445
vt -2.309533 -4.921538
vt -2.309533 -4.921538
vt -2.309533 -5.135958
vt -2.226516 -5.136235
vt -2.226516 -4.921816
vt -2.141831 -5.136079
vt -2.057154 -5.135979
vt -2.057154 -4.901878
vt -2.057154 -4.687445
vt -2.141831 -4.687544
vt -2.141831 -4.901978
vt -2.141831 -4.901978
vt -2.226516 -5.136079
vt -2.141831 -5.135979
vt -2.141831 -4.901878
vt -2.141831 -4.687445
vt -2.226516 -4.687544
vt -2.226516 -4.901978
vt -2.226516 -4.901978
vt -4.162805 -4.986939
vt -5.225446 -4.754047
vt -5.225446 -4.988148
vt -5.225446 -4.988148
vt -5.225446 -5.202582
vt -2.546979 1.580863
vt -1.718474 1.580899
vt -2.546922 1.498722
vt -1.636290 1.498759
vt -2.546826 1.422980
vt -1.560507 1.423017
vt -2.546701 1.356548
vt -1.494040 1.356586
vt -2.546549 1.301978
vt -1.439443 1.302017
vt -2.546375 1.261368
vt -1.398811 1.261408
vt -4.982130 6.608263
vt -4.982130 5.473658
vt -4.949202 5.477391
vt -4.949202 6.636625
vt -4.914966 6.646196
vt -1.718474 2.057190
vt -2.546979 2.057162
vt -1.636290 2.139265
vt -2.546922 2.139233
vt -1.560511 2.214864
vt -2.546826 2.214830
vt -1.494040 2.281083
vt -2.546701 2.281047
vt -1.439443 2.335379
vt -2.546549 2.335340
vt -1.398811 2.375663
vt -2.546375 2.375624
vt 6.413186 -2.171652
vt 6.414779 -1.285434
vt 6.382327 -1.282345
vt 6.380699 -2.187799
vt -4.203078 -3.681082
vt -5.285656 -3.682319
vt -5.303951 -3.715368
vt -4.172973 -3.714081
vt -4.687541 -0.912155
vt -4.211788 -0.912139
vt -4.769651 -0.994344
vt -4.129557 -0.994322
vt -4.845284 -1.070128
vt -4.053739 -1.070103
vt -4.911539 -1.136597
vt -3.987236 -1.136567
vt -4.965861 -1.191197
vt -3.932614 -1.191163
vt -5.006163 -1.231831
vt -3.891958 -1.231792
vt -4.182529 4.143024
vt -5.284149 4.142942
vt -5.305060 4.110014
vt -4.154151 4.110100
vt -4.687534 -0.083653
vt -4.769644 -0.083712
vt -4.845284 -0.083808
vt -4.911539 -0.083936
vt -4.965861 -0.084091
vt -5.006163 -0.084267
vt -2.975590 -1.279019
vt -2.975590 -2.372085
vt -2.942954 -2.364381
vt -2.942954 -1.247589
vt -4.211795 -0.083635
vt -4.129564 -0.083691
vt -4.053739 -0.083782
vt -3.987243 -0.083905
vt -3.932614 -0.084056
vt -3.891958 -0.084229
vt -5.000510 -2.540696
vt -5.000510 -3.655641
vt -4.967468 -3.673978
vt -4.967468 -2.534830
vt -4.211816 1.582776
vt -4.129585 1.500544
vt -4.053753 1.424719
vt -3.987250 1.358213
vt -3.932621 1.303584
vt -3.891965 1.262929
vt -4.982130 4.143024
vt -4.949202 4.171405
vt 6.375985 -3.991470
vt -2.546186 2.400346
vt -4.948356 2.319308
vt -4.924444 2.295398
vt -4.885486 2.256436
vt -4.832969 2.203921
vt -4.768919 2.139869
vt -4.695789 2.066743
vt -4.616402 1.987356
vt -4.967468 -1.250183
vt -5.000510 -1.231829
vt -2.974691 -4.663618
vt -2.942044 -4.679126
vt 2.278446 -3.493347
vt 2.279418 -3.689145
vt 2.400234 -3.693781
vt 2.399261 -3.500045
vt -1.316797 -3.962787
vt -1.317014 -4.214955
vt -1.260211 -4.216804
vt -1.260015 -3.963305
vt -1.317291 -2.189737
vt -1.317303 -2.423607
vt -1.260659 -2.425662
vt -1.260593 -2.190572
vt 2.821555 2.233458
vt 2.819654 2.394356
vt 2.763311 2.400265
vt 2.765217 2.238529
vt -1.317305 -1.949713
vt -1.260568 -1.949290
vt 2.823116 2.036115
vt 2.766781 2.040154
vt 0.864566 -2.536786
vt 0.886240 -2.631190
vt 0.923194 -2.720723
vt 0.973247 -2.800725
vt 1.033159 -2.867374
vt 1.098982 -2.918085
vt 1.166597 -2.951799
vt 1.232475 -2.969002
vt 1.294428 -2.971221
vt 1.351883 -2.960001
vt 1.405218 -2.935872
vt 1.454437 -2.898183
vt 1.498175 -2.846011
vt 1.533767 -2.779376
vt 1.558060 -2.699939
vt 1.568316 -2.610939
vt 1.562820 -2.516770
vt 1.541142 -2.422415
vt 1.504206 -2.332925
vt 1.454186 -2.252955
vt 1.394312 -2.186320
vt 1.328527 -2.135602
vt 1.260942 -2.101864
vt 1.195081 -2.084631
vt 1.133137 -2.082381
vt 1.075680 -2.093576
vt 1.022336 -2.117677
vt 0.973103 -2.155341
vt 0.929338 -2.207495
vt 0.893712 -2.274115
vt 0.869380 -2.353555
vt 0.859090 -2.442577
vt -1.317350 -1.712754
vt -1.260582 -1.711079
vt 2.824282 1.809917
vt 2.767947 1.812765
vt -1.317435 -4.453443
vt -1.318045 -4.669078
vt -1.261231 -4.673337
vt -1.260621 -4.456557
vt -1.317419 -1.487964
vt -1.260634 -1.485098
vt 2.825004 1.563569
vt 2.768661 1.565114
vt -1.317006 -3.456366
vt -1.316793 -3.706644
vt -1.260046 -3.705812
vt -1.260303 -3.454226
vt -1.317506 -1.283989
vt -1.260716 -1.280043
vt 2.825249 1.306550
vt 2.768903 1.306737
vt -1.317428 -3.221572
vt -1.260781 -3.218213
vt 2.825018 1.048743
vt 2.768661 1.047576
vt -1.318045 -3.011273
vt -1.261461 -3.006822
vt 2.824318 0.800069
vt 2.767940 0.797602
vt -3.779607 3.722231
vt -3.780858 3.928317
vt -3.837322 3.931264
vt -3.836006 3.724101
vt 2.823170 0.570084
vt 2.766777 0.566421
vt -3.779074 3.502642
vt -3.835416 3.503367
vt 2.821630 0.367619
vt 2.765206 0.362910
vt -3.779273 3.277976
vt -3.835579 3.277532
vt 2.819746 0.200445
vt 2.763286 0.194874
vt -3.780204 3.056866
vt -3.836490 3.055269
vt -1.317415 -2.837567
vt -1.317508 -3.001763
vt -1.261005 -3.006819
vt -1.260874 -2.841770
vt -3.781826 2.847804
vt -3.838111 2.845113
vt -1.317346 -2.642353
vt -1.260755 -2.645539
vt -3.784079 2.658825
vt -3.840379 2.655135
vt -3.786874 2.497200
vt -3.843195 2.492649
vt -1.189239 -4.454083
vt -1.188851 -4.214578
vt -1.108805 -4.435468
vt -1.108464 -4.201296
vt -1.022062 -4.397079
vt -1.021746 -4.174917
vt 0.173775 -2.597778
vt 0.229509 -2.839875
vt 0.350004 -2.801504
vt 0.300034 -2.583820
vt 0.502164 -2.753026
vt 0.459316 -2.567541
vt 0.763849 -2.669810
vt 0.735415 -2.547156
vt -1.188702 -3.961407
vt -1.108409 -3.953913
vt -1.021693 -3.940553
vt 0.159213 -2.353100
vt 0.287379 -2.364356
vt 0.447927 -2.380834
vt 0.727697 -2.424033
vt -1.188800 -3.704347
vt -1.108642 -3.703017
vt -1.021913 -3.703565
vt 0.186098 -2.115768
vt 0.311995 -2.152589
vt 0.467996 -2.201270
vt 0.740467 -2.306254
vt -1.189139 -3.453337
vt -1.109150 -3.458421
vt -1.022400 -3.473545
vt 0.252833 -1.895258
vt 0.371884 -1.957328
vt 0.517690 -2.036736
vt 0.772131 -2.199140
vt -1.189705 -3.218070
vt -1.109904 -3.229607
vt -1.023131 -3.259516
vt 0.356128 -1.700072
vt 0.463382 -1.786118
vt 0.593499 -1.893904
vt 0.819962 -2.106997
vt -1.190469 -3.007565
vt -1.110856 -3.025323
vt -1.024058 -3.069500
vt 0.491340 -1.537316
vt 0.581702 -1.644772
vt 0.690784 -1.777529
vt 0.880616 -2.032627
vt -3.908354 3.928697
vt -3.906960 3.722611
vt -3.988494 3.910882
vt -3.986959 3.711849
vt -4.076542 3.872298
vt -4.075063 3.688065
vt 0.652954 -1.412508
vt 0.721663 -1.537260
vt 0.804735 -1.690182
vt 0.950948 -1.977262
vt -3.906313 3.503136
vt -3.986198 3.500064
vt -4.074295 3.492627
vt 0.835035 -1.329584
vt 0.878351 -1.466049
vt 0.931375 -1.632791
vt 1.028776 -1.941042
vt -3.906434 3.278591
vt -3.986269 3.283305
vt -4.074295 3.292560
vt 1.031418 -1.291192
vt 1.047245 -1.432809
vt 1.067803 -1.605914
vt 1.112954 -1.924066
vt -3.907330 3.057481
vt -3.987151 3.069526
vt -4.075063 3.094586
vt 1.235562 -1.298860
vt 1.223712 -1.438913
vt 1.211340 -1.610709
vt 1.202539 -1.927152
vt -3.908951 2.848234
vt -3.988800 2.866746
vt -4.076542 2.905764
vt 1.440314 -1.352913
vt 1.402282 -1.485301
vt 1.358263 -1.648728
vt 1.295636 -1.951661
vt -3.911226 2.658910
vt -3.991118 2.682808
vt 1.675535 -1.386303
vt 1.464555 -1.280041
vt 1.637927 -1.452102
vt 1.576376 -1.571777
vt 1.503225 -1.720795
vt 1.388878 -1.998568
vt -3.914071 2.496862
vt -3.993991 2.525005
vt 1.869260 -1.536648
vt 1.820424 -1.593328
vt 1.738653 -1.696382
vt 1.639656 -1.825893
vt 1.477766 -2.067585
vt 2.692410 2.397584
vt 2.694277 2.236060
vt 2.612497 2.369473
vt 2.614239 2.211457
vt 2.038028 -1.725399
vt 1.980137 -1.771538
vt 1.881701 -1.855060
vt 1.760728 -1.960759
vt 1.557418 -2.156773
vt 2.695812 2.037889
vt 2.615682 2.017458
vt 2.175092 -1.945294
vt 2.110228 -1.979893
vt 1.998737 -2.041742
vt 1.860208 -2.120055
vt 1.623295 -2.262625
vt 2.696961 1.810717
vt 2.616774 1.795004
vt 2.528339 1.972698
vt 2.529377 1.761528
vt 2.205129 -2.210079
vt 2.084200 -2.248667
vt 1.933077 -2.296872
vt 1.671715 -2.380390
vt 2.697672 1.563324
vt 2.617471 1.552799
vt 2.530021 1.531550
vt 2.260867 -2.452727
vt 2.134181 -2.466884
vt 1.975858 -2.483245
vt 1.700158 -2.504458
vt 2.697924 1.305270
vt 2.617748 1.300351
vt 2.530241 1.292203
vt 2.275271 -2.697892
vt 2.146689 -2.686821
vt 1.986813 -2.670673
vt 1.707467 -2.628804
vt 2.697697 1.046538
vt 2.617581 1.047573
vt 2.530028 1.053304
vt 2.248079 -2.935583
vt 2.121787 -2.898940
vt 1.966065 -2.850636
vt 1.693931 -2.747430
vt 2.697000 0.797138
vt 2.616973 0.804373
vt 2.529388 0.824522
vt 2.180926 -3.156267
vt 2.061506 -3.094368
vt 1.915616 -3.015216
vt 1.661249 -2.854877
vt 2.695844 0.566686
vt 2.615924 0.580195
vt 2.528339 0.614835
vt 2.077148 -3.351396
vt 1.969551 -3.265518
vt 1.839144 -3.157817
vt 1.612301 -2.946779
vt 2.694277 0.364020
vt 2.614460 0.383598
vt 1.993598 -3.571640
vt 2.139192 -3.396846
vt 1.941467 -3.513846
vt 1.850780 -3.406566
vt 1.741387 -3.273815
vt 1.550599 -3.020350
vt 2.692339 0.196841
vt 2.612597 0.221893
vt 1.818743 -3.706103
vt 1.779479 -3.638143
vt 1.710454 -3.513576
vt 1.627162 -3.360775
vt 1.479449 -3.074481
vt -1.190080 -3.004148
vt -1.189904 -2.840042
vt -1.110535 -2.978815
vt -1.110311 -2.820396
vt 1.621278 -3.795431
vt 1.597197 -3.720430
vt 1.553566 -3.584154
vt 1.500398 -3.417779
vt 1.401166 -3.109218
vt -1.189726 -2.644930
vt -1.110016 -2.631972
vt 1.408486 -3.836443
vt 1.400825 -3.758179
vt 1.384677 -3.616762
vt 1.363961 -3.444208
vt 1.316967 -3.124715
vt -1.189557 -2.426181
vt -1.109680 -2.420421
vt -1.022917 -2.599673
vt -1.022560 -2.403879
vt 1.196898 -3.749988
vt 1.208415 -3.610142
vt 1.220548 -3.438868
vt 1.227804 -3.120381
vt -1.189417 -2.192090
vt -1.109351 -2.193544
vt -1.022226 -2.192858
vt 0.992525 -3.695615
vt 1.030205 -3.563456
vt 1.073951 -3.400244
vt 1.135506 -3.095061
vt -1.189315 -1.951597
vt -1.109072 -1.959913
vt -1.021958 -1.974290
vt 0.795372 -3.596341
vt 0.856549 -3.476908
vt 0.929550 -3.327683
vt 1.043312 -3.047888
vt -1.189264 -1.713969
vt -1.108869 -1.728549
vt -1.021778 -1.756646
vt 0.613343 -3.455264
vt 0.694716 -3.352456
vt 0.793856 -3.222379
vt 0.955553 -2.979181
vt -1.189264 -1.488401
vt -1.108761 -1.508523
vt -1.021694 -1.548739
vt 0.454039 -3.277389
vt 0.552058 -3.194116
vt 0.673560 -3.087709
vt 0.876934 -2.890810
vt -1.189317 -1.283628
vt -1.108752 -1.308504
vt 0.259012 -3.104358
vt 0.395876 -3.323940
vt 0.324250 -3.069514
vt 0.435310 -3.007899
vt 0.574709 -2.928999
vt 0.811841 -2.786163
vt -1.189852 -4.670650
vt -1.109413 -4.647264
vt 0.159213 -2.862247
vt -3.889639 4.984686
vt -3.927573 5.212381
vt -4.144567 5.194420
vt -4.100746 4.931387
vt -3.815656 4.770046
vt -4.014781 4.682099
vt -3.709414 4.577591
vt -3.889988 4.456132
vt -3.576400 4.415055
vt -3.731171 4.262172
vt -3.423244 4.288249
vt -3.544446 4.107664
vt -3.256997 4.200736
vt -3.336970 3.998535
vt -3.084176 4.153960
vt -3.116727 3.938972
vt -2.910214 4.147984
vt -2.892161 3.931264
vt -2.739594 4.182447
vt -2.671901 3.975711
vt -2.576800 4.256968
vt -2.464403 4.070616
vt -2.427173 4.370602
vt -2.277646 4.212339
vt -2.296926 4.520857
vt -2.118804 4.395438
vt -2.192418 4.703060
vt -1.993993 4.612894
vt -2.119245 4.910383
vt -1.908011 4.856338
vt -2.081543 5.134288
vt -1.864180 5.116420
vt -2.081557 5.365147
vt -1.864187 5.383136
vt -2.119494 5.592863
vt -1.908033 5.646219
vt -2.193499 5.807524
vt -1.994032 5.895550
vt -2.299759 5.999994
vt -2.118868 6.121545
vt -2.432797 6.162537
vt -2.277728 6.315501
vt -2.585972 6.289328
vt -2.464506 6.469988
vt -2.752240 6.376814
vt -2.672014 6.579068
vt -2.925064 6.423557
vt -2.892278 6.638567
vt -3.099022 6.429502
vt -3.116837 6.646196
vt -3.269632 6.395009
vt -3.337073 6.601686
vt -3.432409 6.320464
vt -3.544518 6.506734
vt -3.582011 6.206820
vt -3.731221 6.364996
vt -3.712236 6.056571
vt -3.890016 6.181912
vt -3.816723 5.874382
vt -4.014789 5.964492
vt -3.889881 5.667088
vt -4.100746 5.721098
vt -3.927580 5.443204
vt -4.144567 5.461080
vt -5.351327 -1.816259
vt -5.351306 -1.697036
vt -5.449528 -1.696855
vt -5.449543 -1.815999
vt -5.150318 -2.952915
vt -5.150367 -2.734780
vt -5.271812 -2.736533
vt -5.271805 -2.952378
vt -5.187441 6.279189
vt -5.187477 6.470606
vt -5.308964 6.466212
vt -5.308914 6.276800
vt 2.280007 -3.902363
vt 2.400826 -3.904766
vt -5.150617 -2.525089
vt -5.272004 -2.529049
vt -5.187541 6.646196
vt -5.309035 6.639967
vt 2.280184 -4.123630
vt 2.401018 -4.123701
vt -5.151043 -2.332452
vt -5.272353 -2.338450
vt -5.151328 -3.563121
vt -5.150808 -3.376453
vt -5.272331 -3.371476
vt -5.272851 -3.556189
vt 2.279953 -4.343162
vt 2.400810 -4.340929
vt -5.151627 -2.163880
vt -5.272851 -2.171669
vt 2.279329 -4.551502
vt 2.400216 -4.547072
vt 0.341220 -3.836450
vt 0.342962 -3.998139
vt 0.463907 -4.000685
vt 0.462264 -3.840695
vt 2.278353 -4.740196
vt 2.399283 -4.733775
vt 0.344159 -4.168240
vt 0.465018 -4.168994
vt 2.277075 -4.902497
vt 2.398056 -4.894349
vt 0.344781 -4.342280
vt 0.465577 -4.341192
vt 2.275547 -5.033718
vt 2.396590 -5.024177
vt 0.344804 -4.515765
vt 0.465561 -4.512843
vt -5.187918 5.246248
vt -5.187797 5.373424
vt -5.308970 5.380598
vt -5.309035 5.254759
vt 0.344212 -4.683278
vt 0.464953 -4.678599
vt -5.187676 5.524661
vt -5.308928 5.530228
vt 0.343007 -4.838269
vt 0.463750 -4.831955
vt -5.187576 5.696318
vt -5.308893 5.700072
vt 0.341220 -4.973629
vt 0.461978 -4.965907
vt -5.187498 5.883769
vt -5.308878 5.885532
vt 2.275547 -3.186387
vt 2.277136 -3.323438
vt 2.397958 -3.331921
vt 2.396385 -3.196316
vt -5.150467 -3.170012
vt -5.271976 -3.167196
vt -5.187448 6.080675
vt -5.308886 6.080369
vt 3.030070 -2.422700
vt 3.045755 -2.233952
vt 2.753584 -2.233949
vt 2.734759 -2.461579
vt 2.984528 -2.601778
vt 2.679306 -2.679281
vt 2.912923 -2.762532
vt 2.590235 -2.877737
vt 2.820109 -2.897586
vt 2.472317 -3.048862
vt 2.713325 -3.002638
vt 2.331621 -3.186387
vt 3.687866 -3.254756
vt 3.045755 -3.182760
vt 3.427442 -3.366513
vt 3.584250 -3.466350
vt 3.804806 -3.297013
vt 3.750849 -3.526560
vt 3.921871 -3.310747
vt 3.921899 -3.546639
vt 4.038939 -3.297017
vt 4.092949 -3.526581
vt 4.155879 -3.254767
vt 4.259555 -3.466399
vt 4.270406 -3.181857
vt 4.416381 -3.366570
vt 4.377473 -3.077197
vt 4.557087 -3.229045
vt 4.470405 -2.942335
vt 4.675020 -3.057910
vt 4.542448 -2.781826
vt 4.764098 -2.859439
vt 4.588046 -2.602791
vt 4.819551 -2.641716
vt 4.603653 -2.414064
vt 4.838380 -2.414061
vt 4.588039 -2.225335
vt 4.819544 -2.186405
vt 4.542433 -2.046300
vt 4.764084 -1.968690
vt 4.470398 -1.885794
vt 4.674998 -1.770219
vt 4.377466 -1.750936
vt 4.557066 -1.599095
vt 4.270391 -1.646282
vt 4.416352 -1.461581
vt 4.155865 -1.573373
vt 4.259534 -1.361758
vt 4.038925 -1.531123
vt 4.092928 -1.301578
vt 3.921860 -1.517393
vt 3.921878 -1.281529
vt 3.804795 -1.531131
vt 3.750835 -1.301609
vt 3.687855 -1.573391
vt 3.584243 -1.361815
vt 3.045755 -1.645397
vt 3.427439 -1.461652
vt 2.820105 -1.570323
vt 2.713322 -1.465271
vt 2.331621 -1.281529
vt 2.472313 -1.419047
vt 2.912920 -1.705373
vt 2.590231 -1.590168
vt 2.984528 -1.866124
vt 2.679302 -1.788621
vt 3.030070 -2.045201
vt 2.734756 -2.006318
vt 4.975780 -5.114805
vt 4.975062 -5.174780
vt 5.071407 -5.174994
vt 5.072125 -5.115025
vt -5.409952 -5.016831
vt -5.411424 -5.122384
vt -5.313216 -5.121830
vt -5.311751 -5.016334
vt -5.353766 -1.137306
vt -5.449414 -1.137752
vt -5.410770 6.646196
vt -5.409539 6.536533
vt -5.311325 6.536000
vt -5.312554 6.645599
vt 2.528065 0.403186
vt 2.528304 0.572610
vt 2.432218 0.572812
vt 2.432004 0.403537
vt -5.353617 -0.989027
vt -5.449436 -0.989562
vt -5.408523 6.398280
vt -5.310300 6.397839
vt 2.528342 0.749282
vt 2.432282 0.749384
vt -5.353581 -0.834201
vt -5.449471 -0.834843
vt -5.407776 6.237671
vt -5.309554 6.237316
vt 2.528087 0.923837
vt 2.432197 0.923858
vt -5.353467 -0.681211
vt -5.449528 -0.681730
vt -5.407350 6.062764
vt -5.309127 6.062500
vt 2.527795 1.087454
vt 2.431976 1.087275
vt -5.353510 -0.538340
vt -5.449599 -0.538908
vt -5.407258 5.882730
vt -5.309035 5.882566
vt 2.527294 1.232693
vt 2.431645 1.232234
vt 2.527731 0.250062
vt 2.431645 0.250476
vt -5.407492 5.707055
vt -5.309269 5.706991
vt -5.411424 -3.681082
vt -5.410365 -4.313255
vt -5.312163 -4.313177
vt -5.315811 -3.682489
vt -5.408010 5.544605
vt -5.309803 5.544633
vt -5.409291 -4.425563
vt -5.311097 -4.425414
vt -5.408772 5.402526
vt -5.310564 5.402647
vt -5.408608 -4.540751
vt -5.310421 -4.540530
vt -5.409710 5.285247
vt -5.311510 5.285454
vt -5.408317 -4.658605
vt -5.310130 -4.658306
vt -5.410770 5.194114
vt -5.312569 5.194385
vt -5.408416 -4.779089
vt -5.310230 -4.778720
vt -5.351384 -2.004775
vt -5.351349 -1.918662
vt -5.449564 -1.918335
vt -5.449599 -2.004399
vt -5.408949 -4.900136
vt -5.310755 -4.899695
vt 3.705417 -3.760362
vt 3.861297 -3.734395
vt 3.845769 -3.546639
vt 3.659072 -3.577733
vt 3.561045 -3.810127
vt 3.484503 -3.637915
vt 3.436287 -3.879005
vt 3.330574 -3.722898
vt 3.336949 -3.960319
vt 3.203914 -3.826574
vt 3.243206 -4.048381
vt 3.108515 -3.941847
vt 3.242164 -4.657297
vt 3.088727 -4.586392
vt 3.239832 -4.734714
vt 3.056289 -4.706351
vt 3.240668 -4.808491
vt 3.052258 -4.824070
vt 3.255336 -4.881124
vt 3.075576 -4.939535
vt 3.289384 -4.955533
vt 3.127283 -5.052532
vt 3.347077 -5.031528
vt 3.209318 -5.160595
vt 3.431616 -5.104836
vt 3.322362 -5.258626
vt 3.542964 -5.168730
vt 3.464334 -5.340089
vt 3.677342 -5.216170
vt 3.630137 -5.398628
vt 3.827929 -5.241547
vt 3.812218 -5.429303
vt 3.985960 -5.241547
vt 4.001489 -5.429303
vt 4.141836 -5.215580
vt 4.188185 -5.398202
vt 4.286208 -5.165814
vt 4.362755 -5.338027
vt 4.410970 -5.096936
vt 4.516686 -5.253044
vt 4.510309 -5.015622
vt 4.643343 -5.149361
vt 4.581654 -4.929410
vt 4.738743 -5.034095
vt 4.626072 -4.844974
vt 4.801911 -4.914022
vt 4.647439 -4.765978
vt 4.834348 -4.794064
vt 4.649970 -4.691924
vt 4.838380 -4.676338
vt 4.637249 -4.619128
vt 4.815065 -4.560880
vt 4.618791 -4.543424
vt 4.763359 -4.447883
vt 4.500184 -3.944414
vt 4.637939 -3.815347
vt 4.415641 -3.871099
vt 4.524892 -3.717316
vt 4.304294 -3.807212
vt 4.382920 -3.635853
vt 4.169915 -3.759765
vt 4.217120 -3.577313
vt 4.019329 -3.734395
vt 4.035035 -3.546639
vt 0.166052 -4.722911
vt 0.165013 -4.789478
vt 0.242971 -4.789392
vt 0.244008 -4.722826
vt 5.076982 -4.846354
vt 5.076789 -4.925655
vt 5.173128 -4.925541
vt 5.173320 -4.846247
vt 5.269672 -5.214968
vt 5.269693 -5.160830
vt 5.173341 -5.160837
vt 5.173320 -5.214975
vt 5.076278 -5.010724
vt 5.172623 -5.010617
vt 5.269708 -5.097612
vt 5.173356 -5.097619
vt 5.075396 -5.097953
vt 5.171734 -5.097839
vt 5.269715 -5.028428
vt 5.173369 -5.028442
vt 5.074109 -5.180689
vt 5.170447 -5.180575
vt 5.269822 -4.499063
vt 5.173477 -4.499070
vt 4.975062 -4.024682
vt 4.976036 -4.113512
vt 5.072374 -4.113725
vt 5.071407 -4.024895
vt -5.187647 4.561699
vt -5.187484 4.703032
vt -5.283829 4.702925
vt -5.283992 4.561585
vt 5.269807 -4.388241
vt 5.173455 -4.388248
vt 4.976847 -4.227782
vt 5.073184 -4.227995
vt -5.187441 4.849064
vt -5.283793 4.848950
vt 5.269772 -4.266889
vt 5.173427 -4.266903
vt 4.977423 -4.361805
vt 5.073768 -4.362018
vt -5.187526 4.990474
vt -5.283872 4.990360
vt 5.269729 -4.142799
vt 5.173384 -4.142807
vt 4.977736 -4.507766
vt 5.074080 -4.507979
vt -5.187711 5.118639
vt -5.284057 5.118525
vt 5.269672 -4.024682
vt 5.173320 -4.024689
vt 4.977764 -4.656571
vt 5.074109 -4.656792
vt -5.187932 5.246248
vt -5.284284 5.246134
vt -5.187932 4.433898
vt -5.284284 4.433784
vt 4.977530 -4.798878
vt 5.073874 -4.799091
vt 5.074109 -4.024796
vt 5.076348 -4.623764
vt 5.172687 -4.623651
vt 5.170447 -4.024682
vt 4.977074 -4.926210
vt 5.073420 -4.926423
vt 5.076662 -4.699525
vt 5.173000 -4.699418
vt 4.976470 -5.032396
vt 5.072814 -5.032609
vt 5.076918 -4.772271
vt 5.173255 -4.772157
vt -2.629292 3.826706
vt -2.493459 3.826706
vt -2.484810 3.931264
vt -2.642840 3.931264
vt -2.759884 3.776248
vt -2.793427 3.905891
vt -2.871936 3.736686
vt -2.927805 3.858447
vt -2.961523 3.685285
vt -3.039153 3.794560
vt -3.048208 3.631389
vt -3.146093 3.723098
vt -3.131979 3.053709
vt -3.247167 3.122633
vt -3.137824 3.005419
vt -3.262187 3.046648
vt -3.139608 2.962664
vt -3.273486 2.973739
vt -3.138137 2.919640
vt -3.270947 2.899684
vt -3.124645 2.869750
vt -3.249588 2.820688
vt -3.093544 2.810631
vt -3.205169 2.736250
vt -3.039292 2.745077
vt -3.133821 2.650040
vt -2.959368 2.679655
vt -3.034486 2.568726
vt -2.855337 2.622221
vt -2.909727 2.499848
vt -2.732424 2.579847
vt -2.765355 2.450079
vt -2.598437 2.557531
vt -2.609472 2.424116
vt -2.462607 2.557531
vt -2.451444 2.424116
vt -2.334401 2.579133
vt -2.300858 2.449486
vt -2.222345 2.618691
vt -2.166476 2.496930
vt -2.132762 2.670095
vt -2.055131 2.560820
vt -2.068477 2.725840
vt -1.970589 2.634131
vt -2.028084 2.779047
vt -1.912900 2.710126
vt -2.006578 2.826046
vt -1.878848 2.784540
vt -1.998057 2.868243
vt -1.864180 2.857168
vt -1.994654 2.910862
vt -1.864766 2.931062
vt -1.995479 2.959707
vt -1.870536 3.008768
vt -2.000741 3.544749
vt -1.889116 3.619131
vt -2.054993 3.610303
vt -1.960464 3.705336
vt -2.134917 3.675725
vt -2.059799 3.786650
vt -2.238945 3.733159
vt -2.184557 3.855532
vt -2.359472 3.804387
vt -2.328929 3.905301
vt 5.904462 -5.293857
vt 6.035051 -5.243402
vt 6.147103 -5.203840
vt 6.236693 -5.152433
vt 6.323375 -5.098544
vt 6.407149 -4.520864
vt 6.412987 -4.472570
vt 6.414779 -4.429815
vt 6.413300 -4.386791
vt 6.399811 -4.336897
vt 6.368711 -4.277782
vt 6.314459 -4.212232
vt 6.234532 -4.146802
vt 6.130507 -4.089372
vt 6.007591 -4.047001
vt 5.873603 -4.024682
vt 5.737774 -4.024682
vt 5.609568 -4.046283
vt 5.497516 -4.085845
vt 5.407926 -4.137246
vt 5.343641 -4.192998
vt 5.303255 -4.246198
vt 5.281746 -4.293197
vt 5.273220 -4.335397
vt 5.269822 -4.378016
vt 5.270646 -4.426865
vt 5.275908 -5.011903
vt 5.330160 -5.077454
vt 5.410087 -5.142876
vt 5.514111 -5.200314
vt 5.634639 -5.271545
vt 5.768626 -5.293857
vt 2.431549 0.322613
vt 2.431645 0.823439
vt 2.353682 0.823430
vt 2.353586 0.322605
vt -5.389112 5.194114
vt -5.388330 5.120046
vt -5.310371 5.119847
vt -5.311154 5.193916
vt 3.045595 -4.917500
vt 3.045755 -4.796012
vt 2.967790 -4.796091
vt 2.967630 -4.917578
vt 2.431631 0.907710
vt 2.353668 0.907702
vt -5.387675 5.022763
vt -5.309718 5.022556
vt 3.045673 -4.656642
vt 2.967709 -4.656728
vt 2.431606 1.005340
vt 2.353642 1.005332
vt -5.387220 4.907561
vt -5.309255 4.907362
vt 3.045620 -4.538732
vt 2.967655 -4.538810
vt 2.431563 1.108817
vt 2.353601 1.108808
vt -5.386993 4.782105
vt -5.309035 4.781899
vt 3.045485 -4.435610
vt 2.967520 -4.435696
vt 2.431521 1.232693
vt 2.353556 1.232685
vt -5.387014 4.655406
vt -5.309056 4.655207
vt 3.045336 -4.333975
vt 2.967371 -4.334053
vt 3.045336 -5.027347
vt 2.967371 -5.027426
vt -5.387256 4.536749
vt -5.309298 4.536550
vt 0.165013 -3.836535
vt 0.166950 -4.412964
vt 0.244906 -4.412879
vt 0.242971 -3.836450
vt -5.387654 4.434303
vt -5.309696 4.434104
vt 0.167095 -4.461165
vt 0.245052 -4.461087
vt -5.388145 4.353558
vt -5.310187 4.353359
vt 0.167177 -4.503898
vt 0.245134 -4.503813
vt -5.388649 4.295861
vt -5.310692 4.295655
vt 0.167213 -4.546937
vt 0.245170 -4.546852
vt -5.389112 4.257977
vt -5.311154 4.257778
vt 0.167088 -4.597023
vt 0.245046 -4.596937
vt 2.431521 0.214645
vt 2.431532 0.246097
vt 2.353569 0.246089
vt 2.353556 0.214637
vt 0.166729 -4.656586
vt 0.244685 -4.656500
vt 2.431539 0.280596
vt 2.353578 0.280589
vn -0.0980 0.0000 0.9952
vn -0.2903 0.0000 0.9569
vn -0.4714 0.0000 0.8819
vn -0.6344 0.0000 0.7730
vn -0.7730 0.0000 0.6344
vn -0.8819 0.0000 0.4714
vn -0.9569 0.0000 0.2903
vn -0.9952 0.0000 0.0980
vn -0.9952 0.0000 -0.0980
vn -0.9569 0.0000 -0.2903
vn -0.8819 0.0000 -0.4714
vn -0.7730 0.0000 -0.6344
vn -0.6344 0.0000 -0.7730
vn -0.4714 0.0000 -0.8819
vn -0.2903 0.0000 -0.9569
vn -0.0980 0.0000 -0.9952
vn 0.0980 0.0000 -0.9952
vn 0.2903 0.0000 -0.9569
vn 0.4714 0.0000 -0.8819
vn 0.6344 0.0000 -0.7730
vn 0.7730 0.0000 -0.6344
vn 0.8819 0.0000 -0.4714
vn 0.9569 0.0000 -0.2903
vn 0.9952 0.0000 -0.0980
vn 0.9952 0.0000 0.0980
vn 0.9569 0.0000 0.2903
vn 0.8819 0.0000 0.4714
vn 0.7730 0.0000 0.6344
vn 0.6344 0.0000 0.7730
vn 0.4714 0.0000 0.8819
vn 0.2903 0.0000 0.9569
vn 0.0980 0.0000 0.9952
vn 0.0000 1.0000 -0.0000
vn -0.0051 -0.9999 -0.0106
vn -0.0114 -0.9999 -0.0026
vn -0.0178 -0.9998 -0.0041
vn -0.0079 -0.9998 -0.0164
vn -0.0000 0.0000 -1.0000
vn -0.7818 0.0000 -0.6235
vn 0.9749 0.0000 0.2225
vn 0.7818 0.0000 -0.6235
vn -0.4339 0.0000 0.9010
vn 0.4339 0.0000 0.9010
vn -0.9749 0.0000 0.2225
vn 0.0051 -0.9999 -0.0106
vn 0.0114 -0.9999 -0.0026
vn 0.0092 -0.9999 0.0073
vn -0.0000 -0.9999 0.0117
vn -0.0092 -0.9999 0.0073
vn 0.0079 0.9998 -0.0164
vn 0.0178 0.9998 -0.0041
vn 0.0079 -0.9998 -0.0164
vn 0.0143 0.9998 0.0114
vn 0.0178 -0.9998 -0.0041
vn -0.0000 0.9998 0.0182
vn 0.0143 -0.9998 0.0114
vn -0.0079 0.9998 -0.0164
vn -0.0143 -0.9998 0.0114
vn -0.0178 0.9998 -0.0041
vn -0.0000 -0.9998 0.0182
vn -0.0143 0.9998 0.0114
vn -0.7071 -0.0000 0.7071
vn 0.6970 0.0000 -0.7171
vn 0.7109 0.0000 -0.7033
vn 0.7071 0.0000 0.7071
vn 0.0013 -1.0000 -0.0045
vn 0.0011 -1.0000 -0.0046
vn 0.0000 -1.0000 -0.0053
vn -0.7071 0.0000 -0.7071
vn -0.6954 0.0000 -0.7186
vn 0.0000 -1.0000 0.0000
vn 0.0011 -1.0000 -0.0019
vn 0.0013 -1.0000 -0.0023
vn 0.6956 0.0033 -0.7184
vn 0.6829 0.0044 -0.7305
vn 0.6807 0.0805 -0.7282
vn 0.6926 0.0849 -0.7163
vn -0.6827 0.0013 -0.7307
vn -0.6950 0.0006 -0.7190
vn -0.6924 0.0850 -0.7165
vn -0.6802 0.0805 -0.7286
vn 0.7090 0.0043 -0.7052
vn 0.6960 0.0066 -0.7180
vn 0.7081 0.0022 -0.7062
vn -0.6952 0.0013 -0.7189
vn -0.7073 0.0005 0.7069
vn -0.7074 0.0003 0.7068
vn 0.0199 0.9996 0.0199
vn -0.0000 1.0000 0.0100
vn 0.0000 0.9995 -0.0305
vn -0.0198 0.9996 -0.0205
vn -0.6830 0.0025 -0.7304
vn -0.0299 0.9996 0.0000
vn -0.0000 0.9996 0.0299
vn 0.6829 0.0088 -0.7305
vn -0.7077 0.0005 0.7065
vn -0.7075 0.0011 0.7067
vn 0.7048 0.0802 0.7048
vn -0.7048 0.0803 -0.7048
vn 0.7043 0.0894 0.7043
vn 0.7045 0.0851 0.7045
vn -0.7050 0.0850 0.7041
vn -0.7051 0.0893 0.7034
vn 0.7048 0.0803 0.7048
vn 0.0198 0.9996 -0.0205
vn -0.0200 0.9996 0.0199
vn 0.0299 0.9996 0.0000
vn 0.7048 0.0802 -0.7048
vn -0.7048 0.0802 0.7048
vn 0.0027 -1.0000 -0.0055
vn -0.0001 -1.0000 -0.0018
vn -0.0002 -1.0000 -0.0037
vn 0.0054 -1.0000 -0.0056
vn 0.6829 0.0000 -0.7305
vn 0.6970 0.0000 -0.7170
vn -0.6835 0.0000 -0.7299
vn 0.0022 -1.0000 -0.0039
vn 0.7071 0.0000 -0.7071
vn -0.0807 0.9935 0.0806
vn -0.0000 0.9948 0.1014
vn -0.1646 0.9726 0.1644
vn -0.0001 0.9820 0.1889
vn -0.2549 0.9328 0.2546
vn -0.0001 0.9575 0.2885
vn -0.3545 0.8654 0.3541
vn -0.0001 0.9129 0.4081
vn -0.4639 0.7550 0.4634
vn -0.0001 0.8303 0.5573
vn -0.5764 0.5798 0.5758
vn -0.5944 0.5417 0.5944
vn -0.6697 0.3225 0.6689
vn -0.6766 0.2905 0.6766
vn 0.1014 0.9949 0.0000
vn 0.0797 0.9934 -0.0824
vn 0.1888 0.9820 0.0000
vn 0.1621 0.9724 -0.1676
vn 0.2884 0.9575 0.0000
vn 0.2508 0.9326 -0.2594
vn 0.4080 0.9130 0.0000
vn 0.3486 0.8651 -0.3606
vn 0.5572 0.8304 0.0000
vn 0.4561 0.7546 -0.4717
vn 0.5943 0.5419 -0.5943
vn 0.5666 0.5793 -0.5860
vn 0.6766 0.2907 -0.6766
vn 0.6581 0.3221 -0.6806
vn 0.5943 0.5419 0.5943
vn 0.6766 0.2907 0.6766
vn -0.1013 0.9949 0.0000
vn -0.0000 0.9949 0.1013
vn -0.1888 0.9820 0.0001
vn -0.0001 0.9820 0.1888
vn -0.2883 0.9575 0.0001
vn -0.0001 0.9575 0.2883
vn -0.4080 0.9130 0.0001
vn -0.0001 0.9130 0.4080
vn -0.5571 0.8304 0.0001
vn -0.0001 0.8304 0.5571
vn -0.5943 0.5419 0.5943
vn -0.6766 0.2906 0.6766
vn -0.0796 0.9934 -0.0824
vn -0.1619 0.9725 -0.1676
vn -0.2506 0.9327 -0.2594
vn -0.3484 0.8653 -0.3605
vn -0.4558 0.7548 -0.4717
vn -0.5663 0.5795 -0.5861
vn -0.5942 0.5421 -0.5942
vn -0.6578 0.3223 -0.6808
vn -0.6765 0.2908 -0.6765
vn 0.0806 0.9935 0.0806
vn 0.1643 0.9726 0.1643
vn 0.2545 0.9330 0.2545
vn 0.3540 0.8657 0.3540
vn 0.4633 0.7554 0.4633
vn 0.5942 0.5421 0.5942
vn 0.5759 0.5803 0.5759
vn 0.6765 0.2908 0.6765
vn 0.6692 0.3228 0.6692
vn -0.0001 0.9982 0.0604
vn -0.0001 0.9895 0.1447
vn -0.0002 0.9711 0.2386
vn -0.0003 0.9367 0.3501
vn -0.0005 0.8714 0.4906
vn -0.5592 0.6133 0.5579
vn -0.6634 0.3493 0.6618
vn 0.6530 0.2926 -0.6986
vn 0.5731 0.5439 -0.6130
vn 0.0003 0.8229 -0.5683
vn 0.0002 0.9084 -0.4180
vn 0.0002 0.9552 -0.2961
vn 0.0001 0.9810 -0.1939
vn 0.0001 0.9946 -0.1038
vn 0.6625 0.3495 0.6625
vn 0.5583 0.6137 0.5583
vn -0.5726 0.5441 -0.6133
vn -0.6525 0.2928 -0.6989
vn 0.1652 0.0566 -0.9846
vn -0.0000 0.0562 -0.9984
vn 0.1647 0.0566 -0.9847
vn 0.3281 0.0759 0.9416
vn 0.1645 0.0748 0.9835
vn 0.1652 0.0147 0.9861
vn 0.3294 0.0161 0.9440
vn -0.7805 0.0825 0.6197
vn -0.8940 0.0849 0.4400
vn -0.8972 0.0267 0.4408
vn -0.7834 0.0240 0.6210
vn 0.3281 0.0762 -0.9416
vn 0.4886 0.0780 -0.8690
vn 0.4906 0.0184 -0.8712
vn 0.3295 0.0162 -0.9440
vn -0.6418 0.0800 0.7627
vn -0.6443 0.0211 0.7645
vn 0.1646 0.0751 -0.9835
vn 0.1653 0.0148 -0.9861
vn 0.0099 -0.9982 0.0590
vn 0.0000 -0.9982 0.0601
vn -0.0098 -0.9982 0.0590
vn -0.0194 -0.9983 0.0558
vn -0.0283 -0.9983 0.0505
vn -0.0364 -0.9984 0.0432
vn -0.0431 -0.9985 0.0341
vn -0.0482 -0.9986 0.0235
vn -0.0514 -0.9986 0.0119
vn -0.0524 -0.9986 -0.0002
vn -0.0513 -0.9986 -0.0123
vn -0.0480 -0.9986 -0.0238
vn -0.0429 -0.9985 -0.0343
vn -0.0361 -0.9984 -0.0432
vn -0.0281 -0.9983 -0.0504
vn -0.0192 -0.9983 -0.0556
vn -0.0097 -0.9982 -0.0587
vn 0.0000 -0.9982 -0.0598
vn 0.0098 -0.9982 -0.0587
vn 0.0193 -0.9983 -0.0555
vn 0.0281 -0.9983 -0.0503
vn 0.0361 -0.9984 -0.0431
vn 0.0429 -0.9985 -0.0342
vn 0.0480 -0.9986 -0.0238
vn 0.0512 -0.9986 -0.0123
vn 0.0524 -0.9986 -0.0002
vn 0.0513 -0.9986 0.0119
vn 0.0482 -0.9986 0.0235
vn 0.0431 -0.9985 0.0340
vn 0.0364 -0.9984 0.0431
vn 0.0284 -0.9983 0.0504
vn 0.0194 -0.9983 0.0557
vn -0.4886 0.0777 0.8691
vn -0.4905 0.0183 0.8712
vn -0.0000 0.0747 -0.9972
vn -0.0000 0.0143 -0.9999
vn -0.0000 0.0744 0.9972
vn -0.1646 0.0748 0.9835
vn -0.1653 0.0147 0.9861
vn -0.0000 0.0143 0.9999
vn -0.3281 0.0759 0.9416
vn -0.3295 0.0161 0.9440
vn -0.1646 0.0751 -0.9835
vn -0.1653 0.0148 -0.9861
vn 0.6417 0.0800 0.7627
vn 0.4885 0.0777 0.8691
vn 0.4905 0.0183 0.8712
vn 0.6443 0.0211 0.7645
vn -0.3282 0.0762 -0.9415
vn -0.3295 0.0162 -0.9440
vn 0.7804 0.0826 0.6198
vn 0.7834 0.0240 0.6210
vn -0.4886 0.0780 -0.8690
vn -0.4906 0.0184 -0.8712
vn 0.8939 0.0850 0.4401
vn 0.8972 0.0267 0.4409
vn -0.6419 0.0802 -0.7626
vn -0.6444 0.0211 -0.7644
vn 0.9695 0.0868 0.2292
vn 0.9729 0.0286 0.2296
vn -0.7806 0.0828 -0.6196
vn -0.7835 0.0241 -0.6209
vn 0.9962 0.0875 0.0002
vn 0.9996 0.0293 0.0002
vn -0.8941 0.0851 -0.4398
vn -0.8973 0.0267 -0.4406
vn 0.9696 0.0869 -0.2289
vn 0.9729 0.0286 -0.2293
vn -0.9696 0.0868 -0.2289
vn -0.9729 0.0286 -0.2293
vn 0.8940 0.0852 -0.4398
vn 0.8973 0.0267 -0.4406
vn -0.9962 0.0874 0.0002
vn -0.9996 0.0293 0.0002
vn 0.7805 0.0828 -0.6196
vn 0.7835 0.0241 -0.6209
vn -0.9695 0.0867 0.2292
vn -0.9729 0.0286 0.2296
vn 0.6418 0.0803 -0.7626
vn 0.6444 0.0211 -0.7644
vn -0.0000 -0.1713 0.9852
vn 0.1628 -0.1707 0.9718
vn -0.0000 -0.4038 0.9148
vn 0.1512 -0.4040 0.9022
vn 0.0000 -0.6336 0.7737
vn 0.1282 -0.6347 0.7621
vn 0.0001 -0.8220 0.5695
vn 0.0945 -0.8227 0.5605
vn 0.0001 -0.9420 0.3355
vn 0.0557 -0.9423 0.3301
vn 0.0001 -0.9879 0.1550
vn 0.0257 -0.9880 0.1521
vn 0.3247 -0.1692 0.9305
vn 0.3014 -0.4045 0.8634
vn 0.2546 -0.6377 0.7270
vn 0.1872 -0.8250 0.5332
vn 0.1102 -0.9431 0.3136
vn 0.0504 -0.9884 0.1436
vn 0.4837 -0.1669 0.8592
vn 0.4485 -0.4053 0.7966
vn 0.3769 -0.6424 0.6673
vn 0.2759 -0.8287 0.4870
vn 0.1621 -0.9445 0.2858
vn 0.0735 -0.9888 0.1296
vn 0.6357 -0.1638 0.7543
vn 0.5889 -0.4061 0.6988
vn 0.4916 -0.6481 0.5816
vn 0.3576 -0.8333 0.4216
vn 0.2097 -0.9461 0.2466
vn 0.0940 -0.9894 0.1105
vn 0.7735 -0.1602 0.6132
vn 0.7159 -0.4067 0.5676
vn 0.5934 -0.6541 0.4692
vn 0.4284 -0.8383 0.3372
vn 0.2506 -0.9479 0.1965
vn 0.1112 -0.9900 0.0870
vn 0.8864 -0.1568 0.4355
vn 0.8199 -0.4068 0.4029
vn 0.6751 -0.6593 0.3310
vn 0.4838 -0.8428 0.2358
vn 0.2823 -0.9495 0.1367
vn 0.1242 -0.9905 0.0599
vn 0.9616 -0.1542 0.2270
vn 0.8892 -0.4065 0.2100
vn 0.7289 -0.6628 0.1716
vn 0.5192 -0.8460 0.1212
vn 0.3023 -0.9507 0.0697
vn 0.1324 -0.9907 0.0303
vn 0.9883 -0.1528 0.0002
vn 0.9139 -0.4059 0.0003
vn 0.7477 -0.6640 0.0000
vn 0.5313 -0.8472 -0.0006
vn 0.3092 -0.9510 -0.0009
vn 0.1353 -0.9908 -0.0007
vn 0.9619 -0.1532 -0.2267
vn 0.8898 -0.4053 -0.2096
vn 0.7290 -0.6626 -0.1717
vn 0.5190 -0.8460 -0.1223
vn 0.3026 -0.9504 -0.0715
vn 0.1328 -0.9906 -0.0316
vn 0.8868 -0.1550 -0.4354
vn 0.8209 -0.4045 -0.4030
vn 0.6754 -0.6589 -0.3311
vn 0.4836 -0.8427 -0.2367
vn 0.2829 -0.9491 -0.1384
vn 0.1249 -0.9903 -0.0613
vn 0.7739 -0.1578 -0.6133
vn 0.7171 -0.4037 -0.5681
vn 0.5936 -0.6536 -0.4694
vn 0.4284 -0.8380 -0.3381
vn 0.2518 -0.9472 -0.1985
vn 0.1120 -0.9897 -0.0886
vn 0.6361 -0.1609 -0.7546
vn 0.5900 -0.4027 -0.6998
vn 0.4918 -0.6477 -0.5820
vn 0.3578 -0.8328 -0.4225
vn 0.2112 -0.9451 -0.2492
vn 0.0949 -0.9891 -0.1123
vn 0.4840 -0.1637 -0.8596
vn 0.4495 -0.4016 -0.7979
vn 0.3770 -0.6420 -0.6676
vn 0.2763 -0.8279 -0.4881
vn 0.1637 -0.9432 -0.2892
vn 0.0742 -0.9885 -0.1315
vn 0.3249 -0.1660 -0.9311
vn 0.3020 -0.4007 -0.8650
vn 0.2546 -0.6374 -0.7273
vn 0.1876 -0.8240 -0.5346
vn 0.1115 -0.9416 -0.3177
vn 0.0510 -0.9880 -0.1457
vn 0.1629 -0.1674 -0.9723
vn 0.1515 -0.4001 -0.9039
vn 0.1282 -0.6344 -0.7623
vn 0.0948 -0.8216 -0.5622
vn 0.0564 -0.9406 -0.3347
vn 0.0259 -0.9877 -0.1543
vn -0.0000 -0.1679 -0.9858
vn -0.0000 -0.3999 -0.9165
vn 0.0000 -0.6333 -0.7739
vn 0.0001 -0.8207 -0.5713
vn 0.0001 -0.9403 -0.3403
vn 0.0001 -0.9876 -0.1572
vn -0.1630 -0.1675 -0.9723
vn -0.1515 -0.4003 -0.9038
vn -0.1281 -0.6344 -0.7623
vn -0.0946 -0.8216 -0.5622
vn -0.0562 -0.9407 -0.3346
vn -0.0258 -0.9877 -0.1542
vn -0.3250 -0.1662 -0.9310
vn -0.3020 -0.4010 -0.8649
vn -0.2546 -0.6374 -0.7273
vn -0.1874 -0.8241 -0.5346
vn -0.1112 -0.9417 -0.3175
vn -0.0508 -0.9880 -0.1456
vn -0.4840 -0.1641 -0.8595
vn -0.4494 -0.4021 -0.7977
vn -0.3770 -0.6420 -0.6676
vn -0.2761 -0.8280 -0.4881
vn -0.1633 -0.9433 -0.2889
vn -0.0740 -0.9886 -0.1314
vn -0.6361 -0.1614 -0.7545
vn -0.5899 -0.4034 -0.6995
vn -0.4917 -0.6477 -0.5819
vn -0.3576 -0.8328 -0.4225
vn -0.2107 -0.9453 -0.2490
vn -0.0945 -0.9892 -0.1121
vn -0.7739 -0.1585 -0.6132
vn -0.7168 -0.4046 -0.5679
vn -0.5935 -0.6537 -0.4694
vn -0.4282 -0.8380 -0.3381
vn -0.2512 -0.9474 -0.1983
vn -0.1116 -0.9898 -0.0884
vn -0.8867 -0.1559 -0.4353
vn -0.8205 -0.4056 -0.4028
vn -0.6753 -0.6591 -0.3311
vn -0.4835 -0.8427 -0.2368
vn -0.2823 -0.9493 -0.1384
vn -0.1244 -0.9903 -0.0612
vn -0.9617 -0.1542 -0.2266
vn -0.8893 -0.4065 -0.2095
vn -0.7289 -0.6628 -0.1716
vn -0.5190 -0.8460 -0.1224
vn -0.3020 -0.9506 -0.0715
vn -0.1322 -0.9907 -0.0315
vn -0.9881 -0.1539 0.0002
vn -0.9133 -0.4072 0.0003
vn -0.7476 -0.6642 0.0000
vn -0.5313 -0.8472 -0.0006
vn -0.3086 -0.9512 -0.0009
vn -0.1347 -0.9909 -0.0006
vn -0.9615 -0.1552 0.2269
vn -0.8887 -0.4077 0.2098
vn -0.7287 -0.6630 0.1716
vn -0.5191 -0.8461 0.1213
vn -0.3017 -0.9509 0.0697
vn -0.1318 -0.9908 0.0302
vn -0.8863 -0.1577 0.4354
vn -0.8194 -0.4078 0.4027
vn -0.6750 -0.6594 0.3309
vn -0.4836 -0.8429 0.2359
vn -0.2816 -0.9498 0.1366
vn -0.1237 -0.9905 0.0598
vn -0.7735 -0.1610 0.6131
vn -0.7156 -0.4075 0.5673
vn -0.5933 -0.6542 0.4691
vn -0.4282 -0.8384 0.3373
vn -0.2499 -0.9482 0.1963
vn -0.1108 -0.9900 0.0869
vn -0.6357 -0.1644 0.7542
vn -0.5887 -0.4068 0.6985
vn -0.4915 -0.6482 0.5816
vn -0.3573 -0.8334 0.4215
vn -0.2091 -0.9464 0.2463
vn -0.0937 -0.9895 0.1104
vn -0.4837 -0.1673 0.8591
vn -0.4485 -0.4058 0.7964
vn -0.3769 -0.6424 0.6673
vn -0.2756 -0.8288 0.4869
vn -0.1616 -0.9447 0.2855
vn -0.0733 -0.9889 0.1295
vn -0.3248 -0.1695 0.9305
vn -0.3014 -0.4048 0.8633
vn -0.2545 -0.6377 0.7270
vn -0.1870 -0.8252 0.5331
vn -0.1099 -0.9433 0.3133
vn -0.0502 -0.9884 0.1435
vn -0.1629 -0.1709 0.9717
vn -0.1512 -0.4041 0.9021
vn -0.1281 -0.6347 0.7621
vn -0.0944 -0.8228 0.5604
vn -0.0555 -0.9424 0.3299
vn -0.0255 -0.9880 0.1521
vn -0.0159 0.9954 -0.0946
vn -0.0000 0.9954 -0.0961
vn -0.0317 0.9954 -0.0904
vn -0.0316 0.9954 -0.0904
vn -0.0470 0.9954 -0.0831
vn -0.0615 0.9955 -0.0726
vn -0.0744 0.9955 -0.0586
vn -0.0847 0.9956 -0.0412
vn -0.0847 0.9956 -0.0413
vn -0.0913 0.9956 -0.0212
vn -0.0933 0.9956 0.0003
vn -0.0905 0.9957 0.0215
vn -0.0905 0.9957 0.0216
vn -0.0833 0.9957 0.0410
vn -0.0832 0.9957 0.0411
vn -0.0726 0.9957 0.0577
vn -0.0597 0.9957 0.0709
vn -0.0597 0.9957 0.0710
vn -0.0455 0.9957 0.0808
vn -0.0455 0.9957 0.0809
vn -0.0306 0.9957 0.0876
vn -0.0154 0.9957 0.0916
vn -0.0000 0.9957 0.0929
vn 0.0153 0.9957 0.0917
vn 0.0306 0.9957 0.0879
vn 0.0456 0.9957 0.0812
vn 0.0600 0.9956 0.0713
vn 0.0600 0.9956 0.0714
vn 0.0731 0.9956 0.0581
vn 0.0730 0.9956 0.0581
vn 0.0838 0.9956 0.0414
vn 0.0912 0.9956 0.0217
vn 0.0912 0.9956 0.0218
vn 0.0941 0.9956 0.0003
vn 0.0920 0.9955 -0.0214
vn 0.0853 0.9955 -0.0416
vn 0.0748 0.9955 -0.0590
vn 0.0617 0.9954 -0.0730
vn 0.0471 0.9954 -0.0835
vn 0.0317 0.9954 -0.0906
vn 0.0159 0.9954 -0.0948
vn -0.9733 0.0039 0.2296
vn -0.9737 0.0056 0.2277
vn -0.9738 0.0056 0.2275
vn -0.9733 0.0039 0.2297
vn 0.3292 0.0574 0.9425
vn 0.4901 0.0594 0.8696
vn 0.4890 0.0593 0.8703
vn 0.3284 0.0574 0.9428
vn -0.4901 0.0593 0.8696
vn -0.3293 0.0574 0.9425
vn -0.3284 0.0574 0.9428
vn -0.4890 0.0593 0.8703
vn -0.1652 0.0566 -0.9846
vn -0.1647 0.0566 -0.9847
vn 0.6436 0.0618 0.7629
vn 0.6424 0.0618 0.7639
vn -0.1652 0.0562 0.9847
vn -0.1647 0.0562 0.9847
vn -0.3293 0.0577 -0.9425
vn -0.3284 0.0577 -0.9428
vn 0.7823 0.0646 0.6195
vn 0.7813 0.0645 0.6208
vn -0.0000 0.0558 0.9984
vn -0.4902 0.0596 -0.8696
vn -0.4890 0.0596 -0.8702
vn 0.8957 0.0672 0.4397
vn 0.8951 0.0671 0.4408
vn -0.6437 0.0620 -0.7628
vn -0.6425 0.0620 -0.7638
vn 0.9710 0.0690 0.2289
vn 0.9708 0.0690 0.2296
vn -0.7824 0.0647 -0.6193
vn -0.7814 0.0647 -0.6207
vn 0.9976 0.0698 0.0002
vn 0.9976 0.0698 0.0001
vn -0.8958 0.0672 -0.4394
vn -0.8951 0.0672 -0.4407
vn 0.9711 0.0691 -0.2286
vn 0.9709 0.0691 -0.2295
vn -0.9711 0.0690 -0.2286
vn -0.9709 0.0690 -0.2294
vn 0.8957 0.0673 -0.4394
vn 0.8951 0.0673 -0.4407
vn -0.9976 0.0697 0.0002
vn -0.9976 0.0697 0.0001
vn 0.7824 0.0648 -0.6194
vn 0.7814 0.0648 -0.6207
vn -0.9710 0.0689 0.2289
vn -0.9708 0.0689 0.2296
vn 0.6437 0.0621 -0.7628
vn 0.6424 0.0621 -0.7638
vn -0.8957 0.0671 0.4396
vn -0.8951 0.0671 0.4408
vn 0.4902 0.0597 -0.8696
vn 0.4890 0.0596 -0.8702
vn -0.7823 0.0645 0.6195
vn -0.7813 0.0645 0.6208
vn 0.3293 0.0578 -0.9425
vn 0.3284 0.0577 -0.9428
vn 0.1652 0.0563 0.9847
vn 0.1647 0.0563 0.9847
vn -0.6436 0.0618 0.7629
vn -0.6424 0.0618 0.7639
vn -0.0005 -1.0000 -0.0032
vn 0.0000 -1.0000 -0.0032
vn -0.0006 -1.0000 -0.0032
vn -0.0007 -1.0000 -0.0031
vn -0.0006 -1.0000 -0.0029
vn -0.0007 -1.0000 -0.0026
vn -0.0011 -1.0000 -0.0025
vn -0.0012 -1.0000 -0.0023
vn -0.0006 -1.0000 -0.0016
vn -0.0004 -1.0000 -0.0015
vn -0.0166 0.9998 -0.0068
vn -0.0170 0.9998 -0.0083
vn -0.0167 0.9998 -0.0070
vn -0.0168 0.9999 -0.0039
vn -0.0173 0.9999 0.0000
vn -0.0168 0.9999 0.0040
vn -0.0155 0.9999 0.0076
vn -0.0136 0.9999 0.0107
vn -0.0136 0.9998 0.0107
vn -0.0112 0.9998 0.0132
vn -0.0085 0.9998 0.0151
vn -0.0086 0.9998 0.0151
vn -0.0058 0.9998 0.0164
vn -0.0029 0.9998 0.0172
vn -0.0000 0.9998 0.0174
vn 0.0029 0.9998 0.0172
vn 0.0057 0.9998 0.0164
vn 0.0085 0.9998 0.0151
vn 0.0112 0.9998 0.0132
vn 0.0136 0.9999 0.0107
vn 0.0155 0.9999 0.0076
vn 0.0168 0.9999 0.0040
vn 0.0172 0.9999 0.0000
vn 0.0168 0.9999 -0.0039
vn 0.0166 0.9998 -0.0068
vn 0.0167 0.9998 -0.0070
vn 0.0170 0.9998 -0.0083
vn 0.0012 -1.0000 -0.0023
vn 0.0004 -1.0000 -0.0015
vn 0.0006 -1.0000 -0.0016
vn 0.0007 -1.0000 -0.0026
vn 0.0011 -1.0000 -0.0025
vn 0.0007 -1.0000 -0.0031
vn 0.0006 -1.0000 -0.0029
vn 0.0005 -1.0000 -0.0032
vn 0.0006 -1.0000 -0.0032
vn -0.8975 0.0000 -0.4410
vn -0.9733 0.0000 -0.2296
vn 0.6444 0.0032 -0.7647
vn 0.4905 0.0030 -0.8714
vn 0.4905 0.0030 -0.8715
vn 0.6443 0.0032 -0.7648
vn -0.9027 0.0108 0.4302
vn -0.9035 0.0108 0.4284
vn 0.3294 0.0028 -0.9442
vn -0.0000 0.0061 1.0000
vn 0.1652 0.0061 0.9862
vn -0.6433 0.0120 0.7655
vn -0.6435 0.0120 0.7654
vn 0.1652 0.0027 -0.9863
vn 0.3286 0.0072 0.9444
vn -0.4895 0.0095 0.8719
vn -0.4896 0.0095 0.8719
vn -0.0000 0.0026 -1.0000
vn 0.4895 0.0096 0.8720
vn 0.4896 0.0096 0.8719
vn -0.3286 0.0072 0.9444
vn -0.1652 0.0027 -0.9863
vn 0.6433 0.0121 0.7655
vn 0.6435 0.0121 0.7654
vn -0.1652 0.0061 0.9862
vn -0.3294 0.0028 -0.9442
vn 0.9027 0.0109 0.4302
vn 0.9035 0.0109 0.4284
vn -0.4905 0.0030 -0.8714
vn -0.4905 0.0030 -0.8715
vn 0.9737 0.0057 0.2277
vn 0.9738 0.0057 0.2275
vn -0.6444 0.0032 -0.7647
vn -0.6443 0.0032 -0.7648
vn 0.9733 0.0039 0.2296
vn 0.9733 0.0039 0.2297
vn -0.7836 0.0035 -0.6212
vn -0.7835 0.0035 -0.6213
vn 1.0000 0.0040 0.0000
vn -0.8975 0.0038 -0.4410
vn -0.8975 0.0038 -0.4411
vn 0.9733 0.0040 -0.2296
vn 0.9733 0.0040 -0.2297
vn -0.9733 0.0039 -0.2296
vn -0.9733 0.0039 -0.2297
vn 0.8975 0.0038 -0.4410
vn 0.8975 0.0038 -0.4411
vn -1.0000 0.0040 0.0000
vn 0.7836 0.0035 -0.6212
vn 0.7835 0.0035 -0.6213
vn 0.6444 0.0000 -0.7647
vn 0.4905 0.0000 -0.8714
vn 0.9733 0.0000 -0.2296
vn 0.8975 0.0000 -0.4410
vn -0.9999 0.0000 -0.0131
vn 0.7836 0.0000 -0.6212
vn -0.9924 0.0000 0.1232
vn -0.9909 0.0000 0.1344
vn -0.9033 0.0000 0.4290
vn 0.3294 0.0000 -0.9442
vn -0.0000 0.0000 1.0000
vn 0.1652 0.0000 0.9863
vn -0.6444 0.0000 0.7647
vn 0.1652 0.0000 -0.9863
vn 0.3294 0.0000 0.9442
vn -0.4905 0.0000 0.8714
vn 0.4905 0.0000 0.8714
vn -0.3294 0.0000 0.9442
vn -0.1652 0.0000 -0.9863
vn 0.5952 0.0000 0.8036
vn -0.1652 0.0000 0.9863
vn -0.3294 0.0000 -0.9442
vn 0.8815 0.0000 0.4721
vn -0.4905 0.0000 -0.8714
vn 0.9952 0.0000 0.0983
vn -0.6444 0.0000 -0.7647
vn 0.9958 0.0000 0.0918
vn -0.7836 0.0000 -0.6212
vn 0.9997 0.0000 -0.0228
vn -0.9954 0.0000 0.0953
vn -0.9078 0.0000 0.4193
vn 0.2637 0.0000 0.9646
vn 0.4229 0.0000 0.9062
vn -0.4229 0.0000 0.9062
vn 0.5820 0.0000 0.8132
vn -0.2637 0.0000 0.9646
vn 0.8791 0.0000 0.4766
vn 0.9988 0.0000 0.0497
vn 1.0000 0.0000 -0.0015
vn 0.9969 0.0000 -0.0787
vn -0.9984 0.0000 -0.0569
vn -0.9987 0.0000 0.0511
usemtl Material.003
s off
f 88/1/1 36/2/1 37/3/1 86/4/1
f 86/5/2 37/6/2 38/7/2 87/8/2
f 87/8/3 38/7/3 39/9/3 99/10/3
f 99/10/4 39/9/4 40/11/4 89/12/4
f 40/11/5 41/13/5 92/14/5 89/12/5
f 41/13/6 42/15/6 97/16/6 92/14/6
f 42/15/7 43/17/7 96/18/7 97/16/7
f 43/17/8 44/19/8 94/20/8 96/18/8
f 44/19/9 45/21/9 95/22/9 94/20/9
f 45/23/10 46/24/10 93/25/10 95/26/10
f 46/24/11 47/27/11 90/28/11 93/25/11
f 47/27/12 48/29/12 91/30/12 90/28/12
f 48/29/13 49/31/13 98/32/13 91/30/13
f 49/31/14 50/33/14 80/34/14 98/32/14
f 50/33/15 51/35/15 81/36/15 80/34/15
f 51/35/16 52/37/16 79/38/16 81/36/16
f 52/37/17 53/39/17 68/40/17 79/38/17
f 53/39/18 54/41/18 69/42/18 68/40/18
f 54/41/19 55/43/19 70/44/19 69/42/19
f 55/45/20 56/46/20 71/47/20 70/48/20
f 71/47/21 56/46/21 57/49/21 75/50/21
f 75/50/22 57/49/22 58/51/22 76/52/22
f 76/52/23 58/51/23 59/53/23 73/54/23
f 73/54/24 59/53/24 60/55/24 72/56/24
f 72/56/25 60/55/25 61/57/25 74/58/25
f 74/58/26 61/57/26 62/59/26 78/60/26
f 78/61/27 62/62/27 63/63/27 77/64/27
f 77/64/28 63/63/28 64/65/28 82/66/28
f 82/66/29 64/65/29 65/67/29 83/68/29
f 83/68/30 65/67/30 66/69/30 85/70/30
f 85/70/31 66/69/31 67/71/31 84/72/31
f 84/72/32 67/71/32 36/2/32 88/1/32
f 56/73/33 55/74/33 54/75/33 53/76/33 52/77/33 51/78/33 50/79/33 49/80/33 48/81/33 47/82/33 46/83/33 45/84/33 44/85/33 43/86/33 42/87/33 41/88/33 40/89/33 39/90/33 38/91/33 37/92/33 36/93/33 67/94/33 66/95/33 65/96/33 64/97/33 63/98/33 62/99/33 61/100/33 60/101/33 59/102/33 58/103/33 57/104/33
s 1
f 19/105/34 20/106/35 34/107/36 33/108/37
f 70/109/33 11/110/33 12/111/33 98/112/33 80/113/33 81/114/33 79/115/33 68/116/33 69/117/33
f 12/111/33 13/118/33 14/119/33 9/120/33 8/121/33 10/122/33 11/110/33 70/109/33 71/123/33 75/124/33 76/125/33 73/126/33 72/127/33 74/128/33 78/129/33 77/130/33 82/131/33 83/132/33 85/133/33 84/134/33 88/135/33 86/136/33 87/137/33 99/138/33 89/139/33 92/140/33 97/141/33 96/142/33 94/143/33 95/144/33 93/145/33 90/146/33 91/147/33 98/112/33
f 1/148/38 2/149/39 8/150/39 9/151/38
f 6/152/40 7/153/41 14/154/41 13/155/40
f 4/156/42 5/157/43 12/158/43 11/159/42
f 2/160/39 3/161/44 10/162/44 8/163/39
f 7/153/41 1/148/38 9/151/38 14/164/41
f 5/157/43 6/165/40 13/166/40 12/158/43
f 3/161/44 4/167/42 11/168/42 10/162/44
f 20/106/35 19/105/34 18/169/45 17/170/46 15/171/47 16/172/48 21/173/49
f 4/174/50 3/175/51 24/176/51 25/177/50
f 18/169/45 19/105/34 33/108/37 32/178/52
f 3/175/51 2/179/53 22/180/53 24/176/51
f 17/170/46 18/169/45 32/178/52 31/181/54
f 2/179/53 1/182/55 23/183/55 22/180/53
f 15/171/47 17/170/46 31/181/54 29/184/56
f 22/185/39 23/186/38 30/187/38 29/188/39
f 28/189/41 27/190/40 34/191/40 35/192/41
f 26/193/43 25/194/42 32/195/42 33/196/43
f 24/197/44 22/198/39 29/199/39 31/200/44
f 23/186/38 28/201/41 35/202/41 30/187/38
f 27/203/40 26/193/43 33/196/43 34/204/40
f 25/205/42 24/197/44 31/200/44 32/206/42
f 5/207/57 4/174/50 25/177/50 26/208/57
f 20/106/35 21/173/49 35/209/58 34/107/36
f 6/210/59 5/207/57 26/208/57 27/211/59
f 21/173/49 16/172/48 30/212/60 35/209/58
f 7/213/61 6/210/59 27/211/59 28/214/61
f 1/182/55 7/213/61 28/214/61 23/183/55
f 16/172/48 15/171/47 29/184/56 30/212/60
f 131/215/62 101/216/62 103/217/62 132/218/62 215/219/62 214/220/62 213/221/62 212/222/62 211/223/62
f 135/224/63 107/225/63 105/226/64 138/227/64
f 139/228/65 138/229/65 159/230/65 158/231/65
f 102/232/66 106/233/67 104/234/68 100/235/68
f 142/236/69 111/237/69 115/238/70 145/239/70
f 151/240/65 113/241/65 109/242/65 231/243/65 141/244/65 185/245/65 184/246/65 183/247/65 182/248/65 181/249/65
f 110/250/71 114/251/72 112/252/73 108/253/71
f 101/254/65 105/255/65 119/256/65 116/257/65
f 118/258/74 127/259/75 361/260/76 298/261/77
f 127/262/78 122/263/79 335/264/80 361/265/81
f 111/266/62 109/267/62 120/268/62 121/269/62
f 109/242/65 113/241/65 123/270/65 120/271/65
f 105/226/82 107/225/83 118/258/74 119/272/84
f 115/238/85 111/237/69 121/273/69 122/263/79
f 103/217/86 101/216/62 116/274/62 117/275/87
f 113/241/65 128/276/65 129/277/65 123/270/65
f 344/278/88 352/279/89 362/280/90 334/281/91
f 122/263/79 127/262/78 125/282/92 115/238/85
f 334/281/91 325/283/93 316/284/94 344/278/88
f 118/258/74 107/225/83 125/285/95 127/259/75
f 103/217/86 117/275/87 129/286/96 124/287/97
f 116/257/65 119/256/65 308/288/98 280/289/98
f 122/263/79 121/273/69 326/290/99 335/264/80
f 123/270/65 129/277/65 353/291/100 343/292/101
f 129/286/96 117/275/87 290/293/102 353/294/103
f 120/271/65 123/270/65 343/292/101 317/295/104
f 299/296/105 362/280/90 352/279/89 289/297/106
f 299/296/105 289/297/106 281/298/94 307/299/107
f 119/272/84 118/258/74 298/261/77 308/300/108
f 121/269/62 120/268/62 317/301/109 326/302/109
f 105/303/68 101/304/68 103/305/110 107/306/110
f 113/307/111 109/308/71 111/309/71 115/310/111
f 128/311/112 113/307/111 115/310/111 125/312/112
f 125/313/113 107/306/110 103/305/110 124/314/113
f 167/315/114 163/316/63 106/317/115 130/318/114
f 166/319/70 167/320/116 130/321/116 114/322/70
f 106/233/67 102/232/66 370/323/117 112/252/73 114/251/72 130/324/117
f 115/238/70 125/282/116 148/325/116 145/239/70
f 145/239/70 148/325/116 149/326/116 146/327/70
f 146/327/70 149/326/116 150/328/116 147/329/70
f 125/285/114 107/225/63 135/224/63 148/330/114
f 148/330/114 135/224/63 136/331/63 149/332/114
f 149/332/114 136/331/63 137/333/63 150/334/114
f 165/335/69 144/336/69 147/329/70 166/319/70
f 144/336/69 143/337/69 146/327/70 147/329/70
f 143/337/69 142/236/69 145/239/70 146/327/70
f 131/338/65 159/230/65 138/229/65 105/255/65 101/254/65
f 156/339/62 142/340/62 143/341/62 157/342/62
f 163/316/63 137/333/63 140/343/64 164/344/64
f 137/333/63 136/331/63 139/345/64 140/343/64
f 136/331/63 135/224/63 138/227/64 139/345/64
f 230/346/62 205/347/62 134/348/62 162/349/62
f 205/347/62 210/350/62 133/351/62 134/348/62
f 195/352/65 186/353/65 156/354/65 157/355/65
f 181/356/71 190/357/71 155/358/71 151/359/71
f 225/360/62 216/361/62 160/362/62 161/363/62
f 156/339/62 141/364/62 231/365/62 109/267/62 111/266/62 142/340/62
f 211/366/71 220/367/71 159/368/71 131/369/71
f 133/370/33 210/371/33 266/372/33 225/373/33 161/374/33
f 100/375/62 169/376/62 226/377/62 227/378/62 228/379/62 229/380/62 230/346/62 162/349/62 102/381/62
f 106/317/115 163/316/63 164/344/64 104/382/64
f 104/383/65 164/384/65 169/385/65 100/386/65
f 108/387/62 170/388/62 165/389/62 110/390/62
f 110/391/69 165/335/69 166/319/70 114/322/70
f 112/392/65 168/393/65 196/394/65 197/395/65 198/396/65 199/397/65 200/398/65 170/399/65 108/400/65
f 147/329/70 150/328/116 167/320/116 166/319/70
f 150/334/114 137/333/63 163/316/63 167/315/114
f 207/401/33 206/402/33 258/403/33 221/404/33 222/405/33 261/406/33
f 209/407/33 208/408/33 262/409/33 223/410/33 224/411/33 265/412/33
f 266/372/33 265/412/33 224/411/33 225/373/33
f 141/413/71 156/414/71 186/415/71 185/416/71
f 185/416/71 186/415/71 187/417/71 184/418/71
f 184/418/71 187/417/71 188/419/71 183/420/71
f 183/420/71 188/419/71 189/421/71 182/422/71
f 182/422/71 189/421/71 190/357/71 181/356/71
f 154/423/65 155/424/65 190/425/65 191/426/65
f 191/426/65 190/425/65 189/427/65 192/428/65
f 192/428/65 189/427/65 188/429/65 193/430/65
f 193/430/65 188/429/65 187/431/65 194/432/65
f 194/432/65 187/431/65 186/353/65 195/352/65
f 153/433/65 152/434/65 176/435/65 171/436/65
f 172/437/65 177/438/65 178/439/65 173/440/65
f 174/441/65 179/442/65 180/443/65 175/444/65
f 168/393/65 153/433/65 171/436/65 196/394/65
f 197/395/65 172/437/65 173/440/65 198/396/65
f 199/397/65 174/441/65 175/444/65 200/398/65
f 222/405/33 223/410/33 262/409/33 261/406/33
f 158/445/33 221/404/33 258/403/33 257/446/33
f 132/447/71 160/448/71 216/449/71 215/450/71
f 215/450/71 216/449/71 217/451/71 214/452/71
f 214/452/71 217/451/71 218/453/71 213/454/71
f 213/454/71 218/453/71 219/455/71 212/456/71
f 212/456/71 219/455/71 220/367/71 211/366/71
f 158/457/62 159/458/62 220/459/62 221/460/62
f 221/460/62 220/459/62 219/461/62 222/462/62
f 222/462/62 219/461/62 218/463/62 223/464/62
f 223/464/62 218/463/62 217/465/62 224/466/62
f 224/466/62 217/465/62 216/361/62 225/360/62
f 201/467/62 206/468/62 207/469/62 202/470/62
f 203/471/62 208/472/62 209/473/62 204/474/62
f 226/377/62 201/467/62 202/470/62 227/378/62
f 228/379/62 203/471/62 204/474/62 229/380/62
f 232/475/65 233/476/65 234/477/65 235/478/65
f 200/479/33 232/480/33 235/481/33 170/482/33
f 236/483/65 237/484/65 238/485/65 239/486/65
f 240/487/65 241/488/65 242/489/65 243/490/65
f 244/491/65 245/492/65 246/493/65 247/494/65
f 248/495/65 249/496/65 250/497/65 251/498/65
f 196/499/33 248/500/33 251/501/33 197/502/33
f 252/503/65 253/504/65 254/505/65 255/506/65
f 198/507/33 252/508/33 255/509/33 199/510/33
f 256/511/62 257/512/62 258/513/62 259/514/62
f 260/515/62 261/516/62 262/517/62 263/518/62
f 264/519/62 265/520/62 266/521/62 267/522/62
f 268/523/62 269/524/62 270/525/62 271/526/62
f 169/527/33 268/528/33 271/529/33 226/530/33
f 272/531/62 273/532/62 274/533/62 275/534/62
f 227/535/33 272/536/33 275/537/33 228/538/33
f 276/539/62 277/540/62 278/541/62 279/542/62
f 229/543/33 276/544/33 279/545/33 230/546/33
f 191/547/33 192/548/33 242/549/33 241/550/33
f 193/551/33 194/552/33 246/553/33 245/554/33
f 195/555/33 157/556/33 238/557/33 237/558/33
f 180/559/33 179/560/33 246/553/33 194/552/33 195/555/33 237/558/33
f 178/561/33 177/562/33 242/549/33 192/548/33 193/551/33 245/554/33
f 176/563/33 152/564/33 154/565/33 191/547/33 241/550/33
f 180/566/62 237/567/62 236/568/62 232/569/62 200/570/62 175/571/62
f 173/572/62 178/573/62 245/574/62 244/575/62 253/576/62 252/577/62 198/578/62
f 171/579/62 176/580/62 241/581/62 240/582/62 249/583/62 248/584/62 196/585/62
f 174/586/118 199/587/118 255/588/118 254/589/118 247/590/118 246/591/118 179/592/118
f 172/593/118 197/594/118 251/595/118 250/596/118 243/597/118 242/598/118 177/599/118
f 157/342/62 143/341/62 144/600/62 165/389/62 170/388/62 235/601/62 234/602/62 239/603/62 238/604/62
f 266/605/65 210/606/65 205/607/65 230/608/65 279/609/65 278/610/65 267/611/65
f 209/612/69 265/613/69 264/614/69 277/615/69 276/616/69 229/617/69 204/618/69
f 207/619/69 261/620/69 260/621/69 273/622/69 272/623/69 227/624/69 202/625/69
f 262/626/65 208/627/65 203/628/65 228/629/65 275/630/65 274/631/65 263/632/65
f 258/633/65 206/634/65 201/635/65 226/636/65 271/637/65 270/638/65 259/639/65
f 140/640/65 139/228/65 158/231/65 257/641/65 256/642/65 269/643/65 268/644/65 169/385/65 164/384/65
f 281/298/94 289/297/106 291/645/119 288/646/120
f 288/646/120 291/645/119 292/647/121 287/648/122
f 287/648/122 292/647/121 293/649/123 286/650/124
f 286/650/124 293/649/123 294/651/125 285/652/126
f 285/652/126 294/651/125 295/653/127 284/654/128
f 284/654/128 295/653/127 296/655/129 283/656/130
f 283/657/130 296/658/129 297/659/131 282/660/132
f 282/660/132 297/659/131 290/293/102 280/661/109
f 299/296/105 307/299/107 309/662/133 306/663/134
f 306/663/134 309/662/133 310/664/135 305/665/136
f 305/665/136 310/664/135 311/666/137 304/667/138
f 304/667/138 311/666/137 312/668/139 303/669/140
f 303/669/140 312/668/139 313/670/141 302/671/142
f 302/671/142 313/670/141 314/672/143 301/673/144
f 301/674/144 314/675/143 315/676/145 300/677/146
f 300/677/146 315/676/145 308/300/108 298/261/77
f 307/299/107 281/298/94 288/646/120 309/662/133
f 309/662/133 288/646/120 287/648/122 310/664/135
f 310/664/135 287/648/122 286/650/124 311/666/137
f 311/666/137 286/650/124 285/652/126 312/668/139
f 312/668/139 285/652/126 284/654/128 313/670/141
f 313/670/141 284/654/128 283/656/147 314/672/147
f 314/678/147 283/679/147 282/680/148 315/681/148
f 315/681/148 282/680/148 280/289/98 308/288/98
f 316/284/94 325/283/93 327/682/149 318/683/150
f 318/683/150 327/682/149 328/684/151 319/685/152
f 319/685/152 328/684/151 329/686/153 320/687/154
f 320/687/154 329/686/153 330/688/155 321/689/156
f 321/689/156 330/688/155 331/690/157 322/691/158
f 322/691/158 331/690/157 332/692/159 323/693/159
f 323/694/159 332/695/159 333/696/160 324/697/160
f 324/697/160 333/696/160 326/302/109 317/301/109
f 325/283/93 334/281/91 336/698/161 327/682/149
f 327/682/149 336/698/161 337/699/162 328/684/151
f 328/684/151 337/699/162 338/700/163 329/686/153
f 329/686/153 338/700/163 339/701/164 330/688/155
f 330/688/155 339/701/164 340/702/165 331/690/157
f 331/690/157 340/702/165 341/703/166 332/692/167
f 332/704/167 341/705/166 342/706/168 333/707/169
f 333/707/169 342/706/168 335/264/80 326/290/99
f 344/278/88 316/284/94 318/683/150 351/708/170
f 351/708/170 318/683/150 319/685/152 350/709/171
f 350/709/171 319/685/152 320/687/154 349/710/172
f 349/710/172 320/687/154 321/689/156 348/711/173
f 348/711/173 321/689/156 322/691/158 347/712/174
f 347/712/174 322/691/158 323/693/175 346/713/176
f 346/714/176 323/715/175 324/716/177 345/717/178
f 345/717/178 324/716/177 317/295/104 343/292/101
f 289/297/106 352/279/89 354/718/179 291/645/119
f 291/645/119 354/718/179 355/719/180 292/647/121
f 292/647/121 355/719/180 356/720/181 293/649/123
f 293/649/123 356/720/181 357/721/182 294/651/125
f 294/651/125 357/721/182 358/722/183 295/653/127
f 295/653/127 358/722/183 359/723/184 296/655/129
f 296/658/129 359/724/184 360/725/185 297/659/131
f 297/659/131 360/725/185 353/294/103 290/293/102
f 298/261/77 361/260/76 363/726/186 300/677/146
f 300/727/146 363/728/186 364/729/187 301/673/144
f 301/673/144 364/729/187 365/730/188 302/671/142
f 302/671/142 365/730/188 366/731/189 303/669/140
f 303/669/140 366/731/189 367/732/190 304/667/138
f 304/667/138 367/732/190 368/733/191 305/665/136
f 305/665/136 368/733/191 369/734/192 306/663/134
f 306/663/134 369/734/192 362/280/90 299/296/105
f 343/292/101 353/291/100 360/735/193 345/717/178
f 345/717/178 360/735/193 359/736/194 346/714/176
f 346/713/176 359/723/194 358/722/183 347/712/174
f 347/712/174 358/722/183 357/721/182 348/711/173
f 348/711/173 357/721/182 356/720/181 349/710/172
f 349/710/172 356/720/181 355/719/180 350/709/171
f 350/709/171 355/719/180 354/718/179 351/708/170
f 351/708/170 354/718/179 352/279/89 344/278/88
f 334/281/91 362/280/90 369/734/192 336/698/161
f 336/698/161 369/734/192 368/733/191 337/699/162
f 337/699/162 368/733/191 367/732/190 338/700/163
f 338/700/163 367/732/190 366/731/189 339/701/164
f 339/701/164 366/731/189 365/730/188 340/702/165
f 340/702/165 365/730/188 364/729/195 341/703/166
f 341/705/166 364/737/195 363/738/196 342/706/168
f 342/706/168 363/738/196 361/265/81 335/264/80
f 117/275/87 116/274/62 280/661/109 290/293/102
f 386/739/197 387/740/198 739/741/198 738/742/199
f 661/743/200 659/744/201 404/745/202 420/746/203
f 686/747/204 685/748/205 612/749/206 620/750/207
f 673/751/208 672/752/209 508/753/210 516/754/211
f 687/755/212 686/747/204 620/750/207 628/756/213
f 674/757/214 673/751/208 516/754/211 524/758/215
f 403/759/216 412/760/217 651/761/218 643/762/219 635/763/220 627/764/221 619/765/222 611/766/223 603/767/224 595/768/225 587/769/226 579/770/227 571/771/228 563/772/229 555/773/230 547/774/231 539/775/232 531/776/233 523/777/234 515/778/235 507/779/236 499/780/237 491/781/238 483/782/239 475/783/240 467/784/241 459/785/242 451/786/243 443/787/244 435/788/245 427/789/246 419/790/247
f 688/791/248 687/755/212 628/756/213 636/792/249
f 675/793/250 674/757/214 524/758/215 532/794/251
f 660/795/252 690/796/253 652/797/254 411/798/255
f 689/799/256 688/791/248 636/792/249 644/800/257
f 676/801/258 675/793/250 532/794/251 540/802/259
f 663/803/260 662/804/261 428/805/262 436/806/263
f 690/807/253 689/799/256 644/800/257 652/808/254
f 677/809/264 676/801/258 540/802/259 548/810/265
f 664/811/266 663/803/260 436/806/263 444/812/267
f 678/813/268 677/809/264 548/810/265 556/814/269
f 665/815/270 664/811/266 444/812/267 452/816/271
f 662/804/261 661/743/200 420/746/203 428/805/262
f 679/817/272 678/813/268 556/814/269 564/818/273
f 666/819/274 665/820/270 452/821/271 460/822/275
f 680/823/276 679/817/272 564/818/273 572/824/277
f 667/825/278 666/819/274 460/822/275 468/826/279
f 681/827/280 680/823/276 572/824/277 580/828/281
f 668/829/282 667/825/278 468/826/279 476/830/283
f 682/831/284 681/827/280 580/828/281 588/832/285
f 669/833/286 668/829/282 476/830/283 484/834/287
f 683/835/288 682/836/284 588/837/285 596/838/289
f 670/839/290 669/833/286 484/834/287 492/840/291
f 684/841/292 683/835/288 596/838/289 604/842/293
f 671/843/294 670/839/290 492/840/291 500/844/295
f 685/748/205 684/841/292 604/842/293 612/749/206
f 672/845/209 671/843/294 500/844/295 508/846/210
f 404/745/202 411/798/255 413/847/296 410/848/297
f 410/848/297 413/847/296 414/849/298 409/850/299
f 409/850/299 414/849/298 415/851/300 408/852/301
f 408/853/301 415/854/300 416/855/302 407/856/303
f 407/856/303 416/855/302 417/857/304 406/858/305
f 406/858/305 417/857/304 418/859/306 405/860/307
f 405/860/307 418/859/306 412/760/217 403/759/216
f 420/746/203 404/745/202 410/848/297 426/861/308
f 426/861/308 410/848/297 409/850/299 425/862/309
f 425/862/309 409/850/299 408/852/301 424/863/310
f 424/864/310 408/853/301 407/856/303 423/865/311
f 423/865/311 407/856/303 406/858/305 422/866/312
f 422/866/312 406/858/305 405/860/307 421/867/313
f 421/867/313 405/860/307 403/759/216 419/790/247
f 428/805/262 420/746/203 426/861/308 434/868/314
f 434/868/314 426/861/308 425/862/309 433/869/315
f 433/869/315 425/862/309 424/863/310 432/870/316
f 432/871/316 424/864/310 423/865/311 431/872/317
f 431/872/317 423/865/311 422/866/312 430/873/318
f 430/873/318 422/866/312 421/867/313 429/874/319
f 429/874/319 421/867/313 419/790/247 427/789/246
f 436/806/263 428/805/262 434/868/314 442/875/320
f 442/875/320 434/868/314 433/869/315 441/876/321
f 441/876/321 433/869/315 432/870/316 440/877/322
f 440/878/322 432/871/316 431/872/317 439/879/323
f 439/879/323 431/872/317 430/873/318 438/880/324
f 438/880/324 430/873/318 429/874/319 437/881/325
f 437/881/325 429/874/319 427/789/246 435/788/245
f 444/812/267 436/806/263 442/875/320 450/882/326
f 450/882/326 442/875/320 441/876/321 449/883/327
f 449/883/327 441/876/321 440/877/322 448/884/328
f 448/885/328 440/878/322 439/879/323 447/886/329
f 447/886/329 439/879/323 438/880/324 446/887/330
f 446/887/330 438/880/324 437/881/325 445/888/331
f 445/888/331 437/881/325 435/788/245 443/787/244
f 452/816/271 444/812/267 450/882/326 458/889/332
f 458/889/332 450/882/326 449/883/327 457/890/333
f 457/890/333 449/883/327 448/884/328 456/891/334
f 456/892/334 448/885/328 447/886/329 455/893/335
f 455/893/335 447/886/329 446/887/330 454/894/336
f 454/894/336 446/887/330 445/888/331 453/895/337
f 453/895/337 445/888/331 443/787/244 451/786/243
f 460/822/275 452/821/271 458/896/332 466/897/338
f 466/897/338 458/896/332 457/898/333 465/899/339
f 465/899/339 457/898/333 456/900/334 464/901/340
f 464/902/340 456/892/334 455/893/335 463/903/341
f 463/903/341 455/893/335 454/894/336 462/904/342
f 462/904/342 454/894/336 453/895/337 461/905/343
f 461/905/343 453/895/337 451/786/243 459/785/242
f 468/826/279 460/822/275 466/897/338 474/906/344
f 474/906/344 466/897/338 465/899/339 473/907/345
f 473/907/345 465/899/339 464/901/340 472/908/346
f 472/909/346 464/902/340 463/903/341 471/910/347
f 471/910/347 463/903/341 462/904/342 470/911/348
f 470/911/348 462/904/342 461/905/343 469/912/349
f 469/912/349 461/905/343 459/785/242 467/784/241
f 476/830/283 468/826/279 474/906/344 482/913/350
f 482/913/350 474/906/344 473/907/345 481/914/351
f 481/914/351 473/907/345 472/908/346 480/915/352
f 480/916/352 472/909/346 471/910/347 479/917/353
f 479/917/353 471/910/347 470/911/348 478/918/354
f 478/918/354 470/911/348 469/912/349 477/919/355
f 477/919/355 469/912/349 467/784/241 475/783/240
f 484/834/287 476/830/283 482/913/350 490/920/356
f 490/920/356 482/913/350 481/914/351 489/921/357
f 489/921/357 481/914/351 480/915/352 488/922/358
f 488/923/358 480/916/352 479/917/353 487/924/359
f 487/924/359 479/917/353 478/918/354 486/925/360
f 486/925/360 478/918/354 477/919/355 485/926/361
f 485/926/361 477/919/355 475/783/240 483/782/239
f 492/840/291 484/834/287 490/920/356 498/927/362
f 498/927/362 490/920/356 489/921/357 497/928/363
f 497/928/363 489/921/357 488/922/358 496/929/364
f 496/930/364 488/923/358 487/924/359 495/931/365
f 495/931/365 487/924/359 486/925/360 494/932/366
f 494/932/366 486/925/360 485/926/361 493/933/367
f 493/933/367 485/926/361 483/782/239 491/781/238
f 500/844/295 492/840/291 498/927/362 506/934/368
f 506/934/368 498/927/362 497/928/363 505/935/369
f 505/936/369 497/937/363 496/930/364 504/938/370
f 504/938/370 496/930/364 495/931/365 503/939/371
f 503/939/371 495/931/365 494/932/366 502/940/372
f 502/940/372 494/932/366 493/933/367 501/941/373
f 501/941/373 493/933/367 491/781/238 499/780/237
f 508/846/210 500/844/295 506/934/368 514/942/374
f 514/942/374 506/934/368 505/935/369 513/943/375
f 513/944/375 505/936/369 504/938/370 512/945/376
f 512/945/376 504/938/370 503/939/371 511/946/377
f 511/946/377 503/939/371 502/940/372 510/947/378
f 510/947/378 502/940/372 501/941/373 509/948/379
f 509/948/379 501/941/373 499/780/237 507/779/236
f 516/754/211 508/753/210 514/949/374 522/950/380
f 522/950/380 514/949/374 513/951/375 521/952/381
f 521/953/381 513/944/375 512/945/376 520/954/382
f 520/954/382 512/945/376 511/946/377 519/955/383
f 519/955/383 511/946/377 510/947/378 518/956/384
f 518/956/384 510/947/378 509/948/379 517/957/385
f 517/957/385 509/948/379 507/779/236 515/778/235
f 524/758/215 516/754/211 522/950/380 530/958/386
f 530/958/386 522/950/380 521/952/381 529/959/387
f 529/960/387 521/953/381 520/954/382 528/961/388
f 528/961/388 520/954/382 519/955/383 527/962/389
f 527/962/389 519/955/383 518/956/384 526/963/390
f 526/963/390 518/956/384 517/957/385 525/964/391
f 525/964/391 517/957/385 515/778/235 523/777/234
f 532/794/251 524/758/215 530/958/386 538/965/392
f 538/965/392 530/958/386 529/959/387 537/966/393
f 537/966/393 529/959/387 528/967/388 536/968/394
f 536/969/394 528/961/388 527/962/389 535/970/395
f 535/970/395 527/962/389 526/963/390 534/971/396
f 534/971/396 526/963/390 525/964/391 533/972/397
f 533/972/397 525/964/391 523/777/234 531/776/233
f 540/802/259 532/794/251 538/965/392 546/973/398
f 546/973/398 538/965/392 537/966/393 545/974/399
f 545/974/399 537/966/393 536/968/394 544/975/400
f 544/976/400 536/969/394 535/970/395 543/977/401
f 543/977/401 535/970/395 534/971/396 542/978/402
f 542/978/402 534/971/396 533/972/397 541/979/403
f 541/979/403 533/972/397 531/776/233 539/775/232
f 548/810/265 540/802/259 546/973/398 554/980/404
f 554/980/404 546/973/398 545/974/399 553/981/405
f 553/981/405 545/974/399 544/975/400 552/982/406
f 552/983/406 544/976/400 543/977/401 551/984/407
f 551/984/407 543/977/401 542/978/402 550/985/408
f 550/985/408 542/978/402 541/979/403 549/986/409
f 549/986/409 541/979/403 539/775/232 547/774/231
f 556/814/269 548/810/265 554/980/404 562/987/410
f 562/987/410 554/980/404 553/981/405 561/988/411
f 561/988/411 553/981/405 552/982/406 560/989/412
f 560/990/412 552/983/406 551/984/407 559/991/413
f 559/991/413 551/984/407 550/985/408 558/992/414
f 558/992/414 550/985/408 549/986/409 557/993/415
f 557/993/415 549/986/409 547/774/231 555/773/230
f 564/818/273 556/814/269 562/987/410 570/994/416
f 570/994/416 562/987/410 561/988/411 569/995/417
f 569/995/417 561/988/411 560/989/412 568/996/418
f 568/997/418 560/990/412 559/991/413 567/998/419
f 567/998/419 559/991/413 558/992/414 566/999/420
f 566/999/420 558/992/414 557/993/415 565/1000/421
f 565/1000/421 557/993/415 555/773/230 563/772/229
f 572/824/277 564/818/273 570/994/416 578/1001/422
f 578/1001/422 570/994/416 569/995/417 577/1002/423
f 577/1002/423 569/995/417 568/996/418 576/1003/424
f 576/1004/424 568/997/418 567/998/419 575/1005/425
f 575/1005/425 567/998/419 566/999/420 574/1006/426
f 574/1006/426 566/999/420 565/1000/421 573/1007/427
f 573/1007/427 565/1000/421 563/772/229 571/771/228
f 580/828/281 572/824/277 578/1001/422 586/1008/428
f 586/1008/428 578/1001/422 577/1002/423 585/1009/429
f 585/1010/429 577/1011/423 576/1004/424 584/1012/430
f 584/1012/430 576/1004/424 575/1005/425 583/1013/431
f 583/1013/431 575/1005/425 574/1006/426 582/1014/432
f 582/1014/432 574/1006/426 573/1007/427 581/1015/433
f 581/1015/433 573/1007/427 571/771/228 579/770/227
f 588/832/285 580/828/281 586/1008/428 594/1016/434
f 594/1016/434 586/1008/428 585/1009/429 593/1017/435
f 593/1018/435 585/1010/429 584/1012/430 592/1019/436
f 592/1019/436 584/1012/430 583/1013/431 591/1020/437
f 591/1020/437 583/1013/431 582/1014/432 590/1021/438
f 590/1021/438 582/1014/432 581/1015/433 589/1022/439
f 589/1022/439 581/1015/433 579/770/227 587/769/226
f 596/838/289 588/837/285 594/1023/434 602/1024/440
f 602/1024/440 594/1023/434 593/1025/435 601/1026/441
f 601/1027/441 593/1018/435 592/1019/436 600/1028/442
f 600/1028/442 592/1019/436 591/1020/437 599/1029/443
f 599/1029/443 591/1020/437 590/1021/438 598/1030/444
f 598/1030/444 590/1021/438 589/1022/439 597/1031/445
f 597/1031/445 589/1022/439 587/769/226 595/768/225
f 604/842/293 596/838/289 602/1024/440 610/1032/446
f 610/1032/446 602/1024/440 601/1026/441 609/1033/447
f 609/1034/447 601/1027/441 600/1028/442 608/1035/448
f 608/1035/448 600/1028/442 599/1029/443 607/1036/449
f 607/1036/449 599/1029/443 598/1030/444 606/1037/450
f 606/1037/450 598/1030/444 597/1031/445 605/1038/451
f 605/1038/451 597/1031/445 595/768/225 603/767/224
f 612/749/206 604/842/293 610/1032/446 618/1039/452
f 618/1039/452 610/1032/446 609/1033/447 617/1040/453
f 617/1040/453 609/1033/447 608/1041/448 616/1042/454
f 616/1043/454 608/1035/448 607/1036/449 615/1044/455
f 615/1044/455 607/1036/449 606/1037/450 614/1045/456
f 614/1045/456 606/1037/450 605/1038/451 613/1046/457
f 613/1046/457 605/1038/451 603/767/224 611/766/223
f 620/750/207 612/749/206 618/1039/452 626/1047/458
f 626/1047/458 618/1039/452 617/1040/453 625/1048/459
f 625/1048/459 617/1040/453 616/1042/454 624/1049/460
f 624/1050/460 616/1043/454 615/1044/455 623/1051/461
f 623/1051/461 615/1044/455 614/1045/456 622/1052/462
f 622/1052/462 614/1045/456 613/1046/457 621/1053/463
f 621/1053/463 613/1046/457 611/766/223 619/765/222
f 628/756/213 620/750/207 626/1047/458 634/1054/464
f 634/1054/464 626/1047/458 625/1048/459 633/1055/465
f 633/1055/465 625/1048/459 624/1049/460 632/1056/466
f 632/1057/466 624/1050/460 623/1051/461 631/1058/467
f 631/1058/467 623/1051/461 622/1052/462 630/1059/468
f 630/1059/468 622/1052/462 621/1053/463 629/1060/469
f 629/1060/469 621/1053/463 619/765/222 627/764/221
f 636/792/249 628/756/213 634/1054/464 642/1061/470
f 642/1061/470 634/1054/464 633/1055/465 641/1062/471
f 641/1062/471 633/1055/465 632/1056/466 640/1063/472
f 640/1064/472 632/1057/466 631/1058/467 639/1065/473
f 639/1065/473 631/1058/467 630/1059/468 638/1066/474
f 638/1066/474 630/1059/468 629/1060/469 637/1067/475
f 637/1067/475 629/1060/469 627/764/221 635/763/220
f 644/800/257 636/792/249 642/1061/470 650/1068/476
f 650/1068/476 642/1061/470 641/1062/471 649/1069/477
f 649/1069/477 641/1062/471 640/1063/472 648/1070/478
f 648/1071/478 640/1064/472 639/1065/473 647/1072/479
f 647/1072/479 639/1065/473 638/1066/474 646/1073/480
f 646/1073/480 638/1066/474 637/1067/475 645/1074/481
f 645/1074/481 637/1067/475 635/763/220 643/762/219
f 652/808/254 644/800/257 650/1068/476 658/1075/482
f 658/1075/482 650/1068/476 649/1069/477 657/1076/483
f 657/1077/483 649/1078/477 648/1071/478 656/1079/484
f 656/1079/484 648/1071/478 647/1072/479 655/1080/485
f 655/1080/485 647/1072/479 646/1073/480 654/1081/486
f 654/1081/486 646/1073/480 645/1074/481 653/1082/487
f 653/1082/487 645/1074/481 643/762/219 651/761/218
f 411/798/255 652/797/254 658/1083/482 413/847/296
f 413/847/296 658/1083/482 657/1084/483 414/849/298
f 414/1085/298 657/1077/483 656/1079/484 415/854/300
f 415/854/300 656/1079/484 655/1080/485 416/855/302
f 416/855/302 655/1080/485 654/1081/486 417/857/304
f 417/857/304 654/1081/486 653/1082/487 418/859/306
f 418/859/306 653/1082/487 651/761/218 412/760/217
f 659/744/201 660/795/252 411/798/255 404/745/202
f 372/1086/488 371/1087/489 660/1088/489 659/1089/488
f 373/1090/490 372/1086/488 659/1089/488 661/1091/491
f 374/1092/492 373/1090/490 661/1091/491 662/1093/492
f 375/1094/493 374/1092/492 662/1093/492 663/1095/493
f 376/1096/494 375/1094/493 663/1095/493 664/1097/494
f 377/1098/495 376/1096/494 664/1097/494 665/1099/496
f 378/1100/497 377/1098/495 665/1099/496 666/1101/497
f 379/1102/498 378/1100/497 666/1101/497 667/1103/498
f 380/1104/499 379/1102/498 667/1103/498 668/1105/500
f 381/1106/501 380/1104/499 668/1105/500 669/1107/502
f 382/1108/503 381/1106/501 669/1107/502 670/1109/503
f 383/1110/504 382/1108/503 670/1109/503 671/1111/505
f 384/1112/506 383/1110/504 671/1111/505 672/1113/507
f 385/1114/508 384/1112/506 672/1113/507 673/1115/508
f 386/1116/509 385/1114/508 673/1115/508 674/1117/509
f 387/1118/510 386/1116/509 674/1117/509 675/1119/510
f 388/1120/511 387/1118/510 675/1119/510 676/1121/511
f 389/1122/512 388/1120/511 676/1121/511 677/1123/512
f 390/1124/513 389/1122/512 677/1123/512 678/1125/513
f 391/1126/514 390/1124/513 678/1125/513 679/1127/515
f 392/1128/516 391/1126/514 679/1127/515 680/1129/517
f 393/1130/518 392/1128/516 680/1129/517 681/1131/518
f 394/1132/519 393/1130/518 681/1131/518 682/1133/520
f 395/1134/521 394/1132/519 682/1133/520 683/1135/521
f 396/1136/522 395/1134/521 683/1135/521 684/1137/522
f 397/1138/523 396/1136/522 684/1137/522 685/1139/523
f 398/1140/524 397/1138/523 685/1139/523 686/1141/524
f 399/1142/525 398/1140/524 686/1141/524 687/1143/525
f 400/1144/526 399/1142/525 687/1143/525 688/1145/526
f 401/1146/527 400/1144/526 688/1145/526 689/1147/527
f 402/1148/528 401/1146/527 689/1147/527 690/1149/528
f 371/1087/489 402/1148/528 690/1149/528 660/1088/489
f 716/1150/529 717/1151/530 813/1152/531 812/1153/532
f 373/1154/533 374/1155/534 726/1156/535 725/1157/536
f 400/1158/537 401/1159/538 753/1160/539 752/1161/540
f 387/740/198 388/1162/541 740/1163/542 739/741/198
f 374/1155/534 375/1164/543 727/1165/544 726/1156/535
f 401/1159/538 402/1166/545 754/1167/546 753/1160/539
f 388/1162/541 389/1168/547 741/1169/548 740/1163/542
f 375/1164/543 376/1170/549 728/1171/550 727/1165/544
f 402/1172/545 371/1173/551 724/1174/551 754/1175/546
f 389/1168/547 390/1176/552 742/1177/553 741/1169/548
f 376/1170/549 377/1178/554 729/1179/555 728/1171/550
f 390/1176/552 391/1180/556 743/1181/557 742/1177/553
f 377/1182/554 378/1183/558 730/1184/559 729/1185/555
f 391/1180/556 392/1186/560 744/1187/561 743/1181/557
f 378/1183/558 379/1188/562 731/1189/563 730/1184/559
f 392/1186/560 393/1190/564 745/1191/565 744/1187/561
f 379/1188/562 380/1192/566 732/1193/567 731/1189/563
f 393/1190/564 394/1194/568 746/1195/569 745/1191/565
f 380/1192/566 381/1196/570 733/1197/571 732/1193/567
f 394/1198/568 395/1199/572 747/1200/573 746/1201/569
f 381/1196/570 382/1202/574 734/1203/575 733/1197/571
f 395/1199/572 396/1204/576 748/1205/577 747/1200/573
f 382/1202/574 383/1206/578 735/1207/579 734/1203/575
f 396/1204/576 397/1208/580 749/1209/581 748/1205/577
f 383/1206/578 384/1210/582 736/1211/583 735/1207/579
f 397/1208/580 398/1212/584 750/1213/585 749/1209/581
f 384/1214/582 385/1215/586 737/1216/587 736/1217/583
f 371/1173/551 372/1218/588 723/1219/589 724/1174/551
f 398/1212/584 399/1220/590 751/1221/591 750/1213/585
f 385/1215/586 386/739/197 738/742/199 737/1216/587
f 372/1218/588 373/1154/533 725/1157/536 723/1219/589
f 399/1220/590 400/1158/537 752/1161/540 751/1221/591
f 691/1222/592 692/1223/593 724/1224/593 723/1225/594
f 693/1226/595 691/1222/592 723/1225/594 725/1227/596
f 694/1228/597 693/1226/595 725/1227/596 726/1229/598
f 695/1230/599 694/1228/597 726/1229/598 727/1231/600
f 696/1232/601 695/1230/599 727/1231/600 728/1233/601
f 697/1234/602 696/1235/603 728/1236/603 729/1237/604
f 698/1238/605 697/1234/602 729/1237/604 730/1239/605
f 699/1240/606 698/1238/605 730/1239/605 731/1241/606
f 700/1242/607 699/1240/606 731/1241/606 732/1243/607
f 701/1244/608 700/1242/607 732/1243/607 733/1245/608
f 702/1246/609 701/1244/608 733/1245/608 734/1247/610
f 703/1248/611 702/1246/609 734/1247/610 735/1249/611
f 704/1250/612 703/1248/611 735/1249/611 736/1251/613
f 705/1252/614 704/1250/612 736/1251/613 737/1253/614
f 706/1254/615 705/1252/614 737/1253/614 738/1255/615
f 707/1256/616 706/1254/615 738/1255/615 739/1257/616
f 708/1258/617 707/1256/616 739/1257/616 740/1259/617
f 709/1260/618 708/1258/617 740/1259/617 741/1261/618
f 710/1262/619 709/1260/618 741/1261/618 742/1263/619
f 711/1264/620 710/1262/619 742/1263/619 743/1265/620
f 712/1266/621 711/1264/620 743/1265/620 744/1267/621
f 713/1268/622 712/1266/621 744/1267/621 745/1269/622
f 714/1270/623 713/1268/622 745/1269/622 746/1271/623
f 715/1272/624 714/1270/623 746/1271/623 747/1273/624
f 716/1274/625 715/1272/624 747/1273/624 748/1275/625
f 717/1276/626 716/1274/625 748/1275/625 749/1277/627
f 718/1278/628 717/1276/626 749/1277/627 750/1279/628
f 719/1280/629 718/1281/630 750/1282/630 751/1283/631
f 720/1284/632 719/1280/629 751/1283/631 752/1285/633
f 721/1286/634 720/1284/632 752/1285/633 753/1287/635
f 722/1288/636 721/1286/634 753/1287/635 754/1289/637
f 692/1223/593 722/1288/636 754/1289/637 724/1224/593
f 777/1290/638 778/1291/639 874/1292/639 873/1293/638
f 703/1294/640 704/1295/641 800/1296/642 799/1297/643
f 717/1151/530 718/1298/644 814/1299/645 813/1152/531
f 704/1300/641 705/1301/646 801/1302/646 800/1303/642
f 692/1304/647 691/1305/648 787/1306/648 788/1307/647
f 718/1298/644 719/1308/649 815/1309/650 814/1299/645
f 705/1301/646 706/1310/651 802/1311/651 801/1302/646
f 691/1305/648 693/1312/652 789/1313/652 787/1306/648
f 719/1308/649 720/1314/653 816/1315/654 815/1309/650
f 706/1310/651 707/1316/655 803/1317/655 802/1311/651
f 693/1312/652 694/1318/656 790/1319/657 789/1313/652
f 720/1314/653 721/1320/658 817/1321/658 816/1315/654
f 707/1316/655 708/1322/659 804/1323/659 803/1317/655
f 694/1318/656 695/1324/660 791/1325/661 790/1319/657
f 721/1320/658 722/1326/662 818/1327/662 817/1321/658
f 708/1322/659 709/1328/663 805/1329/663 804/1323/659
f 695/1324/660 696/1330/664 792/1331/665 791/1325/661
f 722/1332/662 692/1304/647 788/1307/647 818/1333/662
f 709/1328/663 710/1334/666 806/1335/667 805/1329/663
f 696/1336/664 697/1337/668 793/1338/669 792/1339/665
f 710/1334/666 711/1340/670 807/1341/671 806/1335/667
f 697/1337/668 698/1342/672 794/1343/673 793/1338/669
f 711/1340/670 712/1344/674 808/1345/675 807/1341/671
f 698/1342/672 699/1346/676 795/1347/676 794/1343/673
f 712/1344/674 713/1348/677 809/1349/678 808/1345/675
f 699/1346/676 700/1350/679 796/1351/680 795/1347/676
f 713/1348/677 714/1352/681 810/1353/682 809/1349/678
f 700/1350/679 701/1354/683 797/1355/684 796/1351/680
f 714/1356/681 715/1357/685 811/1358/685 810/1359/682
f 701/1354/683 702/1360/686 798/1361/687 797/1355/684
f 715/1357/685 716/1150/529 812/1153/532 811/1358/685
f 702/1360/686 703/1294/640 799/1297/643 798/1361/687
f 755/1362/33 756/1363/33 788/1364/33 787/1365/33
f 757/1366/33 755/1362/33 787/1365/33 789/1367/33
f 758/1368/33 757/1366/33 789/1367/33 790/1369/33
f 759/1370/33 758/1368/33 790/1369/33 791/1371/33
f 760/1372/33 759/1370/33 791/1371/33 792/1373/33
f 761/1374/33 760/1372/33 792/1373/33 793/1375/33
f 762/1376/33 761/1374/33 793/1375/33 794/1377/33
f 763/1378/33 762/1376/33 794/1377/33 795/1379/33
f 764/1380/33 763/1378/33 795/1379/33 796/1381/33
f 765/1382/33 764/1380/33 796/1381/33 797/1383/33
f 766/1384/33 765/1382/33 797/1383/33 798/1385/33
f 767/1386/33 766/1384/33 798/1385/33 799/1387/33
f 768/1388/33 767/1386/33 799/1387/33 800/1389/33
f 769/1390/33 768/1388/33 800/1389/33 801/1391/33
f 770/1392/33 769/1390/33 801/1391/33 802/1393/33
f 771/1394/33 770/1392/33 802/1393/33 803/1395/33
f 772/1396/33 771/1394/33 803/1395/33 804/1397/33
f 773/1398/33 772/1396/33 804/1397/33 805/1399/33
f 774/1400/33 773/1398/33 805/1399/33 806/1401/33
f 775/1402/33 774/1400/33 806/1401/33 807/1403/33
f 776/1404/33 775/1402/33 807/1403/33 808/1405/33
f 777/1406/33 776/1404/33 808/1405/33 809/1407/33
f 778/1408/33 777/1406/33 809/1407/33 810/1409/33
f 779/1410/33 778/1408/33 810/1409/33 811/1411/33
f 780/1412/33 779/1410/33 811/1411/33 812/1413/33
f 781/1414/33 780/1412/33 812/1413/33 813/1415/33
f 782/1416/33 781/1414/33 813/1415/33 814/1417/33
f 783/1418/33 782/1416/33 814/1417/33 815/1419/33
f 784/1420/33 783/1418/33 815/1419/33 816/1421/33
f 785/1422/33 784/1420/33 816/1421/33 817/1423/33
f 786/1424/33 785/1422/33 817/1423/33 818/1425/33
f 756/1363/33 786/1424/33 818/1425/33 788/1364/33
f 831/1426/688 832/1427/689 896/1428/689 895/1429/688
f 764/1430/690 765/1431/691 861/1432/691 860/1433/690
f 778/1434/639 779/1435/692 875/1436/692 874/1437/639
f 765/1431/691 766/1438/693 862/1439/693 861/1432/691
f 779/1435/692 780/1440/694 876/1441/694 875/1436/692
f 766/1438/693 767/1442/688 863/1443/688 862/1439/693
f 780/1440/694 781/1444/695 877/1445/695 876/1441/694
f 767/1442/688 768/1446/689 864/1447/689 863/1443/688
f 781/1444/695 782/1448/696 878/1449/696 877/1445/695
f 768/1450/689 769/1451/697 865/1452/697 864/1453/689
f 756/1454/698 755/1455/699 851/1456/699 852/1457/698
f 782/1448/696 783/1458/700 879/1459/700 878/1449/696
f 769/1451/697 770/1460/701 866/1461/701 865/1452/697
f 755/1455/699 757/1462/702 853/1463/702 851/1456/699
f 783/1458/700 784/1464/703 880/1465/703 879/1459/700
f 770/1460/701 771/1466/38 867/1467/38 866/1461/701
f 757/1462/702 758/1468/704 854/1469/704 853/1463/702
f 784/1464/703 785/1470/705 881/1471/705 880/1465/703
f 771/1466/38 772/1472/706 868/1473/706 867/1467/38
f 758/1468/704 759/1474/707 855/1475/707 854/1469/704
f 785/1470/705 786/1476/708 882/1477/708 881/1471/705
f 772/1472/706 773/1478/709 869/1479/709 868/1473/706
f 759/1474/707 760/1480/710 856/1481/710 855/1475/707
f 786/1482/708 756/1454/698 852/1457/698 882/1483/708
f 773/1478/709 774/1484/711 870/1485/711 869/1479/709
f 760/1486/710 761/1487/712 857/1488/712 856/1489/710
f 774/1484/711 775/1490/713 871/1491/713 870/1485/711
f 761/1487/712 762/1492/714 858/1493/714 857/1488/712
f 775/1490/713 776/1494/715 872/1495/715 871/1491/713
f 762/1492/714 763/1496/716 859/1497/716 858/1493/714
f 776/1494/715 777/1290/638 873/1293/638 872/1495/715
f 763/1496/716 764/1430/690 860/1433/690 859/1497/716
f 819/1498/33 820/1499/33 852/1500/33 851/1501/33
f 821/1502/33 819/1498/33 851/1501/33 853/1503/33
f 822/1504/33 821/1502/33 853/1503/33 854/1505/33
f 823/1506/33 822/1504/33 854/1505/33 855/1507/33
f 824/1508/33 823/1506/33 855/1507/33 856/1509/33
f 825/1510/33 824/1508/33 856/1509/33 857/1511/33
f 826/1512/33 825/1510/33 857/1511/33 858/1513/33
f 827/1514/33 826/1512/33 858/1513/33 859/1515/33
f 828/1516/33 827/1514/33 859/1515/33 860/1517/33
f 829/1518/33 828/1516/33 860/1517/33 861/1519/33
f 830/1520/33 829/1518/33 861/1519/33 862/1521/33
f 831/1522/33 830/1520/33 862/1521/33 863/1523/33
f 832/1524/33 831/1522/33 863/1523/33 864/1525/33
f 833/1526/33 832/1524/33 864/1525/33 865/1527/33
f 834/1528/33 833/1526/33 865/1527/33 866/1529/33
f 835/1530/33 834/1528/33 866/1529/33 867/1531/33
f 836/1532/33 835/1530/33 867/1531/33 868/1533/33
f 837/1534/33 836/1532/33 868/1533/33 869/1535/33
f 838/1536/33 837/1534/33 869/1535/33 870/1537/33
f 839/1538/33 838/1536/33 870/1537/33 871/1539/33
f 840/1540/33 839/1538/33 871/1539/33 872/1541/33
f 841/1542/33 840/1540/33 872/1541/33 873/1543/33
f 842/1544/33 841/1542/33 873/1543/33 874/1545/33
f 843/1546/33 842/1544/33 874/1545/33 875/1547/33
f 844/1548/33 843/1546/33 875/1547/33 876/1549/33
f 845/1550/33 844/1548/33 876/1549/33 877/1551/33
f 846/1552/33 845/1550/33 877/1551/33 878/1553/33
f 847/1554/33 846/1552/33 878/1553/33 879/1555/33
f 848/1556/33 847/1554/33 879/1555/33 880/1557/33
f 849/1558/33 848/1556/33 880/1557/33 881/1559/33
f 850/1560/33 849/1558/33 881/1559/33 882/1561/33
f 820/1499/33 850/1560/33 882/1561/33 852/1500/33
f 883/1562/33 885/1563/33 886/1564/33 887/1565/33 888/1566/33 889/1567/33 890/1568/33 891/1569/33 892/1570/33 893/1571/33 894/1572/33 895/1573/33 896/1574/33 897/1575/33 898/1576/33 899/1577/33 900/1578/33 901/1579/33 902/1580/33 903/1581/33 904/1582/33 905/1583/33 906/1584/33 907/1585/33 908/1586/33 909/1587/33 910/1588/33 911/1589/33 912/1590/33 913/1591/33 914/1592/33 884/1593/33
f 845/1594/717 846/1595/718 910/1596/718 909/1597/717
f 832/1598/689 833/1599/697 897/1600/697 896/1601/689
f 820/1602/698 819/1603/719 883/1604/719 884/1605/698
f 846/1595/718 847/1606/700 911/1607/700 910/1596/718
f 833/1599/697 834/1608/701 898/1609/701 897/1600/697
f 819/1603/719 821/1610/720 885/1611/720 883/1604/719
f 847/1606/700 848/1612/703 912/1613/703 911/1607/700
f 834/1608/701 835/1614/38 899/1615/38 898/1609/701
f 821/1610/720 822/1616/704 886/1617/704 885/1611/720
f 848/1612/703 849/1618/721 913/1619/721 912/1613/703
f 835/1614/38 836/1620/706 900/1621/706 899/1615/38
f 822/1616/704 823/1622/722 887/1623/722 886/1617/704
f 849/1618/721 850/1624/723 914/1625/723 913/1619/721
f 836/1620/706 837/1626/709 901/1627/709 900/1621/706
f 823/1622/722 824/1628/724 888/1629/724 887/1623/722
f 850/1630/723 820/1602/698 884/1605/698 914/1631/723
f 837/1626/709 838/1632/711 902/1633/711 901/1627/709
f 824/1634/724 825/1635/725 889/1636/725 888/1637/724
f 838/1632/711 839/1638/713 903/1639/713 902/1633/711
f 825/1635/725 826/1640/726 890/1641/726 889/1636/725
f 839/1638/713 840/1642/715 904/1643/715 903/1639/713
f 826/1640/726 827/1644/727 891/1645/727 890/1641/726
f 840/1642/715 841/1646/638 905/1647/638 904/1643/715
f 827/1644/727 828/1648/690 892/1649/690 891/1645/727
f 841/1646/638 842/1650/639 906/1651/639 905/1647/638
f 828/1648/690 829/1652/691 893/1653/691 892/1649/690
f 842/1654/639 843/1655/728 907/1656/728 906/1657/639
f 829/1652/691 830/1658/693 894/1659/693 893/1653/691
f 843/1655/728 844/1660/729 908/1661/729 907/1656/728
f 830/1658/693 831/1426/688 895/1429/688 894/1659/693
f 844/1660/729 845/1594/717 909/1597/717 908/1661/729
l 126 129
l 117 126
o Plane.002_Plane.003
v -5.114425 3.181225 1.958360
v -2.849763 3.181225 1.958360
v -5.114425 5.236617 1.007536
v -2.849763 5.236617 1.007536
v -5.114425 5.250588 1.060336
v -5.114425 3.195197 2.011159
v -2.849763 3.195197 2.011159
v -2.849763 5.250588 1.060336
v -6.291920 1.918934 2.564046
v 6.291709 1.918934 2.564046
v -6.291920 1.918934 -11.742370
v 6.291709 1.918934 -11.742370
v -2.097377 1.918934 2.564046
v 2.097166 1.918934 2.564046
v 2.097166 1.918934 -11.742370
v -2.097377 1.918934 -11.742370
v -1.748941 9.972155 -1.152385
v 1.748730 9.972155 -1.152385
v 1.748730 9.972156 -11.742371
v -1.748941 9.972156 -11.742371
v -6.291920 1.918935 -4.545022
v 6.291709 1.918935 -4.545022
v -1.748941 9.972155 -6.414704
v 1.748730 9.972155 -6.414704
v -0.000106 1.918934 2.564046
v -0.000106 1.918934 -11.742370
v -0.000106 9.972155 -1.152385
v -0.000106 9.972157 -11.742371
v -0.000106 10.612373 -6.414705
v -0.000106 9.972157 -7.739396
v -5.246612 9.260092 -11.742370
v -4.379073 9.972156 -11.742371
v -4.379073 9.972155 -1.152385
v -5.246612 9.260091 -0.823779
v 5.246400 9.260091 -0.823779
v 4.378861 9.972155 -1.152385
v 4.378861 9.972156 -11.742371
v 5.246400 9.260092 -11.742370
v -4.379073 9.972155 -6.414705
v -5.246612 9.260092 -6.249389
v 5.246400 9.260092 -6.249388
v 4.378861 9.972155 -6.414704
v 0.458754 5.766660 0.788383
v -0.234030 9.579195 -0.971040
v 0.233819 5.698427 0.819872
v -0.000106 9.602234 -0.981672
v -0.000106 9.602234 -0.981672
v 0.996874 6.208284 0.584581
v 1.175912 6.640520 0.385111
v 1.107679 6.415586 0.488915
v -0.000106 5.675387 0.830504
v -0.000106 5.675387 0.830504
v -0.458965 9.510962 -0.939552
v -0.234030 5.698427 0.819872
v -0.458965 5.766660 0.788383
v -0.666266 5.877465 0.737248
v 0.458754 9.510962 -0.939551
v 0.666055 5.877464 0.737248
v -0.847967 6.026583 0.668433
v 0.233819 9.579194 -0.971040
v 0.847756 6.026583 0.668433
v 0.847756 9.251039 -0.819602
v 1.107679 8.862036 -0.640083
v 1.198952 8.403177 -0.428327
v 1.175912 8.637102 -0.536280
v 0.996874 9.069338 -0.735750
v -0.997085 6.208284 0.584581
v 0.666055 9.400156 -0.888417
v -1.107890 6.415585 0.488915
v -1.176123 6.640520 0.385111
v -1.199163 8.403177 -0.428327
v -1.176123 8.637102 -0.536280
v -1.107890 8.862036 -0.640083
v -0.997086 9.069337 -0.735750
v -0.847967 9.251039 -0.819602
v -0.666266 9.400156 -0.888417
v -6.091130 1.918935 2.335766
v 6.090919 1.918935 2.335766
v -6.091130 1.918935 -11.514091
v 6.090919 1.918935 -11.514091
v -2.030447 1.918935 2.335766
v 2.030236 1.918935 2.335766
v 2.030236 1.918935 -11.514091
v -2.030447 1.918935 -11.514091
v -1.693130 9.715154 -1.262063
v 1.692919 9.715154 -1.262063
v 1.692919 9.715153 -11.514091
v -1.693130 9.715153 -11.514091
v -6.091130 1.918934 -4.546431
v 6.090919 1.918934 -4.546431
v -1.693130 9.715153 -6.356446
v 1.692919 9.715153 -6.356446
v -0.000106 1.918935 2.335766
v -0.000106 1.918935 -11.514091
v -0.000106 9.715154 -1.262063
v -0.000106 9.715155 -11.514091
v -0.000106 10.334941 -6.356447
v -0.000106 9.715155 -7.638863
v -5.079180 9.025814 -11.514091
v -4.239327 9.715153 -11.514091
v -4.239327 9.715154 -1.262063
v -5.079180 9.025813 -0.943944
v 5.078969 9.025813 -0.943944
v 4.239116 9.715154 -1.262063
v 4.239116 9.715153 -11.514091
v 5.078969 9.025814 -11.514091
v -4.239327 9.715153 -6.356447
v -5.079180 9.025814 -6.196406
v 5.078969 9.025814 -6.196405
v 4.239116 9.715153 -6.356446
v -0.000106 1.918935 2.335766
v -0.000106 1.918935 -11.514091
v -2.097377 1.918935 -11.514091
v -6.091130 1.918935 -4.545022
v 2.097166 1.918935 -11.514091
v 2.097166 1.918935 2.335766
v -2.097377 1.918935 2.335766
v 6.090919 1.918935 -4.545022
v 4.244991 6.780409 0.320554
v 2.165433 8.540760 -0.491820
v 2.165433 8.835820 -0.627985
v 2.805369 8.540760 -0.491820
v 2.805369 6.780409 0.320554
v 4.244991 8.835820 -0.627985
v 4.244991 8.540760 -0.491820
v 2.805369 8.835820 -0.627985
v 4.244991 6.778347 0.093226
v 2.165433 8.538699 -0.719148
v 2.165433 8.833758 -0.855314
v 2.805369 8.538699 -0.719148
v 2.805369 6.778347 0.093226
v 4.244991 8.833758 -0.855314
v 4.244991 8.538699 -0.719148
v 2.805369 8.833758 -0.855314
v 0.458754 4.666008 -2.148662
v -0.234030 8.478543 -3.908085
v 0.233819 4.597775 -2.117174
v -0.000106 8.501583 -3.918717
v -0.000106 8.501583 -3.918717
v 0.996874 5.107633 -2.352465
v 1.175912 5.539868 -2.551934
v 1.107679 5.314934 -2.448131
v -0.000106 4.574736 -2.106541
v -0.000106 4.574736 -2.106541
v -0.458965 8.410311 -3.876597
v -0.234030 4.597775 -2.117174
v -0.458965 4.666008 -2.148662
v -0.666266 4.776814 -2.199797
v 0.458754 8.410311 -3.876596
v 0.666055 4.776814 -2.199797
v -0.847967 4.925931 -2.268613
v 0.233819 8.478543 -3.908085
v 0.847756 4.925931 -2.268613
v 0.847756 8.150387 -3.756646
v 1.107679 7.761385 -3.577129
v 1.198952 7.302525 -3.365373
v 1.175912 7.536449 -3.473325
v 0.996874 7.968686 -3.672794
v -0.997085 5.107632 -2.352465
v 0.666055 8.299505 -3.825462
v -1.107890 5.314933 -2.448131
v -1.176123 5.539868 -2.551934
v -1.199163 7.302526 -3.365373
v -1.176123 7.536449 -3.473325
v -1.107890 7.761385 -3.577129
v -0.997086 7.968686 -3.672794
v -0.847967 8.150387 -3.756646
v -0.666266 8.299505 -3.825462
v 4.244991 6.778347 -4.508788
v 2.165433 8.538699 -5.321163
v 2.165433 8.833758 -5.457328
v 2.805369 8.538699 -5.321163
v 2.805369 6.778347 -4.508788
v 4.244991 8.833758 -5.457328
v 4.244991 8.538699 -5.321163
v 2.805369 8.833758 -5.457328
v 2.849551 3.181226 1.958307
v 5.114213 3.181226 1.958307
v 2.849551 5.236617 1.007483
v 5.114213 5.236617 1.007483
v 2.849551 5.250588 1.060283
v 2.849551 3.195197 2.011107
v 5.114213 3.195197 2.011107
v 5.114213 5.250588 1.060283
v -0.000106 6.873346 -3.525838
v -0.000106 7.514573 -0.223824
v 0.195053 6.854095 -3.520431
v 0.149615 7.499804 -0.219676
v 0.382712 6.797082 -3.504418
v 0.293582 7.456065 -0.207391
v 0.555659 6.704497 -3.478413
v 0.426263 7.385036 -0.187441
v 0.707249 6.579899 -3.443417
v 0.542558 7.289447 -0.160593
v 0.831655 6.428076 -3.400774
v 0.638000 7.172973 -0.127878
v 0.924097 6.254861 -3.352123
v 0.708919 7.040087 -0.090554
v 0.981023 6.066913 -3.299334
v 0.752591 6.895898 -0.050056
v 1.000244 5.871454 -3.244435
v 0.767337 6.745946 -0.007939
v 0.981023 5.675994 -3.189536
v 0.752591 6.595995 0.034178
v 0.924097 5.488046 -3.136747
v 0.708919 6.451806 0.074677
v 0.831655 5.314832 -3.088096
v 0.638000 6.318921 0.112001
v 0.707249 5.163008 -3.045453
v 0.542558 6.202445 0.144715
v 0.555659 5.038410 -3.010457
v 0.426263 6.106857 0.171564
v 0.382712 4.945826 -2.984452
v 0.293582 6.035828 0.191514
v 0.195053 4.888812 -2.968439
v 0.149615 5.992089 0.203799
v -0.000106 4.869561 -2.963032
v -0.000106 5.977320 0.207947
v -0.195264 4.888812 -2.968439
v -0.149826 5.992089 0.203799
v -0.382923 4.945826 -2.984452
v -0.293793 6.035828 0.191514
v -0.555870 5.038410 -3.010457
v -0.426474 6.106857 0.171564
v -0.707460 5.163008 -3.045453
v -0.542770 6.202445 0.144715
v -0.831866 5.314832 -3.088096
v -0.638211 6.318920 0.112001
v -0.924308 5.488046 -3.136747
v -0.709130 6.451806 0.074677
v -0.981234 5.675994 -3.189536
v -0.752802 6.595995 0.034178
v -1.000455 5.871454 -3.244435
v -0.767548 6.745946 -0.007939
v -0.981234 6.066913 -3.299334
v -0.752802 6.895898 -0.050056
v -0.924308 6.254861 -3.352123
v -0.709130 7.040087 -0.090554
v -0.831866 6.428075 -3.400774
v -0.638211 7.172972 -0.127878
v -0.707460 6.579899 -3.443417
v -0.542770 7.289447 -0.160593
v -0.555870 6.704497 -3.478413
v -0.426474 7.385036 -0.187441
v -0.382923 6.797082 -3.504418
v -0.293793 7.456065 -0.207391
v -0.195264 6.854095 -3.520431
v -0.149826 7.499804 -0.219676
v 0.195053 7.728588 -0.283935
v -0.000106 7.747839 -0.289342
v 0.382712 7.671575 -0.267922
v 0.555659 7.578990 -0.241917
v 0.707249 7.454392 -0.206921
v 0.831655 7.302568 -0.164278
v 0.924097 7.129354 -0.115627
v 0.981023 6.941406 -0.062838
v 1.000244 6.745946 -0.007939
v 0.981023 6.550487 0.046960
v 0.924097 6.362538 0.099750
v 0.831655 6.189324 0.148401
v 0.707249 6.037501 0.191044
v 0.555659 5.912903 0.226040
v 0.382712 5.820318 0.252044
v 0.195053 5.763304 0.268058
v -0.000106 5.744053 0.273465
v -0.195264 5.763304 0.268058
v -0.382923 5.820318 0.252044
v -0.555870 5.912903 0.226040
v -0.707460 6.037501 0.191044
v -0.831866 6.189324 0.148401
v -0.924308 6.362538 0.099750
v -0.981234 6.550487 0.046960
v -1.000455 6.745946 -0.007939
v -0.981234 6.941406 -0.062838
v -0.924308 7.129354 -0.115627
v -0.831866 7.302568 -0.164278
v -0.707460 7.454391 -0.206921
v -0.555870 7.578990 -0.241917
v -0.382923 7.671575 -0.267922
v -0.195264 7.728589 -0.283935
v 0.119601 9.592813 7.812655
v -0.000106 9.604620 7.809339
v 0.234707 9.557841 7.822478
v 0.340789 9.501052 7.838428
v 0.433771 9.424625 7.859894
v 0.510080 9.331501 7.886051
v 0.566782 9.225254 7.915893
v 0.601699 9.109971 7.948272
v 0.613489 8.990080 7.981946
v 0.601699 8.870189 8.015620
v 0.566782 8.754905 8.048000
v 0.510080 8.648659 8.077842
v 0.433771 8.555533 8.103998
v 0.340789 8.479107 8.125464
v 0.234707 8.422318 8.141416
v 0.119601 8.387346 8.151237
v -0.000106 8.375538 8.154553
v -0.119812 8.387346 8.151237
v -0.234918 8.422318 8.141416
v -0.341001 8.479107 8.125464
v -0.433983 8.555533 8.103998
v -0.510291 8.648659 8.077842
v -0.566993 8.754905 8.048000
v -0.601911 8.870189 8.015620
v -0.613701 8.990080 7.981946
v -0.601911 9.109971 7.948272
v -0.566993 9.225254 7.915893
v -0.510291 9.331501 7.886051
v -0.433983 9.424625 7.859894
v -0.341001 9.501052 7.838428
v -0.234918 9.557841 7.822478
v -0.119812 9.592813 7.812655
v 0.149615 9.743937 7.770209
v -0.000106 9.758706 7.766061
v 0.293582 9.700197 7.782495
v 0.426263 9.629169 7.802444
v 0.542558 9.533581 7.829292
v 0.638000 9.417106 7.862006
v 0.708919 9.284220 7.899331
v 0.752591 9.140032 7.939829
v 0.767337 8.990080 7.981946
v 0.752591 8.840128 8.024063
v 0.708919 8.695939 8.064562
v 0.638000 8.563053 8.101886
v 0.542558 8.446578 8.134601
v 0.426263 8.350990 8.161448
v 0.293582 8.279961 8.181398
v 0.149615 8.236222 8.193684
v -0.000106 8.221453 8.197832
v -0.149826 8.236222 8.193684
v -0.293793 8.279961 8.181398
v -0.426474 8.350990 8.161448
v -0.542770 8.446578 8.134601
v -0.638211 8.563053 8.101886
v -0.709130 8.695938 8.064562
v -0.752802 8.840128 8.024063
v -0.767548 8.990080 7.981946
v -0.752802 9.140032 7.939829
v -0.709130 9.284220 7.899331
v -0.638211 9.417106 7.862007
v -0.542770 9.533581 7.829292
v -0.426474 9.629169 7.802444
v -0.293793 9.700197 7.782495
v -0.149826 9.743937 7.770209
v 0.119604 12.468533 18.051208
v -0.000103 12.480340 18.047894
v 0.234710 12.433561 18.061031
v 0.340792 12.376772 18.076982
v 0.433774 12.300345 18.098448
v 0.510083 12.207220 18.124605
v 0.566785 12.100973 18.154446
v 0.601702 11.985691 18.186825
v 0.613492 11.865799 18.220501
v 0.601702 11.745908 18.254173
v 0.566785 11.630625 18.286554
v 0.510083 11.524378 18.316395
v 0.433774 11.431253 18.342552
v 0.340792 11.354826 18.364017
v 0.234710 11.298037 18.379967
v 0.119604 11.263066 18.389791
v -0.000103 11.251258 18.393106
v -0.119809 11.263066 18.389791
v -0.234915 11.298037 18.379967
v -0.340998 11.354827 18.364017
v -0.433980 11.431253 18.342552
v -0.510288 11.524378 18.316395
v -0.566990 11.630625 18.286554
v -0.601907 11.745908 18.254173
v -0.613697 11.865799 18.220501
v -0.601907 11.985691 18.186825
v -0.566990 12.100974 18.154446
v -0.510288 12.207220 18.124605
v -0.433980 12.300345 18.098448
v -0.340998 12.376772 18.076982
v -0.234915 12.433561 18.061031
v -0.119809 12.468533 18.051208
v 0.141647 12.634056 18.214184
v -0.000103 12.648040 18.210255
v 0.277951 12.592646 18.225815
v 0.403568 12.525398 18.244703
v 0.513672 12.434898 18.270123
v 0.604034 12.324623 18.301096
v 0.671177 12.198812 18.336432
v 0.712524 12.062299 18.374775
v 0.726486 11.920330 18.414650
v 0.712524 11.778360 18.454523
v 0.671177 11.641848 18.492867
v 0.604034 11.516037 18.528204
v 0.513672 11.405762 18.559177
v 0.403568 11.315262 18.584597
v 0.277950 11.248014 18.603483
v 0.141647 11.206604 18.615114
v -0.000103 11.192621 18.619041
v -0.141853 11.206604 18.615114
v -0.278156 11.248014 18.603483
v -0.403774 11.315262 18.584597
v -0.513878 11.405762 18.559177
v -0.604239 11.516036 18.528204
v -0.671383 11.641848 18.492867
v -0.712730 11.778360 18.454523
v -0.726691 11.920330 18.414650
v -0.712730 12.062299 18.374775
v -0.671383 12.198812 18.336432
v -0.604239 12.324623 18.301096
v -0.513878 12.434898 18.270123
v -0.403774 12.525398 18.244703
v -0.278156 12.592646 18.225815
v -0.141853 12.634056 18.214182
v 0.131292 12.919224 19.429752
v -0.000103 12.932184 19.426111
v 0.257638 12.880837 19.440535
v 0.374079 12.818502 19.458040
v 0.476140 12.734613 19.481606
v 0.559900 12.632396 19.510315
v 0.622139 12.515775 19.543070
v 0.660466 12.389235 19.578611
v 0.673407 12.257636 19.615574
v 0.660466 12.126038 19.652536
v 0.622139 11.999498 19.688076
v 0.559900 11.882877 19.720833
v 0.476140 11.780659 19.749542
v 0.374079 11.696770 19.773106
v 0.257638 11.634435 19.790613
v 0.131292 11.596048 19.801395
v -0.000103 11.583088 19.805037
v -0.131498 11.596048 19.801395
v -0.257844 11.634435 19.790613
v -0.374285 11.696770 19.773106
v -0.476347 11.780659 19.749542
v -0.560106 11.882877 19.720833
v -0.622345 11.999497 19.688076
v -0.660672 12.126038 19.652536
v -0.673613 12.257636 19.615574
v -0.660672 12.389235 19.578611
v -0.622345 12.515776 19.543068
v -0.560106 12.632396 19.510315
v -0.476347 12.734613 19.481606
v -0.374285 12.818502 19.458040
v -0.257844 12.880837 19.440535
v -0.131498 12.919224 19.429752
v 0.125102 12.562128 18.278095
v -0.000103 12.574480 18.274626
v 0.245496 12.525551 18.288368
v 0.356452 12.466152 18.305050
v 0.453704 12.386217 18.327503
v 0.533519 12.288813 18.354860
v 0.592826 12.177687 18.386072
v 0.629346 12.057107 18.419941
v 0.641678 11.931708 18.455162
v 0.629346 11.806311 18.490383
v 0.592826 11.685731 18.524250
v 0.533519 11.574604 18.555462
v 0.453704 11.477201 18.582821
v 0.356451 11.397264 18.605270
v 0.245496 11.337866 18.621956
v 0.125102 11.301289 18.632229
v -0.000103 11.288939 18.635696
v -0.125308 11.301289 18.632229
v -0.245702 11.337866 18.621956
v -0.356658 11.397264 18.605270
v -0.453911 11.477201 18.582821
v -0.533725 11.574604 18.555462
v -0.593031 11.685731 18.524250
v -0.629552 11.806310 18.490383
v -0.641884 11.931708 18.455162
v -0.629552 12.057107 18.419941
v -0.593031 12.177687 18.386072
v -0.533725 12.288813 18.354860
v -0.453911 12.386217 18.327503
v -0.356658 12.466152 18.305050
v -0.245702 12.525551 18.288368
v -0.125308 12.562129 18.278095
v 0.102639 12.394698 18.116442
v -0.000103 12.404833 18.113596
v 0.201433 12.364683 18.124874
v 0.292482 12.315941 18.138563
v 0.372287 12.250346 18.156986
v 0.437781 12.170419 18.179436
v 0.486447 12.079229 18.205050
v 0.516416 11.980283 18.232841
v 0.526535 11.877382 18.261742
v 0.516416 11.774483 18.290644
v 0.486447 11.675536 18.318436
v 0.437781 11.584347 18.344049
v 0.372287 11.504419 18.366499
v 0.292482 11.438824 18.384922
v 0.201433 11.390082 18.398611
v 0.102639 11.360067 18.407043
v -0.000103 11.349932 18.409889
v -0.102845 11.360067 18.407043
v -0.201639 11.390082 18.398611
v -0.292688 11.438824 18.384922
v -0.372492 11.504419 18.366499
v -0.437986 11.584347 18.344049
v -0.486653 11.675536 18.318436
v -0.516622 11.774483 18.290644
v -0.526741 11.877382 18.261742
v -0.516622 11.980283 18.232841
v -0.486653 12.079229 18.205050
v -0.437986 12.170419 18.179436
v -0.372492 12.250346 18.156986
v -0.292688 12.315941 18.138563
v -0.201639 12.364683 18.124874
v -0.102845 12.394698 18.116442
v 0.102636 9.527088 7.778673
v -0.000107 9.537223 7.775826
v 0.201429 9.497073 7.787104
v 0.292478 9.448331 7.800794
v 0.372283 9.382736 7.819217
v 0.437777 9.302808 7.841667
v 0.486444 9.211619 7.867280
v 0.516413 9.112673 7.895070
v 0.526532 9.009772 7.923973
v 0.516413 8.906872 7.952875
v 0.486444 8.807926 7.980665
v 0.437777 8.716736 8.006278
v 0.372283 8.636808 8.028728
v 0.292478 8.571213 8.047152
v 0.201429 8.522472 8.060842
v 0.102636 8.492456 8.069272
v -0.000106 8.482322 8.072119
v -0.102848 8.492456 8.069272
v -0.201642 8.522472 8.060842
v -0.292691 8.571213 8.047152
v -0.372496 8.636808 8.028728
v -0.437990 8.716736 8.006278
v -0.486657 8.807926 7.980665
v -0.516625 8.906872 7.952875
v -0.526744 9.009772 7.923973
v -0.516625 9.112673 7.895070
v -0.486657 9.211619 7.867280
v -0.437990 9.302808 7.841667
v -0.372496 9.382736 7.819217
v -0.292691 9.448331 7.800794
v -0.201642 9.497073 7.787104
v -0.102848 9.527088 7.778673
v 0.128921 9.657625 7.735054
v -0.000107 9.670353 7.731479
v 0.252990 9.619931 7.745641
v 0.367332 9.558720 7.762835
v 0.467554 9.476343 7.785971
v 0.549804 9.375966 7.814165
v 0.610921 9.261448 7.846329
v 0.648557 9.137188 7.881230
v 0.661265 9.007961 7.917527
v 0.648557 8.878736 7.953822
v 0.610921 8.754476 7.988723
v 0.549804 8.639956 8.020889
v 0.467554 8.539580 8.049082
v 0.367332 8.457203 8.072219
v 0.252989 8.395992 8.089412
v 0.128921 8.358297 8.099998
v -0.000106 8.345570 8.103574
v -0.129133 8.358297 8.099998
v -0.253202 8.395992 8.089412
v -0.367545 8.457203 8.072219
v -0.467766 8.539580 8.049082
v -0.550016 8.639956 8.020889
v -0.611134 8.754476 7.988723
v -0.648769 8.878736 7.953822
v -0.661478 9.007961 7.917527
v -0.648769 9.137188 7.881230
v -0.611134 9.261448 7.846329
v -0.550016 9.375966 7.814165
v -0.467766 9.476343 7.785971
v -0.367545 9.558720 7.762835
v -0.253202 9.619931 7.745641
v -0.129133 9.657625 7.735054
v 0.128919 7.401625 -0.281589
v -0.000108 7.414352 -0.285164
v 0.252988 7.363931 -0.271002
v 0.367330 7.302719 -0.253809
v 0.467552 7.220343 -0.230672
v 0.549802 7.119966 -0.202479
v 0.610920 7.005447 -0.170314
v 0.648555 6.881187 -0.135413
v 0.661264 6.751961 -0.099117
v 0.648556 6.622735 -0.062821
v 0.610920 6.498475 -0.027920
v 0.549802 6.383956 0.004245
v 0.467552 6.283580 0.032438
v 0.367330 6.201203 0.055576
v 0.252988 6.139991 0.072768
v 0.128919 6.102297 0.083355
v -0.000108 6.089570 0.086930
v -0.129135 6.102297 0.083355
v -0.253204 6.139991 0.072768
v -0.367546 6.201203 0.055576
v -0.467768 6.283580 0.032438
v -0.550018 6.383956 0.004246
v -0.611135 6.498475 -0.027920
v -0.648771 6.622735 -0.062821
v -0.661479 6.751961 -0.099117
v -0.648771 6.881187 -0.135413
v -0.611135 7.005447 -0.170314
v -0.550018 7.119966 -0.202479
v -0.467768 7.220343 -0.230672
v -0.367546 7.302719 -0.253809
v -0.253204 7.363931 -0.271002
v -0.129135 7.401625 -0.281589
v 0.179394 7.648758 -0.377932
v -0.000108 7.666465 -0.382906
v 0.351998 7.596319 -0.363203
v 0.511070 7.511162 -0.339285
v 0.650498 7.396560 -0.307097
v 0.764924 7.256917 -0.267875
v 0.849950 7.097599 -0.223127
v 0.902309 6.924729 -0.174573
v 0.919989 6.744950 -0.124078
v 0.902309 6.565172 -0.073583
v 0.849950 6.392302 -0.025029
v 0.764924 6.232984 0.019719
v 0.650498 6.093340 0.058941
v 0.511070 5.978738 0.091129
v 0.351998 5.893581 0.115048
v 0.179394 5.841141 0.129776
v -0.000108 5.823435 0.134750
v -0.179609 5.841141 0.129776
v -0.352213 5.893581 0.115048
v -0.511286 5.978738 0.091129
v -0.650714 6.093340 0.058941
v -0.765139 6.232984 0.019719
v -0.850165 6.392302 -0.025029
v -0.902524 6.565171 -0.073583
v -0.920204 6.744950 -0.124078
v -0.902524 6.924729 -0.174573
v -0.850165 7.097599 -0.223127
v -0.765140 7.256917 -0.267875
v -0.650714 7.396560 -0.307097
v -0.511286 7.511162 -0.339285
v -0.352213 7.596319 -0.363204
v -0.179609 7.648759 -0.377932
v 0.179394 6.804900 -3.382360
v -0.000108 6.822607 -3.387333
v 0.351998 6.752460 -3.367630
v 0.511070 6.667303 -3.343712
v 0.650498 6.552701 -3.311523
v 0.764924 6.413058 -3.272302
v 0.849950 6.253740 -3.227555
v 0.902309 6.080870 -3.179000
v 0.919988 5.901092 -3.128505
v 0.902309 5.721313 -3.078010
v 0.849950 5.548443 -3.029456
v 0.764924 5.389125 -2.984708
v 0.650498 5.249482 -2.945487
v 0.511070 5.134880 -2.913298
v 0.351998 5.049723 -2.889380
v 0.179394 4.997283 -2.874651
v -0.000108 4.979577 -2.869678
v -0.179609 4.997283 -2.874651
v -0.352213 5.049723 -2.889380
v -0.511286 5.134880 -2.913298
v -0.650714 5.249482 -2.945487
v -0.765140 5.389125 -2.984708
v -0.850165 5.548443 -3.029456
v -0.902524 5.721313 -3.078010
v -0.920204 5.901092 -3.128505
v -0.902524 6.080870 -3.179000
v -0.850165 6.253740 -3.227554
v -0.765140 6.413058 -3.272302
v -0.650714 6.552701 -3.311523
v -0.511286 6.667303 -3.343712
v -0.352213 6.752460 -3.367630
v -0.179609 6.804900 -3.382360
v 0.507937 12.821480 19.668554
v 0.597288 12.712437 19.699181
v -0.140271 13.018415 19.613241
v -0.000103 13.032242 19.609358
v -0.275052 11.647847 19.998196
v -0.399267 11.714344 19.979519
v 0.663682 12.588030 19.734123
v -0.508142 11.803834 19.954382
v 0.704568 12.453041 19.772039
v -0.597494 11.912876 19.923756
v 0.718373 12.312656 19.811468
v -0.663889 12.037284 19.888813
v 0.704568 12.172274 19.850899
v -0.704774 12.172274 19.850899
v 0.663682 12.037284 19.888813
v -0.718579 12.312656 19.811468
v 0.597288 11.912877 19.923756
v -0.704774 12.453041 19.772039
v 0.507937 11.803834 19.954382
v -0.663889 12.588030 19.734123
v 0.399061 11.714344 19.979519
v -0.597494 12.712437 19.699181
v 0.274846 11.647847 19.998196
v 0.140065 13.018415 19.613241
v -0.508142 12.821480 19.668554
v 0.140065 11.606899 20.009697
v 0.274846 12.977467 19.624743
v -0.399267 12.910970 19.643419
v -0.000103 11.593073 20.013580
v 0.399061 12.910970 19.643419
v -0.275052 12.977467 19.624743
v -0.140271 11.606899 20.009697
v -0.512718 12.018999 20.083664
v -0.569691 12.125751 20.053680
v 0.616414 12.362045 19.987310
v 0.604568 12.241584 20.021145
v -0.604774 12.241584 20.021145
v 0.569485 12.125751 20.053680
v -0.616620 12.362045 19.987310
v 0.512512 12.018999 20.083664
v -0.604774 12.482508 19.953476
v 0.435841 11.925430 20.109943
v -0.569691 12.598341 19.920940
v 0.342416 11.848639 20.131512
v -0.512718 12.705093 19.890957
v 0.235828 11.791580 20.147539
v -0.000103 12.979515 19.813881
v 0.120174 12.967649 19.817213
v -0.436046 12.798662 19.864677
v 0.120174 11.756441 20.157408
v 0.235828 12.932512 19.827082
v -0.342622 12.875452 19.843109
v -0.000103 11.744577 20.160738
v 0.342416 12.875452 19.843109
v -0.236034 12.932512 19.827082
v -0.120380 11.756441 20.157408
v 0.435841 12.798662 19.864677
v -0.120380 12.967649 19.817213
v -0.236034 11.791580 20.147539
v 0.512512 12.705093 19.890957
v -0.342622 11.848639 20.131512
v 0.569485 12.598341 19.920940
v -0.436046 11.925430 20.109943
v 0.604568 12.482508 19.953476
v 0.124307 12.986945 19.805973
v 0.140065 13.027163 19.644382
v 0.130337 13.012560 19.780535
v 0.135449 13.029197 19.740892
v 0.138865 13.034324 19.693085
v -0.000103 13.040989 19.640499
v -0.000103 12.999218 19.802525
v -0.000103 13.048033 19.689232
v -0.000103 13.042568 19.737137
v -0.000103 13.025426 19.776918
v 0.243936 12.950600 19.816181
v 0.274846 12.986214 19.655886
v 0.255765 12.974453 19.791239
v 0.265793 12.989596 19.752014
v 0.272493 12.993727 19.704485
v 0.354186 12.891580 19.832756
v 0.399061 12.919718 19.674562
v 0.371359 12.912571 19.808619
v 0.385917 12.925289 19.770079
v 0.395645 12.927797 19.723003
v 0.450821 12.812151 19.855068
v 0.507937 12.830227 19.699697
v 0.472678 12.829291 19.832008
v 0.491208 12.838747 19.794384
v 0.503588 12.839075 19.747923
v 0.530128 12.715366 19.882254
v 0.597288 12.721184 19.730322
v 0.555829 12.727816 19.860512
v 0.577618 12.733294 19.824001
v 0.592176 12.730965 19.778286
v 0.589058 12.604945 19.913265
v 0.663682 12.596778 19.765265
v 0.617616 12.612043 19.893028
v 0.641826 12.612984 19.857796
v 0.658002 12.607622 19.812931
v 0.625347 12.485132 19.946918
v 0.704568 12.461788 19.803183
v 0.655664 12.486423 19.928312
v 0.681365 12.482439 19.894461
v 0.698538 12.473788 19.850519
v 0.637601 12.360531 19.981915
v 0.718373 12.321404 19.842609
v 0.668511 12.355782 19.965006
v 0.694716 12.346678 19.932592
v 0.712225 12.334606 19.889614
v 0.625348 12.235929 20.016912
v 0.704568 12.181021 19.882040
v 0.655664 12.225140 20.001698
v 0.681365 12.210917 19.970722
v 0.698538 12.195423 19.928705
v 0.589058 12.116116 20.050566
v 0.663682 12.046031 19.919954
v 0.617616 12.099518 20.036982
v 0.641826 12.080372 20.007389
v 0.658002 12.061589 19.966297
v 0.530128 12.005695 20.081577
v 0.597288 11.921625 19.954897
v 0.555829 11.983746 20.069498
v 0.577618 11.960062 20.041183
v 0.592176 11.938248 20.000942
v 0.450821 11.908911 20.108763
v 0.507937 11.812582 19.985525
v 0.472678 11.882271 20.098001
v 0.491208 11.854609 20.070799
v 0.503588 11.830137 20.031303
v 0.354186 11.829481 20.131071
v 0.399061 11.723091 20.010660
v 0.371359 11.798990 20.121391
v 0.385917 11.768066 20.095106
v 0.395645 11.741413 20.056225
v 0.243936 11.770460 20.147650
v 0.274846 11.656595 20.029337
v 0.255764 11.737110 20.138773
v 0.265792 11.703759 20.113171
v 0.272493 11.675486 20.074741
v 0.124307 11.734116 20.157858
v 0.140065 11.615646 20.040838
v 0.130337 11.699003 20.149475
v 0.135449 11.664158 20.124292
v 0.138865 11.634888 20.086143
v -0.000103 11.721844 20.161306
v -0.000103 11.601820 20.044724
v -0.000103 11.686136 20.153090
v -0.000103 11.650787 20.128048
v -0.000103 11.621180 20.089994
v -0.124513 11.734116 20.157858
v -0.140271 11.615646 20.040838
v -0.130543 11.699003 20.149475
v -0.135655 11.664158 20.124292
v -0.139071 11.634888 20.086143
v -0.244142 11.770460 20.147650
v -0.275052 11.656595 20.029337
v -0.255970 11.737110 20.138773
v -0.265998 11.703759 20.113171
v -0.272699 11.675486 20.074741
v -0.354392 11.829481 20.131071
v -0.399267 11.723091 20.010660
v -0.371565 11.798992 20.121391
v -0.386124 11.768066 20.095106
v -0.395851 11.741413 20.056225
v -0.451028 11.908911 20.108763
v -0.508142 11.812582 19.985525
v -0.472885 11.882271 20.098001
v -0.491414 11.854609 20.070799
v -0.503795 11.830137 20.031303
v -0.530334 12.005695 20.081577
v -0.597494 11.921624 19.954897
v -0.556035 11.983746 20.069498
v -0.577824 11.960062 20.041183
v -0.592382 11.938248 20.000942
v -0.589264 12.116116 20.050566
v -0.663889 12.046031 19.919954
v -0.617822 12.099518 20.036982
v -0.642032 12.080372 20.007389
v -0.658208 12.061589 19.966297
v -0.625553 12.235929 20.016912
v -0.704774 12.181021 19.882040
v -0.655870 12.225140 20.001698
v -0.681571 12.210917 19.970724
v -0.698743 12.195423 19.928707
v -0.637806 12.360531 19.981915
v -0.718579 12.321404 19.842609
v -0.668717 12.355782 19.965006
v -0.694921 12.346678 19.932592
v -0.712431 12.334606 19.889614
v -0.625553 12.485132 19.946918
v -0.704774 12.461788 19.803183
v -0.655870 12.486423 19.928312
v -0.681571 12.482439 19.894461
v -0.698743 12.473788 19.850519
v -0.589264 12.604946 19.913265
v -0.663889 12.596778 19.765265
v -0.617822 12.612043 19.893028
v -0.642031 12.612984 19.857796
v -0.658208 12.607622 19.812931
v -0.530334 12.715366 19.882254
v -0.597494 12.721184 19.730322
v -0.556035 12.727816 19.860512
v -0.577824 12.733294 19.824001
v -0.592382 12.730965 19.778286
v -0.451028 12.812151 19.855068
v -0.508142 12.830227 19.699697
v -0.472885 12.829291 19.832008
v -0.491414 12.838747 19.794384
v -0.503795 12.839075 19.747923
v -0.354392 12.891580 19.832756
v -0.399267 12.919718 19.674562
v -0.371565 12.912571 19.808619
v -0.386124 12.925289 19.770079
v -0.395851 12.927797 19.723003
v -0.244142 12.950602 19.816181
v -0.275052 12.986214 19.655886
v -0.255970 12.974453 19.791239
v -0.265998 12.989596 19.752014
v -0.272699 12.993727 19.704485
v -0.124513 12.986946 19.805973
v -0.140271 13.027163 19.644382
v -0.130543 13.012560 19.780535
v -0.135655 13.029197 19.740892
v -0.139071 13.034324 19.693085
v -0.433814 12.054802 20.008307
v -0.482017 12.145123 19.982937
v 0.521517 12.345047 19.926786
v 0.511494 12.243127 19.955412
v -0.511700 12.243127 19.955412
v 0.481811 12.145123 19.982937
v -0.521723 12.345047 19.926786
v 0.433609 12.054804 20.008307
v -0.511700 12.446966 19.898159
v 0.368738 11.975637 20.030542
v -0.482017 12.544971 19.870634
v 0.289693 11.910666 20.048790
v -0.433814 12.635290 19.845263
v 0.199513 11.862390 20.062349
v -0.000103 12.867472 19.780050
v 0.101660 12.857433 19.782871
v -0.368944 12.714457 19.823027
v 0.101660 11.832661 20.070698
v 0.199513 12.827704 19.791222
v -0.289900 12.779427 19.804781
v -0.000103 11.822622 20.073519
v 0.289693 12.779427 19.804781
v -0.199719 12.827704 19.791222
v -0.101866 11.832661 20.070698
v 0.368738 12.714457 19.823027
v -0.101866 12.857433 19.782871
v -0.199719 11.862390 20.062349
v 0.433609 12.635290 19.845263
v -0.289900 11.910666 20.048790
v 0.481811 12.544970 19.870634
v -0.368944 11.975637 20.030542
v 0.511494 12.446966 19.898159
v 0.101114 12.864306 19.817900
v 0.112295 12.930866 19.838640
v 0.101710 12.872587 19.835852
v 0.104044 12.888144 19.846096
v 0.107761 12.908608 19.847075
v -0.000103 12.941954 19.835526
v -0.000103 12.874290 19.815096
v -0.000103 12.919249 19.844086
v -0.000103 12.898417 19.843210
v -0.000103 12.882629 19.833033
v 0.198442 12.834738 19.826204
v 0.220373 12.898031 19.847860
v 0.199611 12.842844 19.844206
v 0.204190 12.857718 19.854643
v 0.211480 12.877097 19.855927
v 0.288140 12.786718 19.839691
v 0.319978 12.844708 19.862839
v 0.289837 12.794542 19.857773
v 0.296483 12.808310 19.868521
v 0.307068 12.825926 19.870298
v 0.366760 12.722097 19.857843
v 0.407283 12.772949 19.882994
v 0.368920 12.729541 19.876030
v 0.377380 12.741817 19.887196
v 0.390851 12.757060 19.889643
v 0.431283 12.643355 19.879959
v 0.478932 12.685509 19.907553
v 0.433823 12.650334 19.898277
v 0.443770 12.660795 19.909952
v 0.459611 12.673147 19.913210
v 0.479227 12.553520 19.905191
v 0.532173 12.585751 19.935574
v 0.482050 12.559969 19.923656
v 0.493103 12.568359 19.935915
v 0.510704 12.577412 19.940100
v 0.508751 12.456041 19.932573
v 0.564958 12.477505 19.965975
v 0.511747 12.461918 19.951197
v 0.523481 12.468060 19.964088
v 0.542166 12.473534 19.969275
v 0.518720 12.354668 19.961042
v 0.576028 12.364935 19.997593
v 0.521775 12.359947 19.979837
v 0.533739 12.363752 19.993383
v 0.552790 12.365503 19.999619
v 0.508751 12.253295 19.989515
v 0.564958 12.252363 20.029211
v 0.511747 12.257977 20.008478
v 0.523481 12.259443 20.022680
v 0.542166 12.257473 20.029961
v 0.479227 12.155817 20.016895
v 0.532173 12.144117 20.059614
v 0.482049 12.159925 20.036018
v 0.493103 12.159143 20.050852
v 0.510703 12.153593 20.059137
v 0.431283 12.065981 20.042130
v 0.478932 12.044359 20.087635
v 0.433823 12.069561 20.061399
v 0.443770 12.066708 20.076815
v 0.459611 12.057858 20.086029
v 0.366760 11.987239 20.064245
v 0.407283 11.956920 20.112194
v 0.368920 11.990355 20.083645
v 0.377380 11.985686 20.099573
v 0.390851 11.973946 20.109596
v 0.288140 11.922617 20.082396
v 0.319978 11.885160 20.132349
v 0.289837 11.925352 20.101904
v 0.296483 11.919193 20.118246
v 0.307068 11.905081 20.128939
v 0.198442 11.874599 20.095882
v 0.220373 11.831837 20.147326
v 0.199611 11.877051 20.115471
v 0.204189 11.869785 20.132124
v 0.211480 11.853909 20.143311
v 0.101114 11.845029 20.104187
v 0.112295 11.799002 20.156549
v 0.101710 11.847307 20.123823
v 0.104044 11.839360 20.140671
v 0.107761 11.822397 20.152161
v -0.000103 11.835045 20.106993
v -0.000103 11.787914 20.159664
v -0.000103 11.837265 20.126644
v -0.000103 11.829086 20.143555
v -0.000103 11.811757 20.155151
v -0.101320 11.845029 20.104187
v -0.112501 11.799002 20.156549
v -0.101916 11.847307 20.123823
v -0.104250 11.839360 20.140671
v -0.107967 11.822397 20.152161
v -0.198648 11.874599 20.095882
v -0.220579 11.831837 20.147326
v -0.199817 11.877051 20.115471
v -0.204395 11.869785 20.132124
v -0.211686 11.853909 20.143311
v -0.288346 11.922617 20.082396
v -0.320184 11.885160 20.132349
v -0.290043 11.925352 20.101904
v -0.296690 11.919193 20.118246
v -0.307274 11.905081 20.128939
v -0.366966 11.987239 20.064245
v -0.407489 11.956920 20.112194
v -0.369126 11.990355 20.083645
v -0.377586 11.985686 20.099573
v -0.391057 11.973946 20.109596
v -0.431489 12.065981 20.042130
v -0.479138 12.044359 20.087635
v -0.434029 12.069561 20.061399
v -0.443976 12.066708 20.076815
v -0.459817 12.057858 20.086029
v -0.479433 12.155817 20.016895
v -0.532379 12.144117 20.059614
v -0.482255 12.159925 20.036018
v -0.493308 12.159143 20.050852
v -0.510909 12.153593 20.059137
v -0.508957 12.253294 19.989515
v -0.565164 12.252363 20.029211
v -0.511953 12.257977 20.008478
v -0.523687 12.259443 20.022680
v -0.542372 12.257472 20.029961
v -0.518926 12.354668 19.961042
v -0.576234 12.364935 19.997593
v -0.521981 12.359947 19.979837
v -0.533945 12.363752 19.993383
v -0.552996 12.365503 19.999619
v -0.508957 12.456041 19.932573
v -0.565164 12.477505 19.965975
v -0.511953 12.461918 19.951197
v -0.523687 12.468060 19.964088
v -0.542372 12.473534 19.969275
v -0.479433 12.553520 19.905191
v -0.532379 12.585751 19.935574
v -0.482255 12.559970 19.923656
v -0.493308 12.568359 19.935915
v -0.510909 12.577412 19.940100
v -0.431489 12.643355 19.879959
v -0.479138 12.685509 19.907553
v -0.434029 12.650334 19.898277
v -0.443976 12.660795 19.909952
v -0.459817 12.673147 19.913210
v -0.366966 12.722097 19.857843
v -0.407489 12.772949 19.882994
v -0.369126 12.729540 19.876030
v -0.377586 12.741817 19.887196
v -0.391057 12.757060 19.889643
v -0.288346 12.786718 19.839691
v -0.320184 12.844708 19.862839
v -0.290043 12.794542 19.857773
v -0.296690 12.808310 19.868521
v -0.307274 12.825926 19.870298
v -0.198648 12.834738 19.826204
v -0.220579 12.898031 19.847860
v -0.199817 12.842844 19.844206
v -0.204395 12.857718 19.854643
v -0.211686 12.877097 19.855927
v -0.101320 12.864306 19.817900
v -0.112501 12.930866 19.838640
v -0.101916 12.872587 19.835852
v -0.104250 12.888144 19.846096
v -0.107967 12.908609 19.847075
v 0.132930 12.925674 19.421040
v 0.141647 12.916677 19.220415
v 0.135624 12.934163 19.399160
v 0.138054 12.937578 19.364325
v 0.139983 12.935589 19.319941
v 0.141221 12.928387 19.270351
v -0.000103 12.930660 19.216488
v -0.000103 12.938798 19.417355
v -0.000103 12.942327 19.266438
v -0.000103 12.949408 19.316059
v -0.000103 12.951207 19.360497
v -0.000103 12.947552 19.395401
v 0.260852 12.886810 19.431955
v 0.277950 12.875267 19.232044
v 0.266136 12.894511 19.410299
v 0.270902 12.897218 19.375660
v 0.274685 12.894664 19.331434
v 0.277114 12.887100 19.281948
v 0.378744 12.823699 19.449682
v 0.403568 12.808020 19.250933
v 0.386415 12.830121 19.428383
v 0.393335 12.831675 19.394068
v 0.398827 12.828207 19.350101
v 0.402353 12.820055 19.300777
v 0.482078 12.738764 19.473537
v 0.513672 12.717520 19.276352
v 0.491841 12.743467 19.452724
v 0.500649 12.743469 19.418844
v 0.507639 12.738770 19.375221
v 0.512126 12.729828 19.326120
v 0.566882 12.635271 19.502607
v 0.604033 12.607244 19.307325
v 0.578362 12.637878 19.482380
v 0.588719 12.635990 19.449034
v 0.596938 12.629789 19.405830
v 0.602215 12.619884 19.357000
v 0.629897 12.517197 19.535772
v 0.671177 12.481434 19.342661
v 0.642653 12.517412 19.516216
v 0.654161 12.513369 19.483475
v 0.663293 12.505456 19.440750
v 0.669157 12.494452 19.392231
v 0.668701 12.389078 19.571756
v 0.712524 12.344919 19.381002
v 0.682243 12.386701 19.552931
v 0.694460 12.380315 19.520844
v 0.704155 12.370546 19.478643
v 0.710379 12.358351 19.430460
v 0.681804 12.255840 19.609177
v 0.726486 12.202951 19.420879
v 0.695611 12.250765 19.591110
v 0.708067 12.241945 19.559708
v 0.717952 12.230245 19.518051
v 0.724299 12.216808 19.470215
v 0.668701 12.122601 19.646601
v 0.712524 12.060982 19.460754
v 0.682243 12.114828 19.629288
v 0.694460 12.103575 19.598570
v 0.704155 12.089943 19.557457
v 0.710379 12.075267 19.509966
v 0.629897 11.994482 19.682585
v 0.671177 11.924469 19.499096
v 0.642653 11.984116 19.666004
v 0.654161 11.970522 19.635942
v 0.663293 11.955033 19.595350
v 0.669157 11.939163 19.548195
v 0.566882 11.876408 19.715750
v 0.604033 11.798657 19.534433
v 0.578362 11.863649 19.699839
v 0.588719 11.847900 19.670383
v 0.596938 11.830699 19.630272
v 0.602215 11.813732 19.583426
v 0.482078 11.772915 19.744820
v 0.513672 11.688383 19.565407
v 0.491841 11.758060 19.729496
v 0.500649 11.740421 19.700571
v 0.507639 11.721720 19.660881
v 0.512126 11.703789 19.614305
v 0.378744 11.687981 19.768675
v 0.403568 11.597883 19.590826
v 0.386415 11.671407 19.753834
v 0.393335 11.652214 19.725346
v 0.398827 11.632282 19.686001
v 0.402353 11.613561 19.639648
v 0.260851 11.624868 19.786402
v 0.277950 11.530636 19.609713
v 0.266135 11.607018 19.771919
v 0.270902 11.586672 19.743757
v 0.274685 11.565825 19.704670
v 0.277113 11.546516 19.658478
v 0.132930 11.586003 19.797318
v 0.141647 11.489225 19.621344
v 0.135624 11.567365 19.783056
v 0.138054 11.546310 19.755091
v 0.139983 11.524900 19.716162
v 0.141221 11.505230 19.670076
v -0.000103 11.572882 19.801003
v -0.000103 11.475242 19.625271
v -0.000103 11.553976 19.786818
v -0.000103 11.532682 19.758919
v -0.000103 11.511082 19.720043
v -0.000103 11.491289 19.673988
v -0.133136 11.586003 19.797318
v -0.141853 11.489225 19.621344
v -0.135830 11.567365 19.783056
v -0.138260 11.546310 19.755091
v -0.140189 11.524900 19.716162
v -0.141427 11.505230 19.670076
v -0.261057 11.624868 19.786402
v -0.278156 11.530636 19.609713
v -0.266341 11.607018 19.771919
v -0.271108 11.586672 19.743757
v -0.274891 11.565825 19.704670
v -0.277319 11.546516 19.658478
v -0.378950 11.687981 19.768675
v -0.403774 11.597883 19.590826
v -0.386621 11.671407 19.753834
v -0.393541 11.652214 19.725346
v -0.399033 11.632282 19.686001
v -0.402559 11.613562 19.639648
v -0.482284 11.772915 19.744820
v -0.513879 11.688383 19.565407
v -0.492047 11.758060 19.729496
v -0.500855 11.740421 19.700571
v -0.507844 11.721720 19.660881
v -0.512332 11.703789 19.614305
v -0.567087 11.876408 19.715750
v -0.604239 11.798656 19.534433
v -0.578568 11.863649 19.699839
v -0.588925 11.847900 19.670383
v -0.597144 11.830699 19.630272
v -0.602421 11.813730 19.583426
v -0.630102 11.994482 19.682585
v -0.671383 11.924469 19.499096
v -0.642859 11.984115 19.666004
v -0.654367 11.970522 19.635942
v -0.663499 11.955032 19.595350
v -0.669363 11.939163 19.548195
v -0.668907 12.122601 19.646601
v -0.712730 12.060982 19.460754
v -0.682449 12.114828 19.629288
v -0.694666 12.103575 19.598570
v -0.704361 12.089943 19.557457
v -0.710585 12.075267 19.509966
v -0.682010 12.255840 19.609177
v -0.726691 12.202951 19.420879
v -0.695817 12.250765 19.591110
v -0.708273 12.241945 19.559708
v -0.718158 12.230245 19.518051
v -0.724505 12.216808 19.470215
v -0.668907 12.389078 19.571756
v -0.712730 12.344919 19.381002
v -0.682449 12.386701 19.552931
v -0.694666 12.380315 19.520844
v -0.704361 12.370546 19.478643
v -0.710585 12.358351 19.430460
v -0.630102 12.517197 19.535770
v -0.671383 12.481434 19.342661
v -0.642859 12.517412 19.516216
v -0.654367 12.513369 19.483475
v -0.663499 12.505456 19.440750
v -0.669363 12.494452 19.392231
v -0.567088 12.635271 19.502607
v -0.604239 12.607244 19.307325
v -0.578568 12.637878 19.482380
v -0.588925 12.635990 19.449034
v -0.597144 12.629789 19.405830
v -0.602421 12.619884 19.357000
v -0.482284 12.738764 19.473537
v -0.513879 12.717520 19.276352
v -0.492047 12.743467 19.452724
v -0.500855 12.743469 19.418844
v -0.507844 12.738770 19.375221
v -0.512332 12.729828 19.326120
v -0.378950 12.823699 19.449682
v -0.403774 12.808020 19.250933
v -0.386621 12.830121 19.428383
v -0.393541 12.831675 19.394068
v -0.399033 12.828207 19.350101
v -0.402559 12.820055 19.300777
v -0.261057 12.886810 19.431955
v -0.278156 12.875267 19.232044
v -0.266341 12.894511 19.410299
v -0.271108 12.897218 19.375660
v -0.274891 12.894665 19.331434
v -0.277319 12.887100 19.281948
v -0.133136 12.925674 19.421040
v -0.141853 12.916677 19.220415
v -0.135830 12.934163 19.399160
v -0.138260 12.937579 19.364325
v -0.140189 12.935589 19.319941
v -0.141427 12.928387 19.270351
v 0.140065 12.999241 19.544977
v 0.135541 12.946875 19.446028
v 0.139720 12.988228 19.512428
v 0.138740 12.974409 19.482193
v 0.137272 12.959888 19.458879
v -0.000103 12.960255 19.442270
v -0.000103 13.013068 19.541094
v -0.000103 12.973438 19.455074
v -0.000103 12.988106 19.478346
v -0.000103 13.002021 19.508554
v 0.274846 12.958292 19.556479
v 0.265972 12.907248 19.457159
v 0.274171 12.947380 19.523899
v 0.272247 12.933847 19.493584
v 0.269368 12.919755 19.470152
v 0.399061 12.891796 19.575155
v 0.386178 12.842896 19.475233
v 0.398080 12.881047 19.542532
v 0.395288 12.867979 19.512085
v 0.391108 12.854583 19.488457
v 0.507937 12.802306 19.600290
v 0.491539 12.756296 19.499557
v 0.506688 12.791778 19.567604
v 0.503134 12.779336 19.536983
v 0.497814 12.766876 19.513090
v 0.597288 12.693263 19.630917
v 0.578007 12.650772 19.529196
v 0.595821 12.683002 19.598160
v 0.591641 12.671324 19.567320
v 0.585386 12.660006 19.543106
v 0.663682 12.568857 19.665859
v 0.642258 12.530380 19.563011
v 0.662052 12.558901 19.633015
v 0.657408 12.548092 19.601933
v 0.650457 12.538078 19.577354
v 0.704568 12.433867 19.703773
v 0.681824 12.399748 19.599701
v 0.702837 12.424244 19.670835
v 0.697906 12.414379 19.639488
v 0.690528 12.405778 19.614511
v 0.718373 12.293484 19.743204
v 0.695184 12.263895 19.637859
v 0.716608 12.284204 19.710169
v 0.711581 12.275323 19.678547
v 0.704058 12.268191 19.653158
v 0.704568 12.153099 19.782635
v 0.681824 12.128042 19.676018
v 0.702837 12.144165 19.749500
v 0.697907 12.136266 19.717604
v 0.690528 12.130604 19.691801
v 0.663682 12.018110 19.820547
v 0.642258 11.997410 19.712708
v 0.662052 12.009508 19.787321
v 0.657408 12.002553 19.755159
v 0.650457 11.998304 19.728960
v 0.597288 11.893703 19.855492
v 0.578007 11.877018 19.746523
v 0.595821 11.885406 19.822180
v 0.591641 11.879322 19.789774
v 0.585386 11.876377 19.763206
v 0.507937 11.784660 19.886116
v 0.491539 11.771495 19.776159
v 0.506688 11.776631 19.852734
v 0.503134 11.771311 19.820108
v 0.497814 11.769506 19.793222
v 0.399061 11.695171 19.911255
v 0.386178 11.684893 19.800486
v 0.398080 11.687363 19.877804
v 0.395288 11.682665 19.845007
v 0.391108 11.681799 19.817858
v 0.274846 11.628674 19.929932
v 0.265972 11.620543 19.818558
v 0.274171 11.621029 19.896437
v 0.272247 11.616798 19.863508
v 0.269368 11.616629 19.836163
v 0.140065 11.587725 19.941433
v 0.135541 11.580915 19.829689
v 0.139720 11.580181 19.907909
v 0.138740 11.576237 19.874899
v 0.137272 11.576495 19.847435
v -0.000103 11.573898 19.945316
v -0.000103 11.567535 19.833448
v -0.000103 11.566387 19.911783
v -0.000103 11.562540 19.878748
v -0.000103 11.562944 19.851242
v -0.140271 11.587725 19.941433
v -0.135746 11.580915 19.829689
v -0.139926 11.580181 19.907909
v -0.138946 11.576237 19.874899
v -0.137478 11.576495 19.847435
v -0.275052 11.628674 19.929932
v -0.266178 11.620543 19.818558
v -0.274376 11.621029 19.896437
v -0.272453 11.616798 19.863508
v -0.269574 11.616629 19.836163
v -0.399267 11.695171 19.911255
v -0.386384 11.684894 19.800486
v -0.398286 11.687363 19.877804
v -0.395494 11.682665 19.845007
v -0.391314 11.681799 19.817858
v -0.508142 11.784660 19.886116
v -0.491745 11.771495 19.776159
v -0.506894 11.776631 19.852734
v -0.503340 11.771311 19.820108
v -0.498020 11.769506 19.793222
v -0.597494 11.893703 19.855492
v -0.578213 11.877018 19.746523
v -0.596026 11.885406 19.822180
v -0.591847 11.879322 19.789774
v -0.585592 11.876377 19.763206
v -0.663889 12.018110 19.820547
v -0.642464 11.997410 19.712708
v -0.662257 12.009508 19.787321
v -0.657613 12.002553 19.755159
v -0.650663 11.998304 19.728960
v -0.704774 12.153099 19.782635
v -0.682030 12.128042 19.676018
v -0.703043 12.144165 19.749500
v -0.698112 12.136266 19.717604
v -0.690734 12.130604 19.691803
v -0.718579 12.293484 19.743204
v -0.695390 12.263895 19.637859
v -0.716814 12.284204 19.710169
v -0.711787 12.275323 19.678547
v -0.704264 12.268191 19.653158
v -0.704774 12.433867 19.703773
v -0.682030 12.399748 19.599701
v -0.703043 12.424244 19.670835
v -0.698112 12.414379 19.639488
v -0.690734 12.405778 19.614511
v -0.663889 12.568857 19.665859
v -0.642464 12.530380 19.563011
v -0.662257 12.558902 19.633015
v -0.657613 12.548093 19.601931
v -0.650663 12.538078 19.577354
v -0.597494 12.693263 19.630917
v -0.578213 12.650772 19.529196
v -0.596027 12.683002 19.598160
v -0.591847 12.671324 19.567320
v -0.585592 12.660006 19.543108
v -0.508142 12.802306 19.600290
v -0.491745 12.756296 19.499559
v -0.506894 12.791778 19.567604
v -0.503340 12.779336 19.536983
v -0.498020 12.766876 19.513090
v -0.399267 12.891796 19.575155
v -0.386384 12.842896 19.475233
v -0.398286 12.881047 19.542532
v -0.395494 12.867979 19.512085
v -0.391314 12.854583 19.488457
v -0.275052 12.958293 19.556479
v -0.266178 12.907248 19.457159
v -0.274376 12.947380 19.523899
v -0.272453 12.933847 19.493586
v -0.269574 12.919755 19.470152
v -0.140271 12.999242 19.544977
v -0.135747 12.946875 19.446028
v -0.139926 12.988228 19.512428
v -0.138946 12.974409 19.482193
v -0.137478 12.959888 19.458879
vt 0.489159 0.745948
vt 0.489159 0.708882
vt 0.511317 0.708291
vt 0.511317 0.745357
vt 0.546285 0.363902
vt 0.572884 0.365476
vt 0.572884 0.402426
vt 0.546285 0.400852
vt 0.511766 0.708194
vt 0.511766 0.745260
vt 0.375472 0.523631
vt 0.375472 0.486631
vt 0.376002 0.486758
vt 0.376002 0.523758
vt 0.374771 0.517082
vt 0.374771 0.484398
vt 0.375383 0.484398
vt 0.375383 0.517082
vt 0.373028 0.516895
vt 0.373028 0.484398
vt 0.373647 0.484402
vt 0.373647 0.516900
vt 0.376497 0.285545
vt 0.376497 0.225354
vt 0.448534 0.222666
vt 0.448534 0.225547
vt 0.448519 0.225547
vt 0.378782 0.228150
vt 0.378782 0.285460
vt 0.366007 0.276051
vt 0.355387 0.332788
vt 0.231165 0.335307
vt 0.239270 0.292006
vt 0.532162 0.425973
vt 0.663892 0.405927
vt 0.663892 0.455279
vt 0.519384 0.467877
vt 0.519384 0.436932
vt 0.519384 0.685373
vt 0.519384 0.619272
vt 0.647153 0.641411
vt 0.647153 0.691859
vt 0.376497 0.220011
vt 0.247276 0.249236
vt 0.489159 0.682706
vt 0.489159 0.720665
vt 0.434868 0.720665
vt 0.434868 0.682706
vt 0.596486 0.483919
vt 0.663892 0.479955
vt 0.663892 0.504631
vt 0.519384 0.509030
vt 0.519384 0.488454
vt 0.526022 0.488063
vt 0.526022 0.488063
vt 0.526436 0.490791
vt 0.527660 0.493366
vt 0.529648 0.495688
vt 0.532324 0.497668
vt 0.535585 0.499231
vt 0.539304 0.500316
vt 0.543341 0.500881
vt 0.547538 0.500905
vt 0.579167 0.498774
vt 0.583204 0.497734
vt 0.586924 0.496211
vt 0.590184 0.494265
vt 0.592860 0.491970
vt 0.594848 0.489414
vt 0.596072 0.486696
vt 0.379903 0.720665
vt 0.379903 0.682706
vt 0.365942 0.393458
vt 0.369460 0.413682
vt 0.230681 0.402028
vt 0.227747 0.385164
vt 0.376497 0.454129
vt 0.248768 0.436489
vt 0.235093 0.427390
vt 0.421201 0.657466
vt 0.379903 0.657466
vt 0.448534 0.403240
vt 0.376497 0.405927
vt 0.376497 0.345736
vt 0.378782 0.345651
vt 0.378782 0.402961
vt 0.448519 0.400359
vt 0.448534 0.400358
vt 0.376497 0.315641
vt 0.378782 0.286420
vt 0.378782 0.315555
vt 0.378782 0.315555
vt 0.517402 0.281248
vt 0.517402 0.280288
vt 0.519687 0.280202
vt 0.519687 0.310298
vt 0.517402 0.310383
vt 0.517402 0.310383
vt 0.519687 0.340394
vt 0.519687 0.400585
vt 0.517402 0.397789
vt 0.517402 0.340479
vt 0.489159 0.657466
vt 0.437931 0.657466
vt 0.519384 0.553982
vt 0.647153 0.591582
vt 0.362424 0.373235
vt 0.224814 0.368301
vt 0.220401 0.342939
vt 0.545069 0.519951
vt 0.545069 0.512422
vt 0.539775 0.512733
vt 0.663892 0.553982
vt 0.532162 0.549431
vt 0.539775 0.537201
vt 0.545069 0.536889
vt 0.576657 0.535032
vt 0.576657 0.518093
vt 0.519384 0.539975
vt 0.539775 0.520263
vt 0.519687 0.220011
vt 0.517402 0.222977
vt 0.489159 0.632226
vt 0.434868 0.632226
vt 0.517402 0.339518
vt 0.378782 0.344690
vt 0.379903 0.632226
vt 0.596486 0.483919
vt 0.596072 0.481191
vt 0.594848 0.478617
vt 0.592860 0.476294
vt 0.590184 0.474314
vt 0.586924 0.472751
vt 0.583204 0.471666
vt 0.579167 0.471101
vt 0.547538 0.472690
vt 0.543341 0.473208
vt 0.539304 0.474248
vt 0.535585 0.475771
vt 0.532324 0.477717
vt 0.529648 0.480012
vt 0.527660 0.482568
vt 0.526436 0.485286
vt 0.489159 0.594266
vt 0.434868 0.594266
vt 0.433167 0.581745
vt 0.489143 0.581745
vt 0.489143 0.733186
vt 0.433167 0.733186
vt 0.376497 0.581745
vt 0.379903 0.594266
vt 0.376497 0.733186
vt 0.220401 0.666284
vt 0.345829 0.673152
vt 0.345829 0.721990
vt 0.220401 0.730276
vt 0.361599 0.547789
vt 0.368364 0.571775
vt 0.231190 0.603078
vt 0.231013 0.602447
vt 0.220401 0.564826
vt 0.347318 0.542926
vt 0.229541 0.454129
vt 0.354293 0.458443
vt 0.350783 0.500945
vt 0.224943 0.509819
vt 0.345829 0.624913
vt 0.220401 0.666271
vt 0.220401 0.603078
vt 0.648368 0.639478
vt 0.699392 0.639271
vt 0.698177 0.675789
vt 0.647153 0.675995
vt 0.370878 0.454129
vt 0.370878 0.599381
vt 0.368364 0.595320
vt 0.368364 0.454703
vt 0.751049 0.639062
vt 0.749834 0.675580
vt 0.654649 0.292237
vt 0.654649 0.292237
vt 0.519687 0.278560
vt 0.519687 0.258641
vt 0.654649 0.268349
vt 0.654649 0.267561
vt 0.519687 0.228683
vt 0.531620 0.220011
vt 0.654649 0.220573
vt 0.713044 0.614938
vt 0.751857 0.614781
vt 0.696203 0.613775
vt 0.649176 0.615197
vt 0.224942 0.509830
vt 0.531620 0.339529
vt 0.519687 0.328438
vt 0.519687 0.298480
vt 0.654649 0.316126
vt 0.654649 0.316913
vt 0.654649 0.363902
vt 0.685554 0.220011
vt 0.710443 0.221261
vt 0.717694 0.234066
vt 0.709274 0.237109
vt 0.695201 0.236402
vt 0.688946 0.236088
vt 0.692340 0.273352
vt 0.706413 0.274059
vt 0.708863 0.242413
vt 0.717694 0.362322
vt 0.678654 0.360361
vt 0.677999 0.360328
vt 0.688535 0.241392
vt 0.694791 0.241706
vt 0.649983 0.590915
vt 0.701007 0.590709
vt 0.752664 0.590500
vt 0.515265 0.662723
vt 0.515265 0.679839
vt 0.511273 0.677999
vt 0.511273 0.661428
vt 0.651198 0.554398
vt 0.702222 0.554191
vt 0.364960 0.507071
vt 0.648012 0.689404
vt 0.700618 0.689192
vt 0.368364 0.465848
vt 0.753879 0.688976
vt 0.753879 0.553982
vt 0.373028 0.454129
vt 0.373028 0.599190
vt 0.370878 0.595063
vt 0.370878 0.454631
vt 0.523683 0.489572
vt 0.523683 0.509492
vt 0.678012 0.698680
vt 0.678047 0.696591
vt 0.683219 0.697796
vt 0.683185 0.699884
vt 0.696474 0.242394
vt 0.694024 0.274040
vt 0.538568 0.691859
vt 0.559212 0.692627
vt 0.559208 0.694918
vt 0.538564 0.694149
vt 0.717250 0.421840
vt 0.717250 0.424195
vt 0.696472 0.424195
vt 0.696472 0.421840
vt 0.754926 0.551627
vt 0.754926 0.553982
vt 0.745690 0.553982
vt 0.745690 0.551627
vt 0.647153 0.691492
vt 0.647188 0.689404
vt 0.690629 0.236776
vt 0.690219 0.242080
vt 0.568389 0.692969
vt 0.568385 0.695259
vt 0.724908 0.428231
vt 0.724473 0.432438
vt 0.697828 0.442013
vt 0.698263 0.437805
vt 0.729669 0.499098
vt 0.728736 0.502530
vt 0.697434 0.491202
vt 0.698367 0.487771
vt 0.728096 0.506379
vt 0.727775 0.510500
vt 0.696472 0.499172
vt 0.696794 0.495052
vt 0.728918 0.542224
vt 0.729257 0.546406
vt 0.697955 0.535078
vt 0.697616 0.530897
vt 0.753878 0.694785
vt 0.757255 0.694785
vt 0.757255 0.730351
vt 0.753878 0.730351
vt 0.554331 0.494060
vt 0.550611 0.495583
vt 0.515418 0.582154
vt 0.519190 0.581745
vt 0.519190 0.606743
vt 0.515418 0.607152
vt 0.370878 0.454129
vt 0.370878 0.454129
vt 0.370878 0.454129
vt 0.370878 0.454129
vt 0.631579 0.692812
vt 0.634465 0.692465
vt 0.634465 0.729035
vt 0.631579 0.729382
vt 0.256207 0.730335
vt 0.258973 0.730482
vt 0.258973 0.767052
vt 0.256207 0.766905
vt 0.223024 0.730279
vt 0.226016 0.730281
vt 0.226016 0.765848
vt 0.223024 0.765846
vt 0.547351 0.497529
vt 0.544675 0.499824
vt 0.723117 0.464186
vt 0.696472 0.473760
vt 0.760501 0.694783
vt 0.763493 0.694781
vt 0.763493 0.730347
vt 0.760501 0.730349
vt 0.725778 0.424195
vt 0.699133 0.433770
vt 0.641001 0.691979
vt 0.644400 0.691859
vt 0.644400 0.728429
vt 0.641001 0.728549
vt 0.249795 0.730307
vt 0.253108 0.730276
vt 0.253108 0.766846
vt 0.249795 0.766877
vt 0.370878 0.454129
vt 0.370878 0.454129
vt 0.370878 0.454129
vt 0.370878 0.454129
vt 0.637646 0.692183
vt 0.637646 0.728754
vt 0.729912 0.550376
vt 0.698610 0.539048
vt 0.730860 0.553982
vt 0.699558 0.542655
vt 0.724481 0.472010
vt 0.725778 0.475315
vt 0.699133 0.484889
vt 0.697836 0.481584
vt 0.723583 0.468252
vt 0.696938 0.477826
vt 0.229262 0.730283
vt 0.232638 0.730283
vt 0.232638 0.765850
vt 0.229262 0.765849
vt 0.220401 0.730276
vt 0.220401 0.765842
vt 0.730860 0.496216
vt 0.699558 0.484889
vt 0.559212 0.741010
vt 0.538568 0.740241
vt 0.568389 0.741351
vt 0.745690 0.504149
vt 0.754926 0.504149
vt 0.683219 0.742149
vt 0.678047 0.740945
vt 0.647188 0.733758
vt 0.658455 0.258726
vt 0.660905 0.227080
vt 0.696472 0.374362
vt 0.717250 0.374362
vt 0.654649 0.226766
vt 0.655060 0.221462
vt 0.619405 0.363902
vt 0.621262 0.395490
vt 0.621574 0.400785
vt 0.604636 0.400785
vt 0.597106 0.400785
vt 0.596795 0.395490
vt 0.604324 0.395490
vt 0.602467 0.363902
vt 0.611099 0.506508
vt 0.609875 0.509226
vt 0.607886 0.511782
vt 0.605210 0.514078
vt 0.601950 0.516024
vt 0.598230 0.517546
vt 0.594194 0.518586
vt 0.562565 0.520718
vt 0.558367 0.520693
vt 0.554331 0.520128
vt 0.550611 0.519043
vt 0.547351 0.517480
vt 0.544675 0.515500
vt 0.542687 0.513178
vt 0.541462 0.510603
vt 0.541049 0.507875
vt 0.541049 0.507875
vt 0.541462 0.505099
vt 0.542687 0.502380
vt 0.558367 0.493020
vt 0.562565 0.492502
vt 0.594194 0.490913
vt 0.598230 0.491479
vt 0.601950 0.492563
vt 0.605210 0.494126
vt 0.607886 0.496107
vt 0.609875 0.498429
vt 0.611099 0.501003
vt 0.611512 0.503731
vt 0.611512 0.503731
vt 0.375383 0.454129
vt 0.375383 0.484398
vt 0.373028 0.483432
vt 0.373028 0.454129
vt 0.376497 0.463567
vt 0.376497 0.405927
vt 0.448381 0.405927
vt 0.448396 0.405927
vt 0.519384 0.405927
vt 0.519384 0.463567
vt 0.519384 0.464533
vt 0.519384 0.493836
vt 0.519384 0.493836
vt 0.519384 0.523139
vt 0.519384 0.524105
vt 0.519384 0.581745
vt 0.448396 0.581745
vt 0.448381 0.581745
vt 0.376497 0.581745
vt 0.376497 0.524105
vt 0.376497 0.523139
vt 0.376497 0.493836
vt 0.376497 0.493836
vt 0.376497 0.464533
vt 0.631579 0.691859
vt 0.631579 0.728925
vt 0.609421 0.729515
vt 0.609421 0.692449
vt 0.519687 0.363902
vt 0.546285 0.365476
vt 0.546285 0.402426
vt 0.519687 0.400852
vt 0.608971 0.729613
vt 0.608971 0.692547
vt 0.373647 0.517027
vt 0.373647 0.554027
vt 0.373117 0.553900
vt 0.373117 0.516900
vt 0.373647 0.517082
vt 0.373647 0.484398
vt 0.374259 0.484398
vt 0.374259 0.517082
vt 0.376002 0.454133
vt 0.376002 0.486631
vt 0.375383 0.486626
vt 0.375383 0.454129
vt 0.651956 0.401476
vt 0.651956 0.363902
vt 0.654773 0.363938
vt 0.654773 0.401512
vt 0.657481 0.364046
vt 0.657481 0.401620
vt 0.659977 0.364221
vt 0.659977 0.401794
vt 0.662165 0.364456
vt 0.662165 0.402029
vt 0.713056 0.707788
vt 0.718274 0.735629
vt 0.715603 0.736535
vt 0.710386 0.708694
vt 0.712562 0.737083
vt 0.707345 0.709242
vt 0.709267 0.737254
vt 0.704050 0.709413
vt 0.705846 0.737040
vt 0.700628 0.709199
vt 0.702428 0.736450
vt 0.697211 0.708609
vt 0.699147 0.735507
vt 0.693930 0.707665
vt 0.696128 0.734246
vt 0.690911 0.706404
vt 0.681417 0.553815
vt 0.683431 0.530119
vt 0.686483 0.530286
vt 0.684469 0.553982
vt 0.621574 0.402737
vt 0.621574 0.364650
vt 0.623523 0.365094
vt 0.623523 0.403182
vt 0.625836 0.365418
vt 0.625836 0.403505
vt 0.628425 0.365607
vt 0.628425 0.403694
vt 0.631190 0.365655
vt 0.631190 0.403742
vt 0.634026 0.365560
vt 0.634026 0.403647
vt 0.636822 0.365326
vt 0.636822 0.403413
vt 0.639472 0.364962
vt 0.639472 0.403049
vt 0.641874 0.364481
vt 0.641874 0.402568
vt 0.643935 0.363902
vt 0.643935 0.401989
vt 0.596795 0.363902
vt 0.596795 0.397455
vt 0.594135 0.399094
vt 0.594135 0.365541
vt 0.591139 0.400578
vt 0.591139 0.367025
vt 0.587922 0.401849
vt 0.587922 0.368296
vt 0.584609 0.402860
vt 0.584609 0.369307
vt 0.581325 0.403570
vt 0.581325 0.370017
vt 0.578198 0.403953
vt 0.578198 0.370400
vt 0.575348 0.403994
vt 0.575348 0.370442
vt 0.572884 0.403692
vt 0.572884 0.370139
vt 0.643935 0.401794
vt 0.643935 0.364221
vt 0.646431 0.364046
vt 0.646431 0.401620
vt 0.767528 0.647258
vt 0.765613 0.647392
vt 0.765613 0.554227
vt 0.767528 0.554092
vt 0.649140 0.363938
vt 0.649140 0.401512
vt 0.718274 0.701469
vt 0.717914 0.703339
vt 0.716894 0.705059
vt 0.715254 0.706561
vt 0.688269 0.704874
vt 0.686108 0.703135
vt 0.684508 0.701252
vt 0.683533 0.699298
vt 0.683219 0.697348
vt 0.683579 0.695478
vt 0.684599 0.693758
vt 0.686239 0.692256
vt 0.688436 0.691029
vt 0.691107 0.690124
vt 0.694148 0.689575
vt 0.697443 0.689404
vt 0.700864 0.689618
vt 0.704282 0.690208
vt 0.707563 0.691152
vt 0.710582 0.692413
vt 0.713224 0.693943
vt 0.715385 0.695683
vt 0.716985 0.697566
vt 0.717960 0.699519
vt 0.668615 0.509445
vt 0.667914 0.511083
vt 0.664191 0.509409
vt 0.665104 0.507273
vt 0.667685 0.512933
vt 0.663892 0.511820
vt 0.667935 0.514924
vt 0.664219 0.514415
vt 0.668657 0.516979
vt 0.665160 0.517094
vt 0.669822 0.519020
vt 0.666677 0.519754
vt 0.671384 0.520968
vt 0.668714 0.522293
vt 0.673285 0.522748
vt 0.671192 0.524614
vt 0.675451 0.524292
vt 0.674015 0.526626
vt 0.677799 0.525540
vt 0.677075 0.528253
vt 0.680238 0.526445
vt 0.680255 0.529433
vt 0.682675 0.526972
vt 0.685016 0.527100
vt 0.687171 0.526824
vt 0.689293 0.529927
vt 0.689058 0.526156
vt 0.691752 0.529055
vt 0.690604 0.525120
vt 0.693767 0.527705
vt 0.691749 0.523757
vt 0.695260 0.525929
vt 0.692450 0.522119
vt 0.696173 0.523794
vt 0.692679 0.520269
vt 0.696472 0.521383
vt 0.692429 0.518278
vt 0.696145 0.518788
vt 0.691707 0.516223
vt 0.695204 0.516108
vt 0.690542 0.514182
vt 0.693687 0.513448
vt 0.688980 0.512234
vt 0.691650 0.510909
vt 0.687079 0.510454
vt 0.689172 0.508589
vt 0.684913 0.508911
vt 0.686349 0.506576
vt 0.682566 0.507662
vt 0.683289 0.504949
vt 0.680126 0.506758
vt 0.680110 0.503770
vt 0.677689 0.506231
vt 0.676933 0.503084
vt 0.675348 0.506103
vt 0.673881 0.502917
vt 0.673193 0.506378
vt 0.671071 0.503276
vt 0.671306 0.507047
vt 0.668612 0.504147
vt 0.669760 0.508082
vt 0.666597 0.505497
vt 0.500166 0.706135
vt 0.498368 0.707121
vt 0.495590 0.600111
vt 0.497389 0.599125
vt 0.770821 0.453487
vt 0.768646 0.453563
vt 0.768646 0.358981
vt 0.770821 0.358905
vt 0.779599 0.647572
vt 0.777920 0.647392
vt 0.777920 0.554227
vt 0.779599 0.554407
vt 0.769606 0.647176
vt 0.769606 0.554010
vt 0.772966 0.453304
vt 0.772966 0.358722
vt 0.596769 0.762409
vt 0.594622 0.762674
vt 0.594622 0.692124
vt 0.596769 0.691859
vt 0.771766 0.647148
vt 0.771766 0.553982
vt 0.774998 0.453021
vt 0.774998 0.358440
vt 0.599139 0.762470
vt 0.599139 0.691920
vt 0.776840 0.452650
vt 0.776840 0.358068
vt 0.601641 0.762855
vt 0.601641 0.692304
vt 0.778421 0.452203
vt 0.778421 0.357622
vt 0.604178 0.763547
vt 0.604178 0.692997
vt 0.720294 0.776928
vt 0.718274 0.778217
vt 0.718274 0.694681
vt 0.720294 0.693392
vt 0.606653 0.764522
vt 0.606653 0.693971
vt 0.722574 0.775753
vt 0.722574 0.692217
vt 0.608971 0.765741
vt 0.608971 0.695191
vt 0.725026 0.774738
vt 0.725026 0.691203
vt 0.684031 0.467045
vt 0.686467 0.467571
vt 0.727556 0.773923
vt 0.727556 0.690387
vt 0.688809 0.467699
vt 0.730066 0.773338
vt 0.730066 0.689802
vt 0.762762 0.453142
vt 0.761267 0.452803
vt 0.761267 0.358221
vt 0.762762 0.358560
vt 0.732460 0.773006
vt 0.732460 0.689471
vt 0.764538 0.453387
vt 0.764538 0.358805
vt 0.773928 0.647176
vt 0.773928 0.554010
vt 0.734646 0.772940
vt 0.734646 0.689404
vt 0.766524 0.453529
vt 0.766524 0.358948
vt 0.776005 0.647258
vt 0.776005 0.554092
vt 0.736539 0.773142
vt 0.736539 0.689606
vt 0.674726 0.451479
vt 0.674166 0.452789
vt 0.671707 0.451683
vt 0.672408 0.450045
vt 0.673983 0.454268
vt 0.671477 0.453533
vt 0.674183 0.455860
vt 0.671728 0.455524
vt 0.674760 0.457503
vt 0.672450 0.457579
vt 0.675691 0.459135
vt 0.673615 0.459620
vt 0.676941 0.460692
vt 0.675177 0.461568
vt 0.678460 0.462115
vt 0.677078 0.463348
vt 0.680192 0.463350
vt 0.679244 0.464891
vt 0.682069 0.464348
vt 0.681591 0.466140
vt 0.684019 0.465071
vt 0.685968 0.465492
vt 0.687840 0.465594
vt 0.689563 0.465374
vt 0.690964 0.467423
vt 0.691072 0.464840
vt 0.692851 0.466755
vt 0.692308 0.464012
vt 0.694397 0.465720
vt 0.693223 0.462922
vt 0.695542 0.464357
vt 0.693784 0.461613
vt 0.696243 0.462719
vt 0.693967 0.460134
vt 0.696472 0.460869
vt 0.693766 0.458542
vt 0.696221 0.458878
vt 0.693189 0.456898
vt 0.695500 0.456823
vt 0.692258 0.455267
vt 0.694335 0.454782
vt 0.691009 0.453709
vt 0.692773 0.452834
vt 0.689489 0.452286
vt 0.690872 0.451054
vt 0.687758 0.451052
vt 0.688706 0.449510
vt 0.685881 0.450054
vt 0.686358 0.448262
vt 0.683930 0.449330
vt 0.683919 0.447357
vt 0.681982 0.448909
vt 0.681482 0.446830
vt 0.680110 0.448807
vt 0.679141 0.446702
vt 0.678387 0.449027
vt 0.676985 0.446978
vt 0.676878 0.449562
vt 0.675099 0.447646
vt 0.675642 0.450390
vt 0.673553 0.448682
vt 0.503326 0.597040
vt 0.501332 0.597559
vt 0.501332 0.594645
vt 0.503693 0.594030
vt 0.356583 0.603078
vt 0.358389 0.604138
vt 0.354165 0.694445
vt 0.352359 0.693385
vt 0.502104 0.705273
vt 0.499327 0.598263
vt 0.688880 0.388953
vt 0.690828 0.389374
vt 0.504109 0.704569
vt 0.692700 0.389476
vt 0.506103 0.704050
vt 0.750698 0.357285
vt 0.749502 0.357014
vt 0.749502 0.235813
vt 0.750697 0.236084
vt 0.508010 0.703735
vt 0.505233 0.596725
vt 0.752117 0.357481
vt 0.752117 0.236281
vt 0.740003 0.553665
vt 0.738275 0.553643
vt 0.738275 0.434256
vt 0.740003 0.434279
vt 0.509755 0.703636
vt 0.506978 0.596627
vt 0.753705 0.357595
vt 0.753705 0.236394
vt 0.741664 0.553731
vt 0.741664 0.434345
vt 0.511273 0.703759
vt 0.508496 0.596749
vt 0.755401 0.357622
vt 0.755401 0.236421
vt 0.743195 0.553838
vt 0.743195 0.434452
vt 0.734886 0.553731
vt 0.733355 0.553838
vt 0.733355 0.434452
vt 0.734886 0.434345
vt 0.757140 0.357561
vt 0.757140 0.236360
vt 0.744537 0.553982
vt 0.744537 0.434596
vt 0.736548 0.553665
vt 0.736548 0.434279
vt 0.758855 0.357415
vt 0.758855 0.236214
vt 0.366204 0.606194
vt 0.367929 0.606063
vt 0.363705 0.696371
vt 0.361980 0.696502
vt 0.760480 0.357189
vt 0.760480 0.235988
vt 0.364314 0.606057
vt 0.360090 0.696365
vt 0.761953 0.356892
vt 0.761953 0.235691
vt 0.362330 0.605657
vt 0.358106 0.695964
vt 0.763217 0.356534
vt 0.763217 0.235334
vt 0.360330 0.605009
vt 0.356106 0.695316
vt 0.496779 0.708194
vt 0.494002 0.601184
vt 0.288470 0.742416
vt 0.288624 0.740059
vt 0.288762 0.740111
vt 0.288611 0.742439
vt 0.348401 0.689502
vt 0.349421 0.690865
vt 0.347822 0.692826
vt 0.346615 0.691212
vt 0.505950 0.593657
vt 0.347738 0.688140
vt 0.345829 0.689599
vt 0.738275 0.431779
vt 0.740321 0.431806
vt 0.508017 0.593541
vt 0.751307 0.234377
vt 0.753188 0.234512
vt 0.742288 0.431884
vt 0.509815 0.593686
vt 0.755196 0.234543
vt 0.365197 0.695976
vt 0.366401 0.695333
vt 0.367929 0.698117
vt 0.366504 0.698878
vt 0.509728 0.597087
vt 0.511273 0.594086
vt 0.757255 0.234471
vt 0.364737 0.699345
vt 0.734263 0.431884
vt 0.736229 0.431806
vt 0.759286 0.234299
vt 0.362694 0.699501
vt 0.491689 0.603422
vt 0.491052 0.604502
vt 0.489159 0.602866
vt 0.489912 0.601588
vt 0.360456 0.699338
vt 0.492685 0.602302
vt 0.491092 0.600261
vt 0.358107 0.698864
vt 0.492652 0.598937
vt 0.355738 0.698097
vt 0.494533 0.597667
vt 0.353440 0.697065
vt 0.496662 0.596499
vt 0.351302 0.695810
vt 0.498958 0.595479
vt 0.350757 0.692176
vt 0.349405 0.694378
vt 0.289816 0.749135
vt 0.289078 0.747043
vt 0.289212 0.747009
vt 0.289940 0.749074
vt 0.672970 0.382373
vt 0.672228 0.380286
vt 0.672361 0.380206
vt 0.673094 0.382268
vt 0.288624 0.744775
vt 0.288762 0.744768
vt 0.673967 0.384202
vt 0.674079 0.384074
vt 0.501059 0.584129
vt 0.503420 0.583513
vt 0.675183 0.385702
vt 0.675280 0.385556
vt 0.676570 0.386815
vt 0.676650 0.386656
vt 0.290810 0.750969
vt 0.290922 0.750886
vt 0.678075 0.387500
vt 0.678137 0.387331
vt 0.676570 0.364483
vt 0.678075 0.363792
vt 0.678137 0.363916
vt 0.676650 0.364598
vt 0.292020 0.752474
vt 0.292117 0.752374
vt 0.679640 0.387728
vt 0.679683 0.387557
vt 0.738275 0.420046
vt 0.740321 0.420072
vt 0.293402 0.753595
vt 0.293482 0.753480
vt 0.294900 0.730579
vt 0.296459 0.730351
vt 0.296501 0.730522
vt 0.294962 0.730748
vt 0.673967 0.367110
vt 0.675183 0.365604
vt 0.675280 0.365705
vt 0.674079 0.367193
vt 0.294900 0.754287
vt 0.294962 0.754163
vt 0.293402 0.731263
vt 0.293482 0.731423
vt 0.672970 0.368944
vt 0.673094 0.369004
vt 0.292020 0.732376
vt 0.292117 0.732523
vt 0.672228 0.371035
vt 0.672361 0.371070
vt 0.290810 0.733876
vt 0.290922 0.734004
vt 0.671772 0.373304
vt 0.671911 0.373310
vt 0.289816 0.735705
vt 0.289940 0.735811
vt 0.671617 0.375662
vt 0.671758 0.375639
vt 0.289078 0.737793
vt 0.289212 0.737873
vt 0.671772 0.378019
vt 0.671911 0.377968
vt 0.276636 0.754292
vt 0.277918 0.754316
vt 0.277756 0.754772
vt 0.276432 0.754747
vt 0.749626 0.234145
vt 0.748210 0.233824
vt 0.748210 0.221913
vt 0.749626 0.222233
vt 0.505677 0.583140
vt 0.751307 0.222465
vt 0.742288 0.420151
vt 0.507745 0.583024
vt 0.753188 0.222600
vt 0.296459 0.754523
vt 0.296501 0.754396
vt 0.509542 0.583169
vt 0.755196 0.222632
vt 0.744101 0.432011
vt 0.744101 0.420277
vt 0.732449 0.432011
vt 0.732449 0.420277
vt 0.734263 0.420151
vt 0.757255 0.222560
vt 0.745690 0.432181
vt 0.745690 0.420448
vt 0.736229 0.420072
vt 0.759286 0.222387
vt 0.364322 0.708221
vt 0.362279 0.708376
vt 0.761211 0.234031
vt 0.761211 0.222120
vt 0.360041 0.708214
vt 0.762955 0.233679
vt 0.762955 0.221767
vt 0.357692 0.707740
vt 0.764451 0.233256
vt 0.764451 0.221345
vt 0.355323 0.706972
vt 0.492379 0.588421
vt 0.494260 0.587150
vt 0.353025 0.705941
vt 0.496389 0.585983
vt 0.350887 0.704685
vt 0.498685 0.584962
vt 0.664682 0.387004
vt 0.663892 0.384780
vt 0.670505 0.381250
vt 0.671295 0.383475
vt 0.665745 0.388953
vt 0.672358 0.385423
vt 0.261420 0.737869
vt 0.262113 0.735913
vt 0.262356 0.736102
vt 0.261686 0.737993
vt 0.517809 0.672739
vt 0.517912 0.674533
vt 0.517116 0.674523
vt 0.517013 0.672729
vt 0.516580 0.616069
vt 0.516580 0.614031
vt 0.517388 0.614059
vt 0.517388 0.616097
vt 0.518249 0.661443
vt 0.518060 0.663012
vt 0.517264 0.663002
vt 0.517453 0.661433
vt 0.517757 0.670793
vt 0.516961 0.670782
vt 0.516681 0.618082
vt 0.517489 0.618110
vt 0.270835 0.750822
vt 0.271802 0.752601
vt 0.271241 0.752822
vt 0.270274 0.751043
vt 0.516879 0.619993
vt 0.517687 0.620021
vt 0.270075 0.748736
vt 0.269514 0.748957
vt 0.517912 0.664803
vt 0.517116 0.664793
vt 0.517166 0.621728
vt 0.517974 0.621757
vt 0.269552 0.746426
vt 0.268991 0.746647
vt 0.517533 0.623222
vt 0.518340 0.623250
vt 0.269285 0.743978
vt 0.268724 0.744198
vt 0.370152 0.616035
vt 0.370633 0.618227
vt 0.369963 0.617981
vt 0.369482 0.615789
vt 0.269285 0.741487
vt 0.268724 0.741708
vt 0.369856 0.613652
vt 0.369186 0.613406
vt 0.269552 0.739050
vt 0.268991 0.739270
vt 0.369756 0.611170
vt 0.369086 0.610924
vt 0.259754 0.750107
vt 0.258973 0.747907
vt 0.259422 0.747668
vt 0.260203 0.749867
vt 0.369856 0.608684
vt 0.369186 0.608438
vt 0.260806 0.752033
vt 0.261254 0.751794
vt 0.370152 0.606289
vt 0.369482 0.606043
vt 0.517166 0.608540
vt 0.517533 0.607152
vt 0.518340 0.607180
vt 0.517974 0.608569
vt 0.370633 0.604078
vt 0.369963 0.603832
vt 0.516879 0.610193
vt 0.517687 0.610222
vt 0.371281 0.602136
vt 0.370611 0.601890
vt 0.516681 0.612047
vt 0.517489 0.612075
vt 0.517809 0.666747
vt 0.517013 0.666737
vt 0.372070 0.600537
vt 0.371400 0.600291
vt 0.687414 0.378087
vt 0.685704 0.378031
vt 0.685652 0.377702
vt 0.687371 0.377758
vt 0.264183 0.732790
vt 0.265481 0.731742
vt 0.265612 0.732070
vt 0.264358 0.733083
vt 0.281814 0.734758
vt 0.282946 0.733355
vt 0.283120 0.733687
vt 0.282026 0.735043
vt 0.260993 0.739990
vt 0.261273 0.740044
vt 0.280885 0.736468
vt 0.281127 0.736696
vt 0.260849 0.742196
vt 0.261134 0.742176
vt 0.280195 0.738420
vt 0.280460 0.738584
vt 0.260993 0.744400
vt 0.261273 0.744308
vt 0.279770 0.740540
vt 0.280049 0.740633
vt 0.261420 0.746520
vt 0.261686 0.746356
vt 0.279626 0.742744
vt 0.279910 0.742764
vt 0.262113 0.748471
vt 0.262356 0.748244
vt 0.279770 0.744950
vt 0.280049 0.744896
vt 0.263047 0.750182
vt 0.263258 0.749897
vt 0.280195 0.747071
vt 0.280460 0.746947
vt 0.264183 0.751585
vt 0.264358 0.751253
vt 0.280885 0.749027
vt 0.281127 0.748838
vt 0.265481 0.752626
vt 0.265612 0.752260
vt 0.281814 0.750742
vt 0.282026 0.750496
vt 0.266888 0.753266
vt 0.266972 0.752879
vt 0.287097 0.754066
vt 0.285639 0.753845
vt 0.285724 0.753496
vt 0.287133 0.753709
vt 0.282946 0.752151
vt 0.283120 0.751858
vt 0.268352 0.753480
vt 0.268387 0.753085
vt 0.266888 0.731095
vt 0.266972 0.731444
vt 0.284238 0.753198
vt 0.284369 0.752871
vt 0.285639 0.731674
vt 0.287097 0.731461
vt 0.287133 0.731855
vt 0.285724 0.732062
vt 0.263047 0.734198
vt 0.263258 0.734444
vt 0.284238 0.732314
vt 0.284369 0.732680
vt 0.684047 0.377853
vt 0.681439 0.363742
vt 0.683413 0.363556
vt 0.240291 0.733506
vt 0.242020 0.733292
vt 0.241978 0.733670
vt 0.240240 0.733885
vt 0.689173 0.378348
vt 0.689139 0.378020
vt 0.238658 0.733559
vt 0.238598 0.733938
vt 0.690912 0.378803
vt 0.690889 0.378478
vt 0.237184 0.733447
vt 0.237116 0.733826
vt 0.692567 0.379434
vt 0.692552 0.379112
vt 0.235925 0.733177
vt 0.235851 0.733554
vt 0.694072 0.380218
vt 0.694065 0.379901
vt 0.763156 0.554487
vt 0.764450 0.554387
vt 0.764476 0.554790
vt 0.763175 0.554891
vt 0.695370 0.381125
vt 0.695370 0.380812
vt 0.761752 0.554554
vt 0.761763 0.554959
vt 0.754692 0.357855
vt 0.756127 0.357864
vt 0.756144 0.358259
vt 0.754701 0.358251
vt 0.758672 0.358100
vt 0.759685 0.358319
vt 0.759722 0.358717
vt 0.758703 0.358497
vt 0.760291 0.554584
vt 0.760294 0.554989
vt 0.751773 0.358060
vt 0.753222 0.357922
vt 0.753223 0.358317
vt 0.751767 0.358456
vt 0.757471 0.357946
vt 0.757494 0.358342
vt 0.758830 0.554577
vt 0.758826 0.554982
vt 0.749159 0.358529
vt 0.750402 0.358265
vt 0.750388 0.358662
vt 0.749138 0.358928
vt 0.757425 0.554532
vt 0.757413 0.554937
vt 0.248566 0.731067
vt 0.249795 0.730275
vt 0.249795 0.730637
vt 0.248560 0.731432
vt 0.756130 0.554452
vt 0.756111 0.554856
vt 0.247116 0.731790
vt 0.247102 0.732159
vt 0.754994 0.554339
vt 0.754969 0.554742
vt 0.245499 0.732417
vt 0.245476 0.732790
vt 0.684108 0.378181
vt 0.682688 0.378532
vt 0.682620 0.378205
vt 0.243779 0.732924
vt 0.243746 0.733300
vt 0.521178 0.764699
vt 0.520202 0.762994
vt 0.522021 0.761497
vt 0.522822 0.762896
vt 0.242353 0.749440
vt 0.240178 0.749895
vt 0.685528 0.363626
vt 0.238039 0.750160
vt 0.687704 0.363948
vt 0.236019 0.750225
vt 0.689856 0.364510
vt 0.234195 0.750088
vt 0.691903 0.365292
vt 0.232638 0.749753
vt 0.693764 0.366261
vt 0.765575 0.572131
vt 0.763975 0.572255
vt 0.755091 0.375221
vt 0.753272 0.375303
vt 0.695370 0.367383
vt 0.762238 0.572338
vt 0.751480 0.375474
vt 0.761267 0.375794
vt 0.760014 0.375523
vt 0.760431 0.572375
vt 0.749782 0.375727
vt 0.758527 0.375333
vt 0.758624 0.572366
vt 0.748245 0.376054
vt 0.756865 0.375231
vt 0.756885 0.572311
vt 0.249795 0.746164
vt 0.248275 0.747143
vt 0.755283 0.572211
vt 0.246482 0.748037
vt 0.753878 0.572072
vt 0.244481 0.748813
vt 0.679683 0.364175
vt 0.741700 0.222765
vt 0.743409 0.223343
vt 0.737428 0.314163
vt 0.735718 0.313585
vt 0.368364 0.634049
vt 0.368508 0.631831
vt 0.371113 0.632910
vt 0.370995 0.634731
vt 0.522487 0.766326
vt 0.523896 0.764232
vt 0.368508 0.636269
vt 0.371113 0.636552
vt 0.524078 0.767813
vt 0.525202 0.765451
vt 0.368936 0.638404
vt 0.371464 0.638304
vt 0.525891 0.769102
vt 0.526689 0.766509
vt 0.369631 0.640372
vt 0.372034 0.639920
vt 0.527855 0.770143
vt 0.528301 0.767363
vt 0.370566 0.642098
vt 0.372802 0.641336
vt 0.529896 0.770897
vt 0.529976 0.767982
vt 0.371705 0.643516
vt 0.373736 0.642499
vt 0.531935 0.771335
vt 0.531649 0.768342
vt 0.373005 0.644570
vt 0.374803 0.643364
vt 0.754909 0.377941
vt 0.753417 0.378008
vt 0.533893 0.771440
vt 0.533256 0.768427
vt 0.763355 0.574315
vt 0.761929 0.574382
vt 0.751946 0.378149
vt 0.535695 0.771207
vt 0.534734 0.768236
vt 0.760447 0.574413
vt 0.371705 0.624600
vt 0.373005 0.623552
vt 0.374803 0.626117
vt 0.373737 0.626977
vt 0.537272 0.770646
vt 0.536029 0.767776
vt 0.758964 0.574406
vt 0.370566 0.626012
vt 0.372802 0.628136
vt 0.538564 0.769778
vt 0.537089 0.767064
vt 0.757538 0.574360
vt 0.369631 0.627733
vt 0.372034 0.629548
vt 0.756365 0.377950
vt 0.519596 0.761275
vt 0.519384 0.759611
vt 0.521350 0.758721
vt 0.521524 0.760087
vt 0.368936 0.629698
vt 0.371464 0.631160
vt 0.745747 0.312078
vt 0.745856 0.311044
vt 0.748087 0.311720
vt 0.747951 0.313018
vt 0.767251 0.223537
vt 0.768894 0.223317
vt 0.768894 0.331101
vt 0.767251 0.331320
vt 0.740044 0.221996
vt 0.734063 0.312816
vt 0.765750 0.223574
vt 0.765750 0.331358
vt 0.738506 0.221066
vt 0.732525 0.311886
vt 0.764451 0.223429
vt 0.764451 0.331212
vt 0.737145 0.220011
vt 0.731163 0.310830
vt 0.764668 0.574212
vt 0.765613 0.694580
vt 0.764300 0.694682
vt 0.756199 0.500075
vt 0.754707 0.500142
vt 0.536957 0.691859
vt 0.538564 0.691945
vt 0.762874 0.694750
vt 0.753236 0.500282
vt 0.758948 0.378189
vt 0.759977 0.378411
vt 0.761267 0.500545
vt 0.760238 0.500323
vt 0.761392 0.694781
vt 0.750553 0.378357
vt 0.751843 0.500490
vt 0.757729 0.378033
vt 0.759019 0.500167
vt 0.759908 0.694773
vt 0.749292 0.378624
vt 0.750581 0.500758
vt 0.757655 0.500083
vt 0.758482 0.694728
vt 0.748210 0.378942
vt 0.749500 0.501075
vt 0.756223 0.574279
vt 0.757168 0.694646
vt 0.775612 0.220889
vt 0.777003 0.220011
vt 0.777003 0.327794
vt 0.775612 0.328672
vt 0.755070 0.574164
vt 0.756015 0.694531
vt 0.774043 0.221687
vt 0.774043 0.329470
vt 0.746729 0.223848
vt 0.748210 0.223754
vt 0.742229 0.314573
vt 0.740747 0.314667
vt 0.772357 0.222374
vt 0.772357 0.330158
vt 0.745108 0.223709
vt 0.739126 0.314528
vt 0.770618 0.222925
vt 0.770618 0.330708
vt 0.776219 0.741282
vt 0.774569 0.741166
vt 0.774569 0.647668
vt 0.776219 0.647783
vt 0.730730 0.302998
vt 0.729691 0.303537
vt 0.727786 0.302292
vt 0.729092 0.301616
vt 0.728617 0.307333
vt 0.729171 0.308509
vt 0.727133 0.308537
vt 0.726437 0.307059
vt 0.745308 0.312979
vt 0.747399 0.314150
vt 0.732016 0.302676
vt 0.730706 0.301211
vt 0.728389 0.306206
vt 0.726151 0.305644
vt 0.744554 0.313713
vt 0.746452 0.315071
vt 0.733498 0.302583
vt 0.732567 0.301094
vt 0.728497 0.305172
vt 0.726287 0.304345
vt 0.743514 0.314251
vt 0.745146 0.315748
vt 0.735118 0.302721
vt 0.734602 0.301268
vt 0.743532 0.316152
vt 0.736816 0.303087
vt 0.736735 0.301727
vt 0.741671 0.316270
vt 0.738526 0.303665
vt 0.738882 0.302453
vt 0.739636 0.316095
vt 0.740182 0.304434
vt 0.740961 0.303419
vt 0.737503 0.315637
vt 0.741720 0.305364
vt 0.742893 0.304586
vt 0.735356 0.314910
vt 0.743082 0.306419
vt 0.744603 0.305912
vt 0.733277 0.313945
vt 0.744214 0.307559
vt 0.746025 0.307344
vt 0.731345 0.312777
vt 0.745074 0.308740
vt 0.747105 0.308827
vt 0.729635 0.311451
vt 0.745628 0.309917
vt 0.747801 0.310304
vt 0.728937 0.304271
vt 0.726839 0.303214
vt 0.730031 0.309690
vt 0.728213 0.310019
vt 0.735481 0.386793
vt 0.737517 0.386967
vt 0.739285 0.390155
vt 0.736453 0.389913
vt 0.738280 0.776703
vt 0.736540 0.777815
vt 0.736540 0.693963
vt 0.738280 0.692850
vt 0.777666 0.741437
vt 0.777666 0.647938
vt 0.740244 0.775689
vt 0.740244 0.691837
vt 0.739378 0.386850
vt 0.742356 0.774813
vt 0.742356 0.690961
vt 0.744536 0.774108
vt 0.744536 0.690256
vt 0.733349 0.386334
vt 0.746698 0.773603
vt 0.746698 0.689751
vt 0.731202 0.385608
vt 0.748761 0.773315
vt 0.748761 0.689463
vt 0.729123 0.384642
vt 0.750645 0.773257
vt 0.750645 0.689404
vt 0.727191 0.383474
vt 0.752277 0.773429
vt 0.752277 0.689577
vt 0.513294 0.581745
vt 0.515418 0.582066
vt 0.515418 0.641830
vt 0.513294 0.641508
vt 0.767263 0.741166
vt 0.765613 0.741282
vt 0.765613 0.647783
vt 0.767263 0.647668
vt 0.767817 0.453629
vt 0.769691 0.453563
vt 0.769691 0.548490
vt 0.767817 0.548555
vt 0.511273 0.581762
vt 0.511273 0.641525
vt 0.769054 0.741095
vt 0.769054 0.647597
vt 0.765968 0.453786
vt 0.765968 0.548713
vt 0.774761 0.453925
vt 0.776050 0.454217
vt 0.776050 0.549144
vt 0.774761 0.548852
vt 0.770916 0.741071
vt 0.770916 0.647572
vt 0.764216 0.454030
vt 0.764216 0.548957
vt 0.773232 0.453714
vt 0.773232 0.548641
vt 0.772778 0.741095
vt 0.772778 0.647597
vt 0.762629 0.454350
vt 0.762629 0.549277
vt 0.771520 0.453592
vt 0.771520 0.548519
vt 0.761267 0.454735
vt 0.761267 0.549662
vt 0.727607 0.386921
vt 0.730499 0.388264
vt 0.728918 0.414746
vt 0.726025 0.413403
vt 0.736807 0.374116
vt 0.734728 0.373151
vt 0.735404 0.370934
vt 0.738297 0.372277
vt 0.733486 0.389275
vt 0.738739 0.375284
vt 0.740984 0.373902
vt 0.740449 0.376609
vt 0.743363 0.375746
vt 0.741871 0.378041
vt 0.745342 0.377738
vt 0.724919 0.385296
vt 0.742951 0.379524
vt 0.746844 0.379801
vt 0.725481 0.382149
vt 0.722541 0.383452
vt 0.743647 0.381002
vt 0.747812 0.381857
vt 0.722685 0.373911
vt 0.722133 0.375043
vt 0.717883 0.373566
vt 0.718651 0.371992
vt 0.724059 0.380717
vt 0.720562 0.381461
vt 0.743932 0.382417
vt 0.748210 0.383825
vt 0.723632 0.372989
vt 0.719968 0.370710
vt 0.722979 0.379234
vt 0.719060 0.379397
vt 0.743797 0.383715
vt 0.748021 0.385632
vt 0.724938 0.372313
vt 0.721785 0.369769
vt 0.722283 0.377756
vt 0.718091 0.377342
vt 0.743245 0.384847
vt 0.747253 0.387206
vt 0.726552 0.371909
vt 0.724030 0.369206
vt 0.721997 0.376341
vt 0.717694 0.375373
vt 0.742298 0.385769
vt 0.745936 0.388489
vt 0.728413 0.371791
vt 0.726619 0.369043
vt 0.740992 0.386445
vt 0.744119 0.389429
vt 0.730449 0.371965
vt 0.729451 0.369285
vt 0.741873 0.389992
vt 0.732581 0.372424
vt 0.732417 0.369924
vt 0.570005 0.714822
vt 0.571474 0.713271
vt 0.573329 0.712215
vt 0.575497 0.711694
vt 0.577897 0.711727
vt 0.580436 0.712314
vt 0.583015 0.713431
vt 0.585536 0.715037
vt 0.587903 0.717068
vt 0.590024 0.719448
vt 0.591817 0.722085
vt 0.593214 0.724877
vt 0.594161 0.727718
vt 0.594622 0.730496
vt 0.594579 0.733108
vt 0.594033 0.735451
vt 0.593006 0.737436
vt 0.591537 0.738986
vt 0.589682 0.740043
vt 0.587513 0.740564
vt 0.585113 0.740531
vt 0.582575 0.739944
vt 0.579996 0.738827
vt 0.577474 0.737221
vt 0.575108 0.735189
vt 0.572987 0.732809
vt 0.571194 0.730173
vt 0.569797 0.727381
vt 0.568849 0.724540
vt 0.568389 0.721761
vt 0.568432 0.719150
vt 0.568978 0.716807
vt 0.348100 0.715462
vt 0.350720 0.715383
vt 0.350720 0.746795
vt 0.348100 0.746874
vt 0.723338 0.411778
vt 0.345829 0.715220
vt 0.345829 0.746632
vt 0.592100 0.692976
vt 0.594622 0.694582
vt 0.631834 0.764778
vt 0.629538 0.764939
vt 0.629538 0.729905
vt 0.631834 0.729745
vt 0.620425 0.766717
vt 0.617818 0.766808
vt 0.617818 0.731243
vt 0.620425 0.731151
vt 0.589521 0.691859
vt 0.634325 0.764679
vt 0.634325 0.729646
vt 0.622997 0.766497
vt 0.622997 0.730932
vt 0.610764 0.766303
vt 0.608971 0.765897
vt 0.608971 0.730332
vt 0.610764 0.730738
vt 0.636915 0.764646
vt 0.636915 0.729613
vt 0.625434 0.766159
vt 0.625434 0.730594
vt 0.612893 0.766597
vt 0.612893 0.731032
vt 0.639506 0.764679
vt 0.639506 0.729646
vt 0.627643 0.765713
vt 0.627643 0.730148
vt 0.615274 0.766768
vt 0.615274 0.731202
vt 0.641997 0.764778
vt 0.641997 0.729745
vt 0.629538 0.765178
vt 0.629538 0.729612
vt 0.644293 0.764939
vt 0.644293 0.729905
vt 0.365305 0.710682
vt 0.367728 0.709136
vt 0.367728 0.740548
vt 0.365305 0.742094
vt 0.646305 0.765155
vt 0.646305 0.730122
vt 0.362572 0.712090
vt 0.362572 0.743502
vt 0.740292 0.416474
vt 0.737704 0.416637
vt 0.359632 0.713306
vt 0.359632 0.744718
vt 0.734872 0.416395
vt 0.356600 0.714284
vt 0.356600 0.745696
vt 0.731905 0.415756
vt 0.353590 0.714985
vt 0.353590 0.746397
vt 0.374347 0.622592
vt 0.375262 0.623253
vt 0.375013 0.623552
vt 0.374068 0.622869
vt 0.375262 0.599839
vt 0.374347 0.600537
vt 0.374068 0.600101
vt 0.375013 0.599381
vt 0.273128 0.751579
vt 0.274194 0.752896
vt 0.273911 0.753307
vt 0.272811 0.751946
vt 0.277918 0.730612
vt 0.276636 0.730588
vt 0.276432 0.730276
vt 0.277756 0.730301
vt 0.373503 0.601656
vt 0.373197 0.601257
vt 0.275378 0.753812
vt 0.275134 0.754252
vt 0.275378 0.731019
vt 0.275134 0.730721
vt 0.372764 0.603155
vt 0.372434 0.602804
vt 0.517757 0.668770
vt 0.516961 0.668759
vt 0.274194 0.731889
vt 0.273911 0.731620
vt 0.372157 0.604976
vt 0.371807 0.604683
vt 0.273128 0.733166
vt 0.272811 0.732938
vt 0.371706 0.607048
vt 0.371341 0.606823
vt 0.272221 0.734800
vt 0.271875 0.734625
vt 0.371428 0.609293
vt 0.371055 0.609140
vt 0.271509 0.736728
vt 0.271139 0.736615
vt 0.371334 0.611623
vt 0.370958 0.611546
vt 0.271018 0.738876
vt 0.270633 0.738832
vt 0.371428 0.613950
vt 0.371055 0.613948
vt 0.270768 0.741160
vt 0.270375 0.741191
vt 0.371706 0.616184
vt 0.371341 0.616254
vt 0.270768 0.743495
vt 0.270375 0.743601
vt 0.372157 0.618239
vt 0.371807 0.618376
vt 0.271018 0.745790
vt 0.270633 0.745970
vt 0.372764 0.620036
vt 0.372434 0.620230
vt 0.271509 0.747956
vt 0.271139 0.748206
vt 0.373503 0.621506
vt 0.373197 0.621748
vt 0.272221 0.749911
vt 0.271875 0.750224
vt 0.519330 0.668790
vt 0.519330 0.670687
vt 0.519029 0.670744
vt 0.519029 0.668786
vt 0.268735 0.746747
vt 0.268468 0.744300
vt 0.518343 0.621769
vt 0.518708 0.623263
vt 0.269258 0.749058
vt 0.518055 0.620034
vt 0.270019 0.751143
vt 0.517857 0.618123
vt 0.516598 0.670778
vt 0.516598 0.668755
vt 0.270986 0.752923
vt 0.517756 0.616110
vt 0.516650 0.672724
vt 0.516901 0.662997
vt 0.517090 0.661428
vt 0.517756 0.614072
vt 0.516753 0.674518
vt 0.516753 0.664788
vt 0.517857 0.612088
vt 0.370305 0.601778
vt 0.371094 0.600178
vt 0.516650 0.666732
vt 0.518055 0.610234
vt 0.369658 0.603720
vt 0.518343 0.608582
vt 0.369177 0.605931
vt 0.518708 0.607193
vt 0.368880 0.608325
vt 0.260408 0.749758
vt 0.261459 0.751685
vt 0.368780 0.610811
vt 0.259627 0.747558
vt 0.368880 0.613294
vt 0.268468 0.741809
vt 0.268735 0.739371
vt 0.369177 0.615676
vt 0.369658 0.617868
vt 0.516062 0.668748
vt 0.516113 0.666743
vt 0.515594 0.668742
vt 0.515644 0.666786
vt 0.515265 0.668738
vt 0.515314 0.666855
vt 0.266706 0.730617
vt 0.268241 0.730386
vt 0.268352 0.730875
vt 0.516215 0.664815
vt 0.515743 0.664906
vt 0.264899 0.730980
vt 0.266433 0.730275
vt 0.265230 0.731295
vt 0.516362 0.663039
vt 0.515887 0.663174
vt 0.263486 0.732122
vt 0.263870 0.732394
vt 0.516549 0.661484
vt 0.261819 0.733588
vt 0.263089 0.732015
vt 0.262247 0.733657
vt 0.262678 0.733870
vt 0.270637 0.752992
vt 0.269678 0.751227
vt 0.260777 0.735504
vt 0.261231 0.735525
vt 0.261700 0.735669
vt 0.268925 0.749160
vt 0.260002 0.737688
vt 0.260475 0.737656
vt 0.260973 0.737720
vt 0.259145 0.740202
vt 0.259627 0.737812
vt 0.259525 0.740058
vt 0.260010 0.739968
vt 0.260525 0.739943
vt 0.258983 0.742687
vt 0.259364 0.742521
vt 0.259853 0.742370
vt 0.260374 0.742256
vt 0.259145 0.745171
vt 0.259525 0.744984
vt 0.260010 0.744772
vt 0.260525 0.744567
vt 0.260002 0.747351
vt 0.260475 0.747082
vt 0.260973 0.746789
vt 0.260777 0.749532
vt 0.261231 0.749209
vt 0.261700 0.748836
vt 0.261819 0.751443
vt 0.262247 0.751072
vt 0.262678 0.750630
vt 0.262740 0.753265
vt 0.263089 0.753009
vt 0.263486 0.752601
vt 0.263870 0.752100
vt 0.518916 0.608660
vt 0.518631 0.610299
vt 0.264538 0.754173
vt 0.264900 0.753735
vt 0.265230 0.753192
vt 0.518435 0.612137
vt 0.519196 0.610444
vt 0.519005 0.612237
vt 0.266433 0.754432
vt 0.266706 0.753863
vt 0.518335 0.614104
vt 0.518907 0.614155
vt 0.268028 0.754665
vt 0.268241 0.754086
vt 0.518335 0.616124
vt 0.518907 0.616126
vt 0.285182 0.730508
vt 0.286770 0.730276
vt 0.286985 0.730854
vt 0.285457 0.731077
vt 0.518435 0.618120
vt 0.519005 0.618073
vt 0.283655 0.731205
vt 0.283987 0.731748
vt 0.518631 0.620014
vt 0.519196 0.619921
vt 0.282248 0.732340
vt 0.282633 0.732840
vt 0.518916 0.621735
vt 0.280584 0.733497
vt 0.281849 0.731930
vt 0.281014 0.733868
vt 0.281446 0.734310
vt 0.279175 0.735182
vt 0.280222 0.733255
vt 0.279546 0.735408
vt 0.280002 0.735731
vt 0.280472 0.736104
vt 0.278397 0.737382
vt 0.278775 0.737588
vt 0.279250 0.737859
vt 0.279748 0.738151
vt 0.277918 0.739769
vt 0.278300 0.739955
vt 0.278786 0.740167
vt 0.279302 0.740373
vt 0.368463 0.613102
vt 0.368364 0.610641
vt 0.278140 0.742418
vt 0.278630 0.742570
vt 0.279152 0.742684
vt 0.368463 0.608176
vt 0.278300 0.744882
vt 0.278786 0.744973
vt 0.279302 0.744996
vt 0.368757 0.605802
vt 0.278775 0.747251
vt 0.279250 0.747284
vt 0.279748 0.747221
vt 0.369233 0.603610
vt 0.279546 0.749436
vt 0.280002 0.749415
vt 0.280472 0.749271
vt 0.369875 0.601685
vt 0.280584 0.751352
vt 0.281014 0.751284
vt 0.281446 0.751069
vt 0.516901 0.676091
vt 0.516362 0.676022
vt 0.516215 0.674462
vt 0.281849 0.752925
vt 0.282248 0.752818
vt 0.282633 0.752546
vt 0.516113 0.672683
vt 0.515743 0.674316
vt 0.515644 0.672580
vt 0.283655 0.753960
vt 0.283987 0.753645
vt 0.516062 0.670754
vt 0.515594 0.670698
vt 0.285182 0.754665
vt 0.285457 0.754323
vt 0.515265 0.670620
vt 0.286985 0.754555
vt 0.268387 0.731231
vt 0.261807 0.740146
vt 0.261677 0.742139
vt 0.282428 0.735586
vt 0.281589 0.737131
vt 0.262192 0.738230
vt 0.283451 0.734318
vt 0.262819 0.736463
vt 0.284618 0.733378
vt 0.285884 0.752830
vt 0.287201 0.753030
vt 0.263662 0.734914
vt 0.285884 0.732800
vt 0.284618 0.752246
vt 0.264689 0.733641
vt 0.287201 0.732607
vt 0.283451 0.751299
vt 0.265861 0.732694
vt 0.267132 0.752140
vt 0.268455 0.752333
vt 0.282428 0.750027
vt 0.268455 0.731911
vt 0.267132 0.732110
vt 0.265861 0.751562
vt 0.281589 0.748477
vt 0.264689 0.750622
vt 0.280965 0.746710
vt 0.263662 0.749354
vt 0.280581 0.744793
vt 0.262819 0.747809
vt 0.280451 0.742801
vt 0.262192 0.746045
vt 0.280581 0.740809
vt 0.261807 0.744130
vt 0.280965 0.738895
vt 0.268469 0.732315
vt 0.267199 0.732507
vt 0.373577 0.644755
vt 0.374841 0.644570
vt 0.374883 0.644930
vt 0.373662 0.645108
vt 0.374972 0.645189
vt 0.373779 0.645364
vt 0.753217 0.357688
vt 0.754695 0.357622
vt 0.265979 0.733068
vt 0.372362 0.645310
vt 0.372489 0.645644
vt 0.372632 0.645887
vt 0.751759 0.357827
vt 0.264854 0.733976
vt 0.371242 0.646212
vt 0.371408 0.646515
vt 0.371575 0.646739
vt 0.750379 0.358033
vt 0.263869 0.735197
vt 0.370261 0.647428
vt 0.370460 0.647690
vt 0.370649 0.647887
vt 0.749129 0.358299
vt 0.263060 0.736684
vt 0.369455 0.648911
vt 0.369682 0.649122
vt 0.369888 0.649287
vt 0.370799 0.647992
vt 0.370043 0.649383
vt 0.262458 0.738380
vt 0.368857 0.650604
vt 0.369104 0.650756
vt 0.369324 0.650885
vt 0.369481 0.650971
vt 0.262088 0.740219
vt 0.368488 0.652441
vt 0.368748 0.652530
vt 0.368976 0.652619
vt 0.369135 0.652695
vt 0.261963 0.742131
vt 0.368364 0.654353
vt 0.368628 0.654375
vt 0.368858 0.654423
vt 0.369019 0.654489
vt 0.262088 0.744042
vt 0.368488 0.656265
vt 0.368748 0.656221
vt 0.368976 0.656228
vt 0.242036 0.733120
vt 0.243805 0.732750
vt 0.262458 0.745880
vt 0.368857 0.658104
vt 0.369104 0.657997
vt 0.369324 0.657964
vt 0.240297 0.733335
vt 0.263060 0.747572
vt 0.369455 0.659800
vt 0.369682 0.659635
vt 0.369888 0.659564
vt 0.238655 0.733388
vt 0.263869 0.749056
vt 0.370261 0.661287
vt 0.370460 0.661070
vt 0.370649 0.660968
vt 0.237172 0.733276
vt 0.264854 0.750272
vt 0.371242 0.662508
vt 0.371408 0.662250
vt 0.371575 0.662121
vt 0.764473 0.554172
vt 0.765613 0.554040
vt 0.765584 0.554256
vt 0.265979 0.751174
vt 0.372362 0.663417
vt 0.372489 0.663127
vt 0.372632 0.662979
vt 0.763171 0.554273
vt 0.267199 0.751729
vt 0.373577 0.663977
vt 0.373662 0.663668
vt 0.373779 0.663508
vt 0.761759 0.554341
vt 0.268469 0.751914
vt 0.374841 0.664169
vt 0.374883 0.663853
vt 0.374972 0.663689
vt 0.760290 0.554371
vt 0.287214 0.733026
vt 0.285951 0.733211
vt 0.516509 0.642021
vt 0.517778 0.641830
vt 0.517819 0.642145
vt 0.516594 0.642330
vt 0.517908 0.642310
vt 0.516710 0.642491
vt 0.758820 0.554364
vt 0.284736 0.733766
vt 0.515289 0.642582
vt 0.515416 0.642872
vt 0.515559 0.643020
vt 0.757406 0.554319
vt 0.283616 0.734668
vt 0.514164 0.643490
vt 0.514330 0.643749
vt 0.514497 0.643877
vt 0.756104 0.554238
vt 0.282634 0.735885
vt 0.513179 0.644711
vt 0.513378 0.644928
vt 0.513567 0.645030
vt 0.754961 0.554124
vt 0.281828 0.737367
vt 0.512370 0.646198
vt 0.512597 0.646363
vt 0.512803 0.646433
vt 0.754023 0.553982
vt 0.754062 0.554198
vt 0.281230 0.739060
vt 0.511768 0.647894
vt 0.512017 0.648001
vt 0.512236 0.648034
vt 0.512956 0.646397
vt 0.512392 0.647989
vt 0.280861 0.740897
vt 0.511398 0.649733
vt 0.511659 0.649776
vt 0.511886 0.649770
vt 0.512045 0.649715
vt 0.280737 0.742809
vt 0.511273 0.651645
vt 0.511538 0.651623
vt 0.511768 0.651575
vt 0.511928 0.651509
vt 0.280861 0.744721
vt 0.511398 0.653557
vt 0.511659 0.653468
vt 0.511886 0.653379
vt 0.512045 0.653303
vt 0.281230 0.746561
vt 0.511768 0.655394
vt 0.512017 0.655242
vt 0.512236 0.655113
vt 0.512392 0.655027
vt 0.281828 0.748256
vt 0.512370 0.657087
vt 0.512597 0.656877
vt 0.512803 0.656711
vt 0.512956 0.656615
vt 0.282634 0.749743
vt 0.513179 0.658569
vt 0.513378 0.658308
vt 0.513567 0.658111
vt 0.513716 0.658007
vt 0.283616 0.750964
vt 0.514164 0.659786
vt 0.514330 0.659483
vt 0.514497 0.659259
vt 0.514641 0.659148
vt 0.284736 0.751873
vt 0.515289 0.660689
vt 0.515416 0.660354
vt 0.515559 0.660111
vt 0.757490 0.357713
vt 0.758699 0.357868
vt 0.285951 0.752434
vt 0.516509 0.661243
vt 0.516594 0.660890
vt 0.516710 0.660634
vt 0.756138 0.357630
vt 0.287214 0.752625
vt 0.517778 0.661428
vt 0.517819 0.661069
vt 0.517908 0.660809
vt 0.738275 0.419475
vt 0.740315 0.419501
vt 0.738275 0.418929
vt 0.740297 0.418955
vt 0.738275 0.418462
vt 0.740269 0.418488
vt 0.738275 0.418119
vt 0.740234 0.418145
vt 0.738275 0.417935
vt 0.740196 0.417960
vt 0.742276 0.419579
vt 0.742241 0.419032
vt 0.742187 0.418564
vt 0.742118 0.418219
vt 0.676389 0.364321
vt 0.677925 0.363616
vt 0.744084 0.419706
vt 0.744033 0.419158
vt 0.743954 0.418688
vt 0.743854 0.418341
vt 0.674974 0.365464
vt 0.745668 0.419876
vt 0.745603 0.419326
vt 0.745502 0.418854
vt 0.673424 0.366955
vt 0.674686 0.365391
vt 0.673734 0.367001
vt 0.364280 0.708631
vt 0.362244 0.708786
vt 0.364198 0.708982
vt 0.362179 0.709136
vt 0.672017 0.368908
vt 0.673068 0.366977
vt 0.672388 0.368860
vt 0.672716 0.368872
vt 0.360012 0.708624
vt 0.359967 0.708975
vt 0.671236 0.371111
vt 0.671617 0.371031
vt 0.671959 0.371005
vt 0.357670 0.708152
vt 0.670368 0.373645
vt 0.670853 0.371235
vt 0.670756 0.373499
vt 0.671143 0.373387
vt 0.671494 0.373320
vt 0.355308 0.707387
vt 0.670204 0.376150
vt 0.670593 0.375983
vt 0.670983 0.375836
vt 0.671336 0.375726
vt 0.353017 0.706358
vt 0.670368 0.378655
vt 0.670756 0.378465
vt 0.671143 0.378285
vt 0.671494 0.378131
vt 0.670018 0.378836
vt 0.670853 0.381062
vt 0.671236 0.380851
vt 0.671617 0.380638
vt 0.671959 0.380443
vt 0.671641 0.383280
vt 0.672017 0.383050
vt 0.672388 0.382806
vt 0.672716 0.382573
vt 0.672700 0.385223
vt 0.673068 0.384976
vt 0.673424 0.384705
vt 0.673734 0.384439
vt 0.748235 0.221323
vt 0.749647 0.221642
vt 0.673992 0.386816
vt 0.674348 0.386555
vt 0.674686 0.386263
vt 0.674974 0.385969
vt 0.751322 0.221874
vt 0.749707 0.221056
vt 0.751368 0.221285
vt 0.749801 0.220531
vt 0.751439 0.220758
vt 0.676127 0.387419
vt 0.676389 0.387105
vt 0.753197 0.222008
vt 0.753226 0.221418
vt 0.753272 0.220889
vt 0.751528 0.220342
vt 0.753329 0.220471
vt 0.677925 0.387803
vt 0.755200 0.222040
vt 0.755211 0.221450
vt 0.755230 0.220920
vt 0.755252 0.220502
vt 0.679522 0.388036
vt 0.757253 0.221968
vt 0.757247 0.221379
vt 0.757237 0.220850
vt 0.757224 0.220433
vt 0.755277 0.220237
vt 0.757210 0.220169
vt 0.759278 0.221795
vt 0.759254 0.221208
vt 0.759216 0.220681
vt 0.759168 0.220267
vt 0.293220 0.730973
vt 0.294749 0.730276
vt 0.761197 0.221529
vt 0.761155 0.220943
vt 0.761092 0.220420
vt 0.761011 0.220011
vt 0.291811 0.732109
vt 0.762935 0.221178
vt 0.762879 0.220596
vt 0.762792 0.220077
vt 0.290264 0.733373
vt 0.291522 0.731815
vt 0.290576 0.733640
vt 0.764427 0.220757
vt 0.288482 0.734798
vt 0.289537 0.732856
vt 0.289907 0.733103
vt 0.288860 0.735029
vt 0.289233 0.735273
vt 0.289562 0.735506
vt 0.492391 0.587909
vt 0.494266 0.586643
vt 0.287697 0.737016
vt 0.288083 0.737227
vt 0.288466 0.737440
vt 0.288809 0.737636
vt 0.496389 0.585479
vt 0.287214 0.739423
vt 0.287604 0.739613
vt 0.287994 0.739794
vt 0.288345 0.739947
vt 0.498677 0.584461
vt 0.496413 0.585012
vt 0.498682 0.584004
vt 0.287443 0.742096
vt 0.287834 0.742242
vt 0.288189 0.742353
vt 0.501044 0.583630
vt 0.501028 0.583180
vt 0.287604 0.744579
vt 0.287994 0.744691
vt 0.288345 0.744759
vt 0.503398 0.583017
vt 0.503362 0.582572
vt 0.288083 0.746968
vt 0.288466 0.747047
vt 0.288809 0.747073
vt 0.505649 0.582645
vt 0.505593 0.582203
vt 0.503314 0.582222
vt 0.505514 0.581859
vt 0.289233 0.749219
vt 0.289562 0.749207
vt 0.507710 0.582529
vt 0.507636 0.582088
vt 0.507529 0.581745
vt 0.290264 0.751124
vt 0.290576 0.751078
vt 0.730860 0.420448
vt 0.730883 0.419876
vt 0.732467 0.419706
vt 0.730947 0.419326
vt 0.732518 0.419158
vt 0.731048 0.418854
vt 0.732597 0.418688
vt 0.291522 0.752688
vt 0.291811 0.752614
vt 0.734274 0.419579
vt 0.734309 0.419032
vt 0.734364 0.418564
vt 0.732697 0.418341
vt 0.734433 0.418219
vt 0.293220 0.753758
vt 0.736235 0.419501
vt 0.736254 0.418955
vt 0.736281 0.418488
vt 0.736317 0.418145
vt 0.294749 0.754463
vt 0.736355 0.417960
vt 0.679640 0.363556
vt 0.679683 0.363682
vt 0.519080 0.666829
vt 0.518834 0.668784
vt 0.518885 0.666801
vt 0.518524 0.668780
vt 0.518576 0.666776
vt 0.518146 0.668775
vt 0.518198 0.666757
vt 0.519179 0.664947
vt 0.518985 0.664896
vt 0.518677 0.664851
vt 0.518300 0.664818
vt 0.274983 0.754451
vt 0.273745 0.753493
vt 0.519131 0.663141
vt 0.518824 0.663076
vt 0.518448 0.663031
vt 0.272630 0.752116
vt 0.273502 0.753692
vt 0.272375 0.752300
vt 0.273219 0.753872
vt 0.272085 0.752470
vt 0.518636 0.661466
vt 0.271683 0.750372
vt 0.271417 0.750537
vt 0.271120 0.750695
vt 0.270937 0.748328
vt 0.270665 0.748471
vt 0.270361 0.748615
vt 0.270424 0.746063
vt 0.270146 0.746182
vt 0.269839 0.746310
vt 0.270163 0.743664
vt 0.269882 0.743758
vt 0.269574 0.743868
vt 0.270163 0.741223
vt 0.269882 0.741291
vt 0.269574 0.741384
vt 0.270424 0.738834
vt 0.270146 0.738877
vt 0.269839 0.738952
vt 0.270937 0.736589
vt 0.270665 0.736607
vt 0.270362 0.736667
vt 0.270075 0.736759
vt 0.271683 0.734573
vt 0.271417 0.734570
vt 0.271120 0.734616
vt 0.270835 0.734702
vt 0.272630 0.732866
vt 0.272375 0.732844
vt 0.516421 0.608579
vt 0.516783 0.607204
vt 0.517146 0.607159
vt 0.516781 0.608544
vt 0.273745 0.731530
vt 0.515860 0.610260
vt 0.516142 0.608640
vt 0.516136 0.610216
vt 0.516494 0.610192
vt 0.515516 0.612113
vt 0.515708 0.610319
vt 0.515666 0.612077
vt 0.515940 0.612052
vt 0.516296 0.612042
vt 0.515419 0.614033
vt 0.515567 0.614022
vt 0.515840 0.614018
vt 0.516196 0.614021
vt 0.515419 0.616004
vt 0.515567 0.616019
vt 0.515840 0.616036
vt 0.516196 0.616054
vt 0.515516 0.617952
vt 0.515666 0.617991
vt 0.515940 0.618030
vt 0.516296 0.618061
vt 0.373893 0.622960
vt 0.373011 0.621824
vt 0.515860 0.619864
vt 0.516136 0.619923
vt 0.516494 0.619968
vt 0.372238 0.620287
vt 0.516142 0.621566
vt 0.516421 0.621642
vt 0.516781 0.621699
vt 0.371603 0.618409
vt 0.371950 0.620291
vt 0.371309 0.618392
vt 0.371614 0.620240
vt 0.370968 0.618328
vt 0.371281 0.620144
vt 0.371132 0.616260
vt 0.370832 0.616221
vt 0.370488 0.616142
vt 0.370841 0.613925
vt 0.370539 0.613861
vt 0.370193 0.613765
vt 0.370744 0.611492
vt 0.370440 0.611402
vt 0.370093 0.611288
vt 0.370841 0.609056
vt 0.370539 0.608939
vt 0.370193 0.608809
vt 0.371132 0.606709
vt 0.370832 0.606567
vt 0.370488 0.606420
vt 0.371603 0.604542
vt 0.371309 0.604377
vt 0.370968 0.604215
vt 0.372238 0.602639
vt 0.371950 0.602454
vt 0.371614 0.602277
vt 0.373011 0.601071
vt 0.372732 0.600870
vt 0.372401 0.600682
vt 0.373893 0.599901
vt 0.518885 0.672674
vt 0.518985 0.674432
vt 0.518677 0.674488
vt 0.518575 0.672711
vt 0.518300 0.674524
vt 0.518198 0.672734
vt 0.519080 0.672627
vt 0.518834 0.670766
vt 0.518524 0.670784
vt 0.518146 0.670793
vn 0.0000 -0.4199 -0.9076
vn 0.0000 0.4199 0.9076
vn 1.0000 0.0000 0.0000
vn -1.0000 0.0000 0.0000
vn 0.0000 0.9667 -0.2558
vn 0.0000 -0.9667 0.2558
vn 0.0000 -1.0000 0.0000
vn 0.9900 0.1410 0.0000
vn 0.8715 0.4903 -0.0000
vn -0.6594 0.5416 0.5214
vn 0.0000 0.4190 0.9080
vn -0.0698 0.9277 0.3667
vn -0.2495 0.8505 0.4630
vn -0.9900 0.1410 -0.0000
vn -0.8715 0.4903 -0.0000
vn 0.6594 0.5416 0.5214
vn 0.0698 0.9277 0.3667
vn 0.2495 0.8505 0.4630
vn 0.3369 0.9415 0.0000
vn 0.0815 0.9961 -0.0329
vn 0.0000 0.2884 0.9575
vn 0.0334 -0.0213 0.9992
vn -0.0466 -0.2228 0.9738
vn 0.0000 1.0000 0.0000
vn -0.0000 -0.0000 -1.0000
vn -0.0000 0.9911 -0.1329
vn -0.0000 0.9982 0.0607
vn -0.0000 0.9837 -0.1795
vn -0.0000 0.8448 0.5351
vn -0.0815 0.9961 -0.0329
vn 0.0000 0.2145 0.9767
vn -0.3369 0.9415 0.0000
vn -0.9900 -0.1410 -0.0000
vn -0.8715 -0.4903 -0.0000
vn 0.2495 -0.8505 -0.4630
vn 0.0698 -0.9277 -0.3667
vn 0.0000 -0.4190 -0.9080
vn 0.6594 -0.5416 -0.5214
vn 0.9900 -0.1410 -0.0000
vn 0.8715 -0.4903 -0.0000
vn -0.6594 -0.5416 -0.5214
vn -0.0633 -0.9975 0.0318
vn -0.0815 -0.9961 0.0329
vn -0.3369 -0.9415 0.0000
vn -0.2495 -0.8505 -0.4630
vn -0.9559 -0.0880 -0.2803
vn 0.0000 0.0000 1.0000
vn 0.0000 -0.9911 0.1329
vn 0.0000 -0.9837 0.1795
vn -0.0000 -0.9469 0.3216
vn 0.0815 -0.9961 0.0329
vn 0.0000 0.3925 -0.9197
vn 0.3369 -0.9415 0.0000
vn -0.9559 0.0880 0.2803
vn 0.0000 -0.3925 0.9197
vn 0.0000 -1.0000 0.0091
vn 0.0000 1.0000 -0.0091
vn 0.9847 -0.1633 0.0612
vn 0.9993 -0.0341 0.0128
vn 0.9992 -0.0385 0.0144
vn 0.9832 -0.1710 0.0641
vn -0.7365 0.6334 -0.2374
vn -0.8519 0.4903 -0.1837
vn -0.8559 0.4843 -0.1815
vn -0.7411 0.6287 -0.2356
vn -0.9340 0.3344 -0.1253
vn -0.9893 0.1368 -0.0513
vn -0.9909 0.1258 -0.0471
vn -0.9369 0.3274 -0.1227
vn -0.9993 -0.0341 0.0128
vn -0.9847 -0.1633 0.0612
vn -0.9832 -0.1710 0.0641
vn -0.9992 -0.0385 0.0144
vn -0.1075 0.9310 -0.3489
vn -0.2120 0.9151 -0.3429
vn -0.2141 0.9147 -0.3428
vn 0.8559 -0.4843 0.1815
vn 0.9369 -0.3274 0.1227
vn 0.9340 -0.3344 0.1253
vn 0.8519 -0.4903 0.1837
vn -0.8559 -0.4843 0.1815
vn -0.7411 -0.6287 0.2356
vn -0.7365 -0.6334 0.2374
vn -0.8519 -0.4903 0.1837
vn -0.5932 -0.7539 0.2825
vn -0.5887 -0.7570 0.2837
vn 0.4153 -0.8518 0.3192
vn 0.5932 -0.7539 0.2825
vn 0.5887 -0.7570 0.2837
vn 0.4116 -0.8534 0.3198
vn 0.5887 0.7570 -0.2837
vn 0.4116 0.8534 -0.3198
vn 0.4153 0.8518 -0.3192
vn 0.5932 0.7539 -0.2825
vn 0.7411 -0.6287 0.2356
vn 0.7365 -0.6334 0.2374
vn 0.9893 0.1368 -0.0513
vn 0.9909 0.1258 -0.0471
vn -0.4116 0.8534 -0.3198
vn -0.5887 0.7570 -0.2837
vn -0.5932 0.7539 -0.2825
vn -0.4153 0.8518 -0.3192
vn -0.2141 -0.9147 0.3428
vn -0.0462 -0.2192 0.9746
vn -0.2120 -0.9151 0.3429
vn 0.2141 -0.9147 0.3428
vn 0.2120 -0.9151 0.3429
vn 0.0462 -0.2192 0.9746
vn -0.4153 -0.8518 0.3192
vn -0.4116 -0.8534 0.3198
vn -0.9369 -0.3274 0.1227
vn -0.9340 -0.3344 0.1253
vn 0.8519 0.4903 -0.1837
vn 0.7365 0.6334 -0.2374
vn 0.7411 0.6287 -0.2356
vn 0.8559 0.4843 -0.1815
vn 0.9340 0.3344 -0.1253
vn 0.9369 0.3274 -0.1227
vn 0.2120 0.9151 -0.3429
vn 0.1075 0.9310 -0.3489
vn 0.2141 0.9147 -0.3428
vn 0.0000 0.8423 0.5390
vn 0.0000 0.9654 -0.2608
vn 0.2026 0.9454 -0.2554
vn 0.2023 0.9454 -0.2554
vn 0.3957 0.8866 -0.2396
vn 0.3952 0.8868 -0.2396
vn 0.5707 0.7927 -0.2142
vn 0.5702 0.7931 -0.2143
vn 0.7210 0.6690 -0.1808
vn 0.7203 0.6696 -0.1809
vn 0.8415 0.5216 -0.1409
vn 0.8409 0.5224 -0.1412
vn 0.9292 0.3569 -0.0964
vn 0.9288 0.3579 -0.0967
vn 0.9823 0.1809 -0.0489
vn 0.9821 0.1820 -0.0492
vn 1.0000 -0.0006 0.0002
vn 1.0000 0.0006 -0.0002
vn 0.9821 -0.1820 0.0492
vn 0.9823 -0.1809 0.0489
vn 0.9288 -0.3579 0.0967
vn 0.9292 -0.3569 0.0964
vn 0.8409 -0.5224 0.1412
vn 0.8415 -0.5216 0.1409
vn 0.7203 -0.6696 0.1809
vn 0.7210 -0.6690 0.1808
vn 0.5702 -0.7931 0.2143
vn 0.5707 -0.7927 0.2142
vn 0.3952 -0.8868 0.2396
vn 0.3957 -0.8866 0.2396
vn 0.2023 -0.9454 0.2554
vn 0.2026 -0.9454 0.2554
vn 0.0000 -0.9654 0.2608
vn -0.2023 -0.9454 0.2554
vn -0.2026 -0.9454 0.2554
vn -0.3952 -0.8868 0.2396
vn -0.3957 -0.8866 0.2396
vn -0.5702 -0.7931 0.2143
vn -0.5707 -0.7927 0.2142
vn -0.7203 -0.6696 0.1809
vn -0.7210 -0.6690 0.1808
vn -0.8409 -0.5224 0.1412
vn -0.8415 -0.5216 0.1409
vn -0.9288 -0.3579 0.0967
vn -0.9292 -0.3569 0.0964
vn -0.9821 -0.1820 0.0492
vn -0.9823 -0.1809 0.0489
vn -1.0000 -0.0006 0.0002
vn -1.0000 0.0006 -0.0002
vn -0.9823 0.1809 -0.0489
vn -0.9821 0.1820 -0.0492
vn -0.9292 0.3569 -0.0964
vn -0.9288 0.3579 -0.0967
vn -0.8415 0.5216 -0.1409
vn -0.8409 0.5224 -0.1412
vn -0.7210 0.6690 -0.1808
vn -0.7203 0.6696 -0.1809
vn -0.5707 0.7927 -0.2142
vn -0.5702 0.7931 -0.2143
vn -0.3957 0.8866 -0.2396
vn -0.3952 0.8868 -0.2396
vn -0.3955 0.8843 -0.2484
vn -0.5705 0.7907 -0.2221
vn -0.2026 0.9454 -0.2554
vn -0.2023 0.9454 -0.2554
vn -0.0000 -0.2704 -0.9627
vn 0.0000 0.2704 0.9627
vn -0.9822 -0.1809 0.0508
vn -0.9290 -0.3564 0.1001
vn -0.8978 -0.4136 -0.1514
vn -0.9493 -0.2441 -0.1981
vn -0.2025 -0.9428 0.2648
vn -0.0000 -0.9627 0.2704
vn 0.7207 0.6675 -0.1875
vn 0.5705 0.7907 -0.2221
vn -0.2025 0.9428 -0.2648
vn -0.3955 -0.8843 0.2484
vn 0.8412 0.5206 -0.1462
vn 0.0000 0.9627 -0.2704
vn -0.5705 -0.7907 0.2221
vn 0.9290 0.3564 -0.1001
vn -0.7207 -0.6675 0.1875
vn 0.9822 0.1809 -0.0508
vn -0.8412 -0.5206 0.1462
vn 0.9822 -0.1809 0.0508
vn 0.9290 -0.3564 0.1001
vn 0.8412 -0.5206 0.1462
vn -0.9822 0.1809 -0.0508
vn 0.7207 -0.6675 0.1875
vn -0.9290 0.3564 -0.1001
vn 0.5705 -0.7907 0.2221
vn -0.8412 0.5206 -0.1462
vn 0.3955 -0.8843 0.2484
vn 0.2025 0.9428 -0.2648
vn -0.7207 0.6675 -0.1875
vn 0.2025 -0.9428 0.2648
vn 0.3955 0.8843 -0.2484
vn -0.8978 0.2743 -0.3446
vn -0.9493 0.1053 -0.2962
vn -0.9511 0.1080 -0.2892
vn -0.8993 0.2777 -0.3377
vn 0.9493 -0.2441 -0.1981
vn 0.8978 -0.4136 -0.1514
vn -0.9666 -0.0693 -0.2468
vn 0.8128 -0.5724 -0.1082
vn 0.6962 -0.7145 -0.0701
vn 0.5509 -0.8337 -0.0384
vn -0.8128 0.4323 -0.3905
vn 0.3818 -0.9241 -0.0145
vn 0.0000 0.8566 -0.5160
vn 0.1955 0.8375 -0.5103
vn -0.6962 0.5735 -0.4318
vn 0.1955 -0.9807 0.0004
vn 0.3818 0.7814 -0.4935
vn -0.5509 0.6918 -0.4668
vn 0.0000 -1.0000 0.0054
vn 0.5509 0.6918 -0.4668
vn -0.3818 0.7814 -0.4935
vn -0.1955 -0.9807 0.0004
vn 0.6962 0.5735 -0.4318
vn -0.1955 0.8375 -0.5103
vn -0.3818 -0.9241 -0.0145
vn 0.8128 0.4323 -0.3905
vn -0.5509 -0.8337 -0.0384
vn 0.8978 0.2743 -0.3446
vn -0.6962 -0.7145 -0.0701
vn 0.9493 0.1053 -0.2962
vn -0.8128 -0.5724 -0.1082
vn 0.9666 -0.0693 -0.2468
vn -0.7232 0.1867 0.6649
vn -0.7099 0.0561 0.7021
vn -0.6091 0.1004 0.7867
vn -0.6205 0.2120 0.7550
vn 0.6969 -0.7145 -0.0618
vn 0.5513 -0.8338 -0.0299
vn -0.8140 0.4363 -0.3835
vn 0.3820 -0.9241 -0.0058
vn 0.0000 0.8611 -0.5084
vn 0.1955 0.8420 -0.5028
vn -0.6969 0.5778 -0.4248
vn 0.1955 -0.9807 0.0092
vn 0.3820 0.7860 -0.4861
vn -0.5513 0.6963 -0.4596
vn 0.0000 -0.9999 0.0143
vn 0.5513 0.6963 -0.4596
vn -0.3820 0.7860 -0.4861
vn -0.1955 -0.9807 0.0092
vn 0.6969 0.5778 -0.4248
vn -0.1955 0.8420 -0.5028
vn -0.3820 -0.9241 -0.0058
vn 0.8140 0.4363 -0.3835
vn -0.5513 -0.8338 -0.0299
vn 0.8993 0.2777 -0.3377
vn -0.6969 -0.7145 -0.0618
vn 0.9511 0.1080 -0.2892
vn -0.8140 -0.5722 -0.1003
vn 0.9685 -0.0673 -0.2397
vn -0.8993 -0.4130 -0.1437
vn 0.9511 -0.2428 -0.1907
vn -0.9511 -0.2428 -0.1907
vn 0.8993 -0.4130 -0.1437
vn -0.9685 -0.0673 -0.2397
vn 0.8140 -0.5722 -0.1003
vn -0.6052 0.5622 0.5636
vn -0.6702 0.4443 0.5946
vn -0.5747 0.4321 0.6950
vn -0.5188 0.5327 0.6686
vn 0.6052 -0.1865 0.7739
vn 0.6702 -0.0697 0.7389
vn 0.5748 -0.0070 0.8183
vn 0.5188 -0.1066 0.8482
vn -0.7098 0.3176 0.6287
vn -0.6089 0.3239 0.7241
vn 0.5167 -0.2899 0.8056
vn 0.4426 -0.1946 0.8754
vn -0.9820 0.1867 -0.0303
vn -0.9287 0.3621 -0.0795
vn 0.4076 -0.3756 0.8323
vn 0.3490 -0.2675 0.8981
vn 0.2818 -0.4400 0.8526
vn 0.2412 -0.3221 0.9155
vn -0.5167 0.6669 0.5368
vn -0.4427 0.6219 0.6459
vn 0.1440 -0.4800 0.8654
vn 0.1232 -0.3560 0.9263
vn 0.2818 0.8196 0.4988
vn 0.1440 0.8604 0.4889
vn 0.1232 0.7863 0.6054
vn 0.2411 0.7517 0.6138
vn -0.4076 0.7541 0.5150
vn -0.3490 0.6961 0.6274
vn -0.0000 -0.4935 0.8697
vn 0.0000 -0.3676 0.9300
vn 0.0000 0.9685 -0.2490
vn 0.2024 0.9486 -0.2435
vn -0.2818 0.8196 0.4988
vn -0.2411 0.7518 0.6138
vn -0.1440 -0.4799 0.8654
vn -0.1232 -0.3560 0.9263
vn 0.5167 0.6669 0.5368
vn 0.4076 0.7541 0.5150
vn 0.3490 0.6960 0.6275
vn 0.4427 0.6219 0.6459
vn -0.1440 0.8604 0.4889
vn -0.1232 0.7863 0.6054
vn -0.2818 -0.4400 0.8527
vn -0.2412 -0.3221 0.9155
vn 0.6052 0.5622 0.5636
vn 0.5187 0.5327 0.6687
vn -0.4076 -0.3756 0.8323
vn -0.3490 -0.2675 0.8982
vn 0.6702 0.4443 0.5946
vn 0.5746 0.4321 0.6950
vn -0.5167 -0.2899 0.8056
vn -0.4425 -0.1946 0.8754
vn 0.7098 0.3176 0.6287
vn 0.6089 0.3239 0.7241
vn -0.6051 -0.1865 0.7740
vn -0.5186 -0.1066 0.8483
vn 0.7232 0.1867 0.6649
vn 0.6205 0.2120 0.7550
vn -0.6702 -0.0697 0.7389
vn -0.5748 -0.0070 0.8183
vn 0.7099 0.0561 0.7021
vn 0.6091 0.1004 0.7867
vn 0.1453 0.4852 -0.8622
vn 0.0000 0.4989 -0.8667
vn 0.0000 0.6063 -0.7953
vn 0.1618 0.5909 -0.7904
vn 0.7205 -0.6615 0.2083
vn 0.5703 -0.7846 0.2431
vn -0.8410 0.5263 -0.1254
vn 0.3953 -0.8781 0.2695
vn 0.3953 0.8900 -0.2271
vn -0.7205 0.6732 -0.1665
vn 0.2024 -0.9366 0.2860
vn -0.0000 0.8742 0.4856
vn -0.0000 0.7980 0.6026
vn -0.5703 0.7965 -0.2010
vn 0.0000 -0.9565 0.2917
vn 0.5703 0.7965 -0.2010
vn -0.3953 0.8900 -0.2271
vn -0.2024 -0.9366 0.2860
vn 0.7205 0.6732 -0.1665
vn -0.2024 0.9486 -0.2435
vn -0.3953 -0.8781 0.2695
vn 0.8410 0.5263 -0.1254
vn -0.5703 -0.7846 0.2431
vn 0.9287 0.3621 -0.0795
vn -0.7205 -0.6615 0.2083
vn 0.9820 0.1867 -0.0303
vn -0.8410 -0.5147 0.1669
vn 0.9998 0.0058 0.0205
vn -0.9287 -0.3505 0.1207
vn 0.9820 -0.1752 0.0714
vn -0.9820 -0.1752 0.0714
vn 0.9287 -0.3505 0.1207
vn -0.9998 0.0058 0.0205
vn 0.8410 -0.5147 0.1669
vn 0.3558 0.3860 0.8511
vn 0.3207 0.4481 0.8345
vn 0.2127 0.3932 0.8945
vn 0.2363 0.3521 0.9056
vn -0.3953 0.8768 -0.2738
vn -0.5702 0.7834 -0.2474
vn -0.2024 -0.9497 0.2391
vn -0.0000 -0.9696 0.2446
vn 0.7204 0.6602 -0.2126
vn 0.5702 0.7834 -0.2474
vn 0.7207 0.6674 -0.1875
vn -0.2024 0.9353 -0.2904
vn -0.3953 -0.8911 0.2227
vn 0.8409 0.5134 -0.1712
vn -0.5702 -0.7976 0.1966
vn 0.9286 0.3493 -0.1249
vn 0.3953 0.8768 -0.2738
vn -0.7204 -0.6743 0.1622
vn -0.7207 -0.6674 0.1875
vn 0.9819 0.1739 -0.0755
vn -0.8409 -0.5274 0.1212
vn 0.9997 -0.0069 -0.0247
vn -0.9286 -0.3633 0.0752
vn 0.9819 -0.1878 0.0261
vn -0.9819 -0.1878 0.0261
vn 0.9286 -0.3633 0.0752
vn -0.9997 -0.0069 -0.0247
vn 0.8409 -0.5275 0.1212
vn -0.9819 0.1740 -0.0755
vn 0.7204 -0.6743 0.1622
vn 0.7207 -0.6674 0.1875
vn -0.9286 0.3493 -0.1249
vn 0.5702 -0.7976 0.1967
vn -0.8409 0.5134 -0.1712
vn 0.3953 -0.8911 0.2227
vn -0.7204 0.6602 -0.2126
vn 0.2024 -0.9497 0.2391
vn 0.2024 0.9353 -0.2904
vn 0.9815 0.1912 -0.0135
vn 0.9283 0.3664 -0.0625
vn 0.9261 0.3339 -0.1756
vn 0.9792 0.1592 -0.1262
vn 0.2151 0.5480 0.8083
vn 0.1484 0.5818 0.7997
vn 0.0981 0.4811 0.8712
vn 0.1423 0.4590 0.8770
vn -0.2732 -0.0023 0.9619
vn -0.2151 -0.0470 0.9755
vn -0.1423 0.0648 0.9877
vn -0.1811 0.0942 0.9790
vn 0.3773 0.3191 0.8694
vn 0.2508 0.3076 0.9179
vn -0.3207 0.0519 0.9458
vn -0.2128 0.1300 0.9684
vn 0.3846 0.2496 0.8887
vn 0.2557 0.2614 0.9307
vn -0.3558 0.1135 0.9276
vn -0.2363 0.1709 0.9565
vn 0.3774 0.1803 0.9083
vn 0.2508 0.2153 0.9438
vn -0.3774 0.1803 0.9083
vn -0.2508 0.2153 0.9438
vn 0.3558 0.1135 0.9276
vn 0.2363 0.1709 0.9565
vn -0.3846 0.2496 0.8887
vn -0.2557 0.2614 0.9307
vn 0.3207 0.0519 0.9458
vn 0.2128 0.1300 0.9684
vn -0.3773 0.3191 0.8694
vn -0.2508 0.3076 0.9179
vn 0.2732 -0.0023 0.9619
vn 0.1810 0.0942 0.9790
vn -0.3558 0.3860 0.8511
vn -0.2363 0.3521 0.9056
vn 0.2151 -0.0470 0.9755
vn 0.1423 0.0648 0.9877
vn -0.3207 0.4481 0.8345
vn -0.2128 0.3932 0.8945
vn 0.1484 -0.0804 0.9857
vn 0.0981 0.0429 0.9943
vn -0.2732 0.5029 0.8201
vn -0.1810 0.4293 0.8848
vn 0.0757 -0.1010 0.9920
vn 0.0500 0.0294 0.9983
vn 0.0000 0.6098 0.7925
vn -0.0757 0.6027 0.7943
vn -0.0500 0.4947 0.8676
vn 0.0000 0.4993 0.8664
vn -0.2151 0.5480 0.8083
vn -0.1423 0.4590 0.8770
vn -0.0000 -0.1080 0.9942
vn 0.0000 0.0249 0.9997
vn 0.0757 0.6027 0.7943
vn 0.0500 0.4947 0.8676
vn -0.1484 0.5818 0.7997
vn -0.0981 0.4811 0.8712
vn -0.0757 -0.1010 0.9920
vn -0.0500 0.0294 0.9983
vn 0.2732 0.5028 0.8201
vn 0.1810 0.4293 0.8848
vn -0.1484 -0.0804 0.9857
vn -0.0981 0.0429 0.9943
vn 0.8386 0.4975 -0.2221
vn 0.8208 0.5674 0.0665
vn 0.9068 0.4068 0.1105
vn -0.9283 0.3664 -0.0625
vn -0.9815 0.1912 -0.0135
vn -0.9792 0.1592 -0.1262
vn -0.9261 0.3339 -0.1756
vn 0.9993 0.0105 0.0372
vn 0.9969 -0.0212 -0.0754
vn -0.8407 0.5305 -0.1084
vn -0.8386 0.4975 -0.2221
vn 0.9815 -0.1702 0.0880
vn 0.9792 -0.2016 -0.0249
vn -0.7203 0.6774 -0.1493
vn -0.7184 0.6437 -0.2638
vn 0.9283 -0.3454 0.1374
vn 0.9261 -0.3766 0.0239
vn -0.5703 0.8007 -0.1836
vn -0.5686 0.7664 -0.2989
vn 0.8407 -0.5094 0.1837
vn 0.8386 -0.5404 0.0694
vn -0.3954 0.8943 -0.2096
vn -0.3942 0.8595 -0.3255
vn 0.7203 -0.6561 0.2252
vn 0.7184 -0.6869 0.1100
vn -0.2024 0.9529 -0.2259
vn -0.2018 0.9177 -0.3422
vn -0.0000 -0.9511 0.3089
vn 0.2024 -0.9312 0.3032
vn 0.2018 -0.9617 0.1856
vn -0.0000 -0.9816 0.1910
vn 0.5702 -0.7792 0.2601
vn 0.5686 -0.8099 0.1439
vn -0.0000 0.9728 -0.2315
vn -0.0000 0.9375 -0.3479
vn -0.3954 -0.8727 0.2866
vn -0.2024 -0.9312 0.3032
vn -0.2018 -0.9617 0.1856
vn -0.3942 -0.9033 0.1695
vn 0.3954 -0.8727 0.2866
vn 0.3942 -0.9033 0.1695
vn 0.2024 0.9529 -0.2259
vn 0.2018 0.9177 -0.3422
vn -0.7203 -0.6561 0.2252
vn -0.5703 -0.7792 0.2601
vn -0.5686 -0.8099 0.1439
vn -0.7184 -0.6869 0.1100
vn 0.3954 0.8943 -0.2097
vn 0.3942 0.8595 -0.3255
vn -0.8407 -0.5094 0.1837
vn -0.8386 -0.5404 0.0694
vn 0.5702 0.8007 -0.1836
vn 0.5686 0.7664 -0.2989
vn -0.9283 -0.3454 0.1374
vn -0.9261 -0.3766 0.0239
vn 0.7203 0.6774 -0.1493
vn 0.7184 0.6437 -0.2638
vn -0.9815 -0.1702 0.0880
vn -0.9792 -0.2016 -0.0249
vn 0.8407 0.5305 -0.1084
vn -0.9993 0.0105 0.0372
vn -0.9969 -0.0212 -0.0754
vn 0.7028 0.7109 0.0274
vn 0.6949 0.7150 0.0761
vn 0.8114 0.5732 0.1139
vn -0.9765 0.0583 0.2075
vn -0.9590 0.2352 0.1580
vn 0.9590 0.2352 0.1580
vn -0.9068 0.4068 0.1105
vn 0.9765 0.0583 0.2075
vn -0.8208 0.5674 0.0665
vn 0.9590 -0.1186 0.2574
vn -0.7028 0.7109 0.0274
vn 0.9068 -0.2898 0.3062
vn -0.5560 0.8311 -0.0051
vn 0.8208 -0.4498 0.3521
vn -0.3853 0.9223 -0.0296
vn -0.0000 -0.8788 0.4772
vn -0.1972 -0.8595 0.4715
vn 0.7028 -0.5926 0.3935
vn -0.1972 0.9793 -0.0449
vn -0.3853 -0.8029 0.4549
vn 0.5560 -0.7123 0.4284
vn -0.0000 0.9987 -0.0501
vn -0.5560 -0.7123 0.4284
vn 0.3853 -0.8029 0.4549
vn 0.1972 0.9793 -0.0449
vn -0.7028 -0.5926 0.3935
vn 0.1972 -0.8595 0.4715
vn 0.3853 0.9223 -0.0296
vn -0.8208 -0.4498 0.3521
vn 0.5560 0.8312 -0.0051
vn -0.9068 -0.2898 0.3062
vn -0.9590 -0.1186 0.2574
vn 0.9653 0.0707 0.2514
vn 0.9479 0.2453 0.2031
vn 0.9822 0.1809 -0.0502
vn 1.0000 -0.0002 0.0001
vn -0.9481 -0.1037 0.3005
vn -0.9653 0.0707 0.2514
vn 0.8964 0.4147 0.1567
vn -0.9479 0.2453 0.2031
vn -0.8964 0.4147 0.1567
vn -0.8114 0.5732 0.1139
vn 0.9481 -0.1037 0.3005
vn -0.6949 0.7150 0.0761
vn 0.8967 -0.2727 0.3486
vn -0.5499 0.8340 0.0447
vn 0.8119 -0.4306 0.3941
vn -0.3811 0.9243 0.0210
vn -0.0000 -0.8548 0.5190
vn -0.1953 -0.8357 0.5133
vn 0.6955 -0.5717 0.4353
vn -0.1951 0.9808 0.0063
vn -0.3815 -0.7796 0.4966
vn 0.5504 -0.6900 0.4701
vn -0.0000 1.0000 0.0013
vn -0.5504 -0.6900 0.4701
vn 0.3815 -0.7796 0.4966
vn 0.1951 0.9808 0.0063
vn -0.6955 -0.5717 0.4353
vn 0.1953 -0.8357 0.5133
vn 0.3811 0.9243 0.0210
vn -0.8119 -0.4306 0.3941
vn 0.5499 0.8340 0.0447
vn -0.8967 -0.2727 0.3486
vn -0.0000 -0.2242 -0.9746
vn -0.0097 -0.2251 -0.9743
vn -0.0096 -0.2250 -0.9743
vn -0.9290 0.3565 -0.0989
vn -0.8413 0.5209 -0.1445
vn 0.9821 -0.1813 0.0503
vn -0.7208 0.6680 -0.1853
vn 0.9289 -0.3569 0.0990
vn -0.5706 0.7914 -0.2195
vn 0.8411 -0.5212 0.1446
vn -0.3955 0.8850 -0.2455
vn 0.0000 -0.9636 0.2673
vn -0.2024 -0.9437 0.2618
vn 0.7206 -0.6682 0.1853
vn -0.2025 0.9436 -0.2618
vn -0.3954 -0.8851 0.2455
vn 0.5704 -0.7915 0.2196
vn 0.0000 0.9636 -0.2673
vn -0.5704 -0.7915 0.2196
vn 0.3954 -0.8851 0.2455
vn 0.2025 0.9436 -0.2618
vn -0.7206 -0.6682 0.1853
vn 0.2024 -0.9437 0.2618
vn 0.3955 0.8850 -0.2455
vn -0.8411 -0.5212 0.1446
vn 0.5706 0.7914 -0.2195
vn -0.9289 -0.3569 0.0990
vn 0.7208 0.6680 -0.1853
vn -0.9821 -0.1813 0.0503
vn 0.8413 0.5209 -0.1445
vn -1.0000 -0.0002 0.0001
vn 0.9290 0.3565 -0.0989
vn -0.9822 0.1809 -0.0502
vn 0.5705 0.7906 -0.2225
vn 0.3955 0.8841 -0.2488
vn -0.0277 -0.3082 -0.9509
vn -0.0191 -0.3125 -0.9497
vn -0.0189 -0.3126 -0.9497
vn -0.0275 -0.3083 -0.9509
vn 0.0191 -0.3125 -0.9497
vn 0.0277 -0.3082 -0.9509
vn 0.0275 -0.3083 -0.9509
vn 0.0189 -0.3126 -0.9497
vn 0.0097 -0.2251 -0.9743
vn 0.0096 -0.2250 -0.9743
vn -0.0352 -0.3025 -0.9525
vn -0.0350 -0.3027 -0.9525
vn 0.0097 -0.3151 -0.9490
vn 0.0096 -0.3152 -0.9490
vn 0.0191 -0.2277 -0.9735
vn 0.0189 -0.2276 -0.9736
vn -0.0413 -0.2955 -0.9544
vn -0.0412 -0.2957 -0.9544
vn 0.0000 -0.3160 -0.9487
vn 0.0277 -0.2320 -0.9723
vn 0.0275 -0.2318 -0.9724
vn -0.0459 -0.2876 -0.9567
vn -0.0458 -0.2877 -0.9566
vn 0.0352 -0.2377 -0.9707
vn 0.0350 -0.2375 -0.9708
vn -0.0487 -0.2790 -0.9591
vn -0.0487 -0.2791 -0.9590
vn 0.0413 -0.2446 -0.9687
vn 0.0412 -0.2445 -0.9688
vn -0.0496 -0.2701 -0.9616
vn 0.0459 -0.2526 -0.9665
vn 0.0458 -0.2524 -0.9665
vn -0.0487 -0.2611 -0.9641
vn 0.0487 -0.2612 -0.9641
vn 0.0487 -0.2611 -0.9641
vn -0.0459 -0.2526 -0.9665
vn -0.0458 -0.2524 -0.9665
vn 0.0496 -0.2701 -0.9616
vn -0.0413 -0.2446 -0.9687
vn -0.0412 -0.2445 -0.9688
vn 0.0487 -0.2790 -0.9591
vn 0.0487 -0.2791 -0.9590
vn -0.0352 -0.2377 -0.9707
vn -0.0350 -0.2375 -0.9708
vn 0.0459 -0.2876 -0.9567
vn 0.0458 -0.2877 -0.9566
vn -0.0277 -0.2320 -0.9723
vn -0.0275 -0.2318 -0.9724
vn 0.0413 -0.2955 -0.9544
vn 0.0412 -0.2957 -0.9544
vn -0.0191 -0.2277 -0.9735
vn -0.0189 -0.2276 -0.9736
vn -0.0097 -0.3151 -0.9490
vn -0.0096 -0.3152 -0.9490
vn 0.0352 -0.3025 -0.9525
vn 0.0350 -0.3027 -0.9525
vn 0.0922 -0.2339 -0.9679
vn 0.0830 -0.2180 -0.9724
vn 0.0828 -0.2176 -0.9725
vn 0.0921 -0.2336 -0.9680
vn -0.9290 -0.3563 0.1003
vn -0.8412 -0.5205 0.1465
vn 0.7207 0.6673 -0.1878
vn 0.7207 0.6674 -0.1878
vn -0.9822 -0.1809 0.0509
vn 0.8412 0.5205 -0.1465
vn 0.9290 0.3563 -0.1003
vn -0.9822 0.1809 -0.0509
vn 0.9822 0.1809 -0.0509
vn -0.9290 0.3563 -0.1003
vn -0.8412 0.5205 -0.1465
vn 0.9822 -0.1809 0.0509
vn -0.7207 0.6673 -0.1878
vn -0.7207 0.6674 -0.1878
vn 0.9290 -0.3563 0.1003
vn -0.5705 0.7906 -0.2225
vn 0.8412 -0.5205 0.1465
vn -0.3955 0.8841 -0.2488
vn -0.2025 -0.9427 0.2653
vn 0.0000 -0.9626 0.2709
vn 0.7207 -0.6674 0.1878
vn 0.7207 -0.6673 0.1878
vn -0.2025 0.9427 -0.2653
vn -0.3955 -0.8841 0.2488
vn 0.5705 -0.7906 0.2225
vn -0.0000 0.9626 -0.2709
vn -0.5704 -0.7906 0.2225
vn -0.5705 -0.7906 0.2225
vn 0.3955 -0.8841 0.2488
vn 0.2025 0.9427 -0.2653
vn -0.7207 -0.6674 0.1878
vn -0.7207 -0.6673 0.1878
vn 0.2025 -0.9427 0.2653
vn -0.0978 -0.2511 -0.9630
vn -0.0997 -0.2691 -0.9579
vn -0.0978 -0.2510 -0.9630
vn 0.0978 -0.2511 -0.9630
vn 0.0978 -0.2510 -0.9630
vn -0.0922 -0.2339 -0.9679
vn -0.0921 -0.2336 -0.9680
vn 0.0997 -0.2691 -0.9579
vn -0.0830 -0.2180 -0.9724
vn -0.0828 -0.2176 -0.9725
vn 0.0978 -0.2870 -0.9529
vn 0.0978 -0.2872 -0.9529
vn -0.0707 -0.2040 -0.9764
vn -0.0703 -0.2037 -0.9765
vn 0.0922 -0.3043 -0.9481
vn 0.0921 -0.3045 -0.9480
vn -0.0556 -0.1925 -0.9797
vn -0.0552 -0.1923 -0.9798
vn 0.0830 -0.3202 -0.9437
vn 0.0828 -0.3205 -0.9436
vn -0.0383 -0.1839 -0.9822
vn -0.0380 -0.1838 -0.9822
vn -0.0195 -0.3597 -0.9329
vn -0.0000 -0.3615 -0.9324
vn -0.0194 -0.3597 -0.9329
vn 0.0707 -0.3342 -0.9398
vn 0.0703 -0.3345 -0.9398
vn -0.0195 -0.1786 -0.9837
vn -0.0194 -0.1786 -0.9837
vn -0.0383 -0.3544 -0.9343
vn -0.0380 -0.3545 -0.9343
vn 0.0556 -0.3458 -0.9367
vn 0.0552 -0.3460 -0.9366
vn 0.0000 -0.1768 -0.9842
vn -0.0556 -0.3458 -0.9367
vn -0.0552 -0.3460 -0.9366
vn 0.0383 -0.3544 -0.9343
vn 0.0380 -0.3545 -0.9343
vn 0.0195 -0.1786 -0.9837
vn 0.0194 -0.1786 -0.9837
vn -0.0707 -0.3342 -0.9398
vn -0.0703 -0.3345 -0.9398
vn 0.0195 -0.3597 -0.9329
vn 0.0194 -0.3597 -0.9329
vn 0.0383 -0.1839 -0.9822
vn 0.0380 -0.1838 -0.9822
vn -0.0830 -0.3202 -0.9437
vn -0.0828 -0.3206 -0.9436
vn 0.0556 -0.1925 -0.9797
vn 0.0552 -0.1923 -0.9798
vn -0.0922 -0.3043 -0.9481
vn -0.0921 -0.3045 -0.9480
vn 0.0707 -0.2040 -0.9764
vn 0.0703 -0.2037 -0.9765
vn -0.0978 -0.2870 -0.9529
vn -0.0978 -0.2872 -0.9529
vn -0.2843 -0.8220 -0.4934
vn -0.1453 -0.8632 -0.4835
vn -0.1618 -0.9160 -0.3672
vn -0.3165 -0.8698 -0.3785
vn -0.1453 0.4852 -0.8622
vn -0.2843 0.4449 -0.8493
vn -0.3165 0.5456 -0.7760
vn -0.1618 0.5909 -0.7904
vn 0.5210 0.2936 -0.8014
vn 0.4112 0.3800 -0.8286
vn 0.4576 0.4728 -0.7530
vn 0.5795 0.3760 -0.7230
vn 0.0000 -0.8772 -0.4802
vn 0.0000 -0.9317 -0.3634
vn -0.4112 0.3800 -0.8286
vn -0.4576 0.4728 -0.7531
vn 0.2843 0.4449 -0.8493
vn 0.3165 0.5456 -0.7760
vn 0.1453 -0.8632 -0.4835
vn 0.1618 -0.9160 -0.3672
vn -0.5210 0.2936 -0.8014
vn -0.5795 0.3760 -0.7230
vn 0.0000 0.9552 -0.2960
vn 0.2843 -0.8220 -0.4934
vn 0.3165 -0.8698 -0.3785
vn -0.6099 0.1896 -0.7694
vn -0.6781 0.2597 -0.6875
vn 0.4112 -0.7558 -0.5096
vn 0.4576 -0.7957 -0.3968
vn -0.6752 0.0723 -0.7341
vn -0.7505 0.1285 -0.6483
vn 0.5210 -0.6680 -0.5314
vn 0.5795 -0.6975 -0.4215
vn -0.7150 -0.0542 -0.6970
vn -0.7945 -0.0126 -0.6071
vn 0.6099 -0.5625 -0.5582
vn 0.6781 -0.5797 -0.4518
vn -0.7283 -0.1853 -0.6597
vn -0.8093 -0.1588 -0.5655
vn 0.6752 -0.4439 -0.5892
vn 0.7504 -0.4473 -0.4866
vn -0.7150 -0.3167 -0.6233
vn -0.7945 -0.3053 -0.5249
vn 0.7150 -0.3167 -0.6233
vn 0.7945 -0.3053 -0.5249
vn -0.6752 -0.4439 -0.5891
vn -0.7504 -0.4473 -0.4866
vn 0.7283 -0.1853 -0.6597
vn 0.8093 -0.1588 -0.5655
vn -0.6099 -0.5625 -0.5582
vn -0.6781 -0.5797 -0.4518
vn 0.7150 -0.0542 -0.6970
vn 0.7945 -0.0126 -0.6071
vn -0.5210 -0.6680 -0.5314
vn -0.5795 -0.6975 -0.4215
vn 0.6752 0.0722 -0.7341
vn 0.7504 0.1285 -0.6483
vn -0.4112 -0.7558 -0.5096
vn -0.4576 -0.7957 -0.3968
vn 0.6099 0.1896 -0.7694
vn 0.6781 0.2597 -0.6875
vn 0.9803 0.1975 0.0094
vn 0.9981 0.0169 0.0600
vn -0.7191 -0.6490 0.2483
vn -0.8395 -0.5026 0.2067
vn 0.9271 0.3727 -0.0396
vn -0.5692 -0.7719 0.2833
vn 0.8395 0.5367 -0.0852
vn -0.3945 -0.8650 0.3099
vn -0.2020 0.9583 -0.2019
vn 0.0000 0.9782 -0.2074
vn 0.7191 0.6834 -0.1259
vn -0.2020 -0.9233 0.3266
vn -0.3945 0.8999 -0.1858
vn 0.5692 0.8065 -0.1600
vn -0.0000 -0.9432 0.3323
vn -0.5692 0.8065 -0.1600
vn 0.3945 0.8999 -0.1858
vn 0.2020 -0.9233 0.3266
vn -0.7191 0.6834 -0.1259
vn 0.2020 0.9583 -0.2019
vn 0.3945 -0.8650 0.3099
vn -0.8395 0.5367 -0.0852
vn 0.5692 -0.7719 0.2833
vn -0.9271 0.3727 -0.0396
vn 0.7191 -0.6490 0.2483
vn -0.9803 0.1975 0.0094
vn 0.8395 -0.5026 0.2067
vn -0.9981 0.0169 0.0600
vn 0.9271 -0.3388 0.1603
vn -0.9803 -0.1637 0.1109
vn 0.9803 -0.1637 0.1109
vn -0.9271 -0.3388 0.1603
vn 0.0000 0.9999 -0.0171
vn 0.1958 0.9806 -0.0120
vn -0.0000 0.9676 0.2527
vn 0.1748 0.9505 0.2569
vn -0.0000 0.8296 0.5583
vn 0.1313 0.8170 0.5614
vn 0.3825 0.9240 0.0029
vn 0.3418 0.9003 0.2694
vn 0.2571 0.7800 0.5705
vn 0.5520 0.8334 0.0268
vn 0.4938 0.8199 0.2896
vn 0.3720 0.7204 0.5854
vn 0.6977 0.7140 0.0586
vn 0.6249 0.7135 0.3167
vn 0.4717 0.6411 0.6054
vn 0.8149 0.5715 0.0969
vn 0.7307 0.5862 0.3498
vn 0.5526 0.5457 0.6299
vn 0.9003 0.4122 0.1402
vn 0.8082 0.4434 0.3876
vn 0.6122 0.4381 0.6583
vn 0.9521 0.2419 0.1871
vn 0.8553 0.2905 0.4290
vn 0.6485 0.3225 0.6895
vn 0.9695 0.0663 0.2361
vn 0.8711 0.1328 0.4728
vn 0.6608 0.2030 0.7226
vn 0.9521 -0.1091 0.2857
vn 0.8553 -0.0247 0.5176
vn 0.6485 0.0837 0.7566
vn 0.9003 -0.2789 0.3343
vn 0.8082 -0.1768 0.5618
vn 0.6122 -0.0313 0.7901
vn 0.8149 -0.4375 0.3803
vn 0.7307 -0.3184 0.6039
vn 0.5526 -0.1379 0.8219
vn 0.6977 -0.5791 0.4217
vn 0.6249 -0.4443 0.6419
vn 0.4717 -0.2322 0.8506
vn 0.5520 -0.6976 0.4568
vn 0.4938 -0.5493 0.6742
vn 0.3720 -0.3103 0.8748
vn 0.3825 -0.7874 0.4835
vn 0.3418 -0.6284 0.6988
vn 0.2571 -0.3689 0.8932
vn 0.1958 -0.8434 0.5003
vn 0.1748 -0.6777 0.7142
vn 0.1313 -0.4053 0.9047
vn 0.0000 -0.8625 0.5060
vn 0.0000 -0.6945 0.7195
vn 0.0000 -0.4176 0.9086
vn -0.1958 -0.8434 0.5003
vn -0.1748 -0.6777 0.7142
vn -0.1313 -0.4053 0.9047
vn -0.3825 -0.7874 0.4835
vn -0.3418 -0.6284 0.6988
vn -0.2571 -0.3689 0.8932
vn -0.5520 -0.6976 0.4568
vn -0.4938 -0.5493 0.6742
vn -0.3720 -0.3103 0.8748
vn -0.6977 -0.5791 0.4217
vn -0.6249 -0.4443 0.6419
vn -0.4717 -0.2322 0.8506
vn -0.8149 -0.4375 0.3803
vn -0.7307 -0.3184 0.6039
vn -0.5526 -0.1379 0.8219
vn -0.9003 -0.2789 0.3343
vn -0.8082 -0.1768 0.5618
vn -0.6122 -0.0313 0.7901
vn -0.9521 -0.1091 0.2857
vn -0.8553 -0.0247 0.5176
vn -0.6485 0.0837 0.7566
vn -0.9695 0.0663 0.2360
vn -0.8711 0.1328 0.4728
vn -0.6607 0.2030 0.7226
vn -0.9521 0.2419 0.1871
vn -0.8553 0.2905 0.4290
vn -0.6485 0.3225 0.6895
vn -0.9003 0.4122 0.1402
vn -0.8082 0.4434 0.3876
vn -0.6122 0.4381 0.6583
vn -0.8149 0.5715 0.0969
vn -0.7307 0.5862 0.3498
vn -0.5526 0.5457 0.6299
vn -0.6977 0.7140 0.0586
vn -0.6249 0.7135 0.3167
vn -0.4717 0.6411 0.6054
vn -0.5520 0.8334 0.0268
vn -0.4938 0.8199 0.2896
vn -0.3720 0.7204 0.5853
vn -0.3825 0.9240 0.0029
vn -0.3418 0.9003 0.2694
vn -0.2571 0.7800 0.5705
vn -0.1958 0.9806 -0.0120
vn -0.1748 0.9505 0.2569
vn -0.1313 0.8171 0.5614
vn 0.1750 0.2982 0.9383
vn 0.1784 0.2661 0.9473
vn -0.1265 0.1494 0.9807
vn -0.1486 0.1745 0.9734
vn 0.1650 0.3292 0.9297
vn -0.0995 0.1287 0.9867
vn 0.1486 0.3579 0.9219
vn -0.0686 0.1133 0.9912
vn -0.0350 0.4289 0.9027
vn -0.0000 0.4321 0.9018
vn 0.1265 0.3831 0.9150
vn -0.0350 0.1038 0.9940
vn -0.0686 0.4193 0.9052
vn 0.0995 0.4039 0.9094
vn -0.0000 0.1006 0.9949
vn -0.0996 0.4039 0.9094
vn 0.0686 0.4193 0.9052
vn 0.0350 0.1038 0.9940
vn -0.1266 0.3831 0.9150
vn 0.0350 0.4289 0.9027
vn 0.0686 0.1133 0.9912
vn -0.1486 0.3579 0.9219
vn 0.0995 0.1287 0.9867
vn -0.1650 0.3292 0.9297
vn 0.1265 0.1494 0.9807
vn -0.1750 0.2982 0.9383
vn 0.1486 0.1745 0.9734
vn -0.1784 0.2661 0.9473
vn 0.1650 0.2030 0.9652
vn -0.1750 0.2339 0.9564
vn 0.1750 0.2339 0.9564
vn -0.1650 0.2030 0.9652
vn -0.0000 0.1714 0.9852
vn -0.0204 0.1732 0.9847
vn -0.0000 -0.2887 0.9574
vn -0.1088 -0.2787 0.9542
vn -0.0000 -0.7488 0.6628
vn -0.1825 -0.7312 0.6573
vn -0.0401 0.1786 0.9831
vn -0.2131 -0.2489 0.9448
vn -0.3567 -0.6794 0.6413
vn -0.0584 0.1874 0.9805
vn -0.3088 -0.2008 0.9297
vn -0.5150 -0.5963 0.6158
vn -0.0745 0.1994 0.9771
vn -0.3920 -0.1364 0.9098
vn -0.6513 -0.4864 0.5824
vn -0.0878 0.2141 0.9729
vn -0.4599 -0.0583 0.8861
vn -0.7610 -0.3550 0.5431
vn -0.0978 0.2310 0.9680
vn -0.5100 0.0303 0.8597
vn -0.8411 -0.2074 0.4996
vn -0.1040 0.2496 0.9628
vn -0.5406 0.1261 0.8318
vn -0.8898 -0.0492 0.4538
vn -0.1061 0.2689 0.9573
vn -0.5510 0.2257 0.8034
vn -0.9061 0.1144 0.4073
vn -0.1040 0.2882 0.9519
vn -0.5406 0.3254 0.7758
vn -0.8898 0.2783 0.3618
vn -0.0978 0.3068 0.9467
vn -0.5099 0.4217 0.7497
vn -0.8411 0.4372 0.3185
vn -0.0878 0.3237 0.9421
vn -0.4599 0.5111 0.7261
vn -0.7610 0.5858 0.2788
vn -0.0745 0.3385 0.9380
vn -0.3920 0.5901 0.7057
vn -0.6513 0.7186 0.2440
vn -0.0584 0.3506 0.9347
vn -0.3087 0.6555 0.6892
vn -0.5150 0.8297 0.2153
vn -0.0401 0.3594 0.9323
vn -0.2131 0.7044 0.6770
vn -0.3567 0.9139 0.1938
vn -0.0204 0.3649 0.9308
vn -0.1088 0.7348 0.6695
vn -0.1825 0.9665 0.1805
vn -0.0000 0.3667 0.9303
vn -0.0000 0.7450 0.6670
vn -0.0000 0.9844 0.1760
vn 0.0204 0.3649 0.9308
vn 0.1088 0.7348 0.6696
vn 0.1825 0.9665 0.1805
vn 0.0401 0.3594 0.9323
vn 0.2131 0.7044 0.6770
vn 0.3567 0.9139 0.1938
vn 0.0584 0.3506 0.9347
vn 0.3087 0.6555 0.6892
vn 0.5149 0.8297 0.2153
vn 0.0745 0.3385 0.9380
vn 0.3920 0.5901 0.7057
vn 0.6513 0.7186 0.2440
vn 0.0878 0.3237 0.9421
vn 0.4599 0.5111 0.7261
vn 0.7610 0.5858 0.2788
vn 0.0978 0.3068 0.9467
vn 0.5099 0.4217 0.7497
vn 0.8411 0.4372 0.3185
vn 0.1040 0.2882 0.9519
vn 0.5406 0.3254 0.7758
vn 0.8898 0.2783 0.3618
vn 0.1061 0.2689 0.9573
vn 0.5510 0.2257 0.8034
vn 0.9061 0.1144 0.4074
vn 0.1040 0.2496 0.9628
vn 0.5406 0.1261 0.8318
vn 0.8897 -0.0492 0.4538
vn 0.0979 0.2310 0.9680
vn 0.5100 0.0303 0.8597
vn 0.8411 -0.2074 0.4996
vn 0.0878 0.2141 0.9729
vn 0.4599 -0.0583 0.8861
vn 0.7610 -0.3550 0.5431
vn 0.0745 0.1994 0.9771
vn 0.3920 -0.1364 0.9098
vn 0.6513 -0.4864 0.5824
vn 0.0584 0.1874 0.9805
vn 0.3087 -0.2008 0.9297
vn 0.5150 -0.5963 0.6158
vn 0.0401 0.1786 0.9831
vn 0.2131 -0.2489 0.9448
vn 0.3567 -0.6794 0.6413
vn 0.0204 0.1732 0.9847
vn 0.1088 -0.2787 0.9542
vn 0.1825 -0.7312 0.6573
vn 0.0000 0.9828 -0.1848
vn 0.2017 0.9629 -0.1793
vn 0.0000 0.9958 -0.0916
vn 0.1991 0.9762 -0.0863
vn 0.0000 0.9995 0.0305
vn 0.1932 0.9805 0.0354
vn -0.0000 0.9719 0.2353
vn 0.1766 0.9547 0.2396
vn 0.3939 0.9045 -0.1633
vn 0.3889 0.9185 -0.0709
vn 0.3774 0.9247 0.0499
vn 0.3453 0.9040 0.2523
vn 0.5682 0.8113 -0.1377
vn 0.5612 0.8264 -0.0462
vn 0.5448 0.8354 0.0732
vn 0.4988 0.8227 0.2727
vn 0.7179 0.6883 -0.1038
vn 0.7091 0.7049 -0.0134
vn 0.6887 0.7176 0.1042
vn 0.6312 0.7152 0.3002
vn 0.8381 0.5419 -0.0634
vn 0.8280 0.5602 0.0259
vn 0.8044 0.5770 0.1417
vn 0.7380 0.5866 0.3336
vn 0.9256 0.3781 -0.0179
vn 0.9146 0.3983 0.0702
vn 0.8888 0.4197 0.1841
vn 0.8162 0.4423 0.3718
vn 0.9786 0.2032 0.0308
vn 0.9671 0.2254 0.1181
vn 0.9401 0.2516 0.2302
vn 0.8637 0.2879 0.4137
vn 0.9964 0.0229 0.0814
vn 0.9847 0.0472 0.1679
vn 0.9572 0.0782 0.2785
vn 0.8796 0.1286 0.4580
vn 0.9786 -0.1574 0.1321
vn 0.9671 -0.1310 0.2182
vn 0.9401 -0.0949 0.3275
vn 0.8637 -0.0304 0.5031
vn 0.9256 -0.3322 0.1816
vn 0.9146 -0.3035 0.2674
vn 0.8888 -0.2624 0.3757
vn 0.8161 -0.1840 0.5478
vn 0.8381 -0.4956 0.2280
vn 0.8280 -0.4648 0.3138
vn 0.8044 -0.4188 0.4213
vn 0.7380 -0.3271 0.5902
vn 0.7179 -0.6417 0.2697
vn 0.7091 -0.6088 0.3556
vn 0.6887 -0.5584 0.4626
vn 0.6312 -0.4543 0.6286
vn 0.5682 -0.7643 0.3048
vn 0.5612 -0.7296 0.3908
vn 0.5448 -0.6751 0.4974
vn 0.4988 -0.5604 0.6612
vn 0.3939 -0.8573 0.3315
vn 0.3889 -0.8211 0.4177
vn 0.3774 -0.7635 0.5241
vn 0.3453 -0.6404 0.6860
vn 0.2017 -0.9155 0.3483
vn 0.1991 -0.8784 0.4346
vn 0.1932 -0.8187 0.5408
vn 0.1766 -0.6903 0.7016
vn 0.0000 -0.9353 0.3540
vn 0.0000 -0.8979 0.4403
vn 0.0000 -0.8375 0.5465
vn -0.0000 -0.7073 0.7069
vn -0.2017 -0.9155 0.3483
vn -0.1991 -0.8784 0.4346
vn -0.1932 -0.8187 0.5408
vn -0.1766 -0.6903 0.7016
vn -0.3939 -0.8573 0.3315
vn -0.3889 -0.8211 0.4177
vn -0.3774 -0.7635 0.5241
vn -0.3453 -0.6404 0.6860
vn -0.5682 -0.7643 0.3048
vn -0.5612 -0.7296 0.3908
vn -0.5448 -0.6751 0.4974
vn -0.4988 -0.5604 0.6612
vn -0.7179 -0.6417 0.2697
vn -0.7091 -0.6089 0.3556
vn -0.6887 -0.5584 0.4626
vn -0.6312 -0.4543 0.6286
vn -0.8381 -0.4956 0.2280
vn -0.8280 -0.4648 0.3138
vn -0.8044 -0.4188 0.4213
vn -0.7380 -0.3271 0.5902
vn -0.9256 -0.3322 0.1816
vn -0.9145 -0.3035 0.2674
vn -0.8888 -0.2624 0.3757
vn -0.8161 -0.1840 0.5478
vn -0.9786 -0.1574 0.1321
vn -0.9671 -0.1310 0.2182
vn -0.9401 -0.0949 0.3275
vn -0.8637 -0.0304 0.5031
vn -0.9964 0.0229 0.0814
vn -0.9847 0.0472 0.1679
vn -0.9572 0.0782 0.2785
vn -0.8796 0.1286 0.4580
vn -0.9786 0.2032 0.0308
vn -0.9671 0.2254 0.1181
vn -0.9401 0.2515 0.2302
vn -0.8637 0.2879 0.4137
vn -0.9256 0.3781 -0.0179
vn -0.9146 0.3983 0.0703
vn -0.8888 0.4197 0.1841
vn -0.8161 0.4423 0.3718
vn -0.8381 0.5419 -0.0634
vn -0.8280 0.5602 0.0259
vn -0.8044 0.5770 0.1416
vn -0.7380 0.5866 0.3336
vn -0.7179 0.6883 -0.1038
vn -0.7091 0.7049 -0.0134
vn -0.6887 0.7176 0.1042
vn -0.6312 0.7152 0.3002
vn -0.5682 0.8113 -0.1377
vn -0.5612 0.8264 -0.0462
vn -0.5448 0.8354 0.0732
vn -0.4988 0.8227 0.2727
vn -0.3939 0.9045 -0.1633
vn -0.3889 0.9185 -0.0709
vn -0.3774 0.9247 0.0499
vn -0.3453 0.9040 0.2523
vn -0.2017 0.9629 -0.1793
vn -0.1991 0.9762 -0.0863
vn -0.1932 0.9805 0.0354
vn -0.1766 0.9547 0.2396
vn -0.0000 0.7787 -0.6274
vn 0.1861 0.7607 -0.6218
vn 0.0000 0.8795 -0.4760
vn 0.1975 0.8602 -0.4702
vn 0.0000 0.9290 -0.3701
vn 0.2013 0.9092 -0.3644
vn 0.3638 0.7078 -0.6055
vn 0.3858 0.8035 -0.4534
vn 0.3932 0.8512 -0.3476
vn 0.5253 0.6230 -0.5796
vn 0.5567 0.7129 -0.4266
vn 0.5673 0.7584 -0.3209
vn 0.6643 0.5108 -0.5456
vn 0.7035 0.5932 -0.3913
vn 0.7168 0.6361 -0.2857
vn 0.7763 0.3766 -0.5055
vn 0.8215 0.4504 -0.3497
vn 0.8367 0.4902 -0.2440
vn 0.8582 0.2258 -0.4611
vn 0.9075 0.2905 -0.3034
vn 0.9241 0.3271 -0.1975
vn 0.9079 0.0641 -0.4143
vn 0.9597 0.1193 -0.2545
vn 0.9771 0.1527 -0.1481
vn 0.9245 -0.1031 -0.3669
vn 0.9772 -0.0574 -0.2045
vn 0.9949 -0.0274 -0.0974
vn 0.9079 -0.2705 -0.3204
vn 0.9597 -0.2344 -0.1551
vn 0.9771 -0.2074 -0.0469
vn 0.8581 -0.4328 -0.2761
vn 0.9075 -0.4060 -0.1078
vn 0.9241 -0.3821 0.0017
vn 0.7764 -0.5846 -0.2355
vn 0.8215 -0.5666 -0.0640
vn 0.8367 -0.5456 0.0469
vn 0.6644 -0.7202 -0.1998
vn 0.7035 -0.7102 -0.0252
vn 0.7167 -0.6919 0.0872
vn 0.5253 -0.8337 -0.1704
vn 0.5567 -0.8307 0.0070
vn 0.5673 -0.8146 0.1209
vn 0.3638 -0.9196 -0.1484
vn 0.3858 -0.9221 0.0313
vn 0.3932 -0.9077 0.1464
vn 0.1861 -0.9732 -0.1348
vn 0.1975 -0.9792 0.0464
vn 0.2013 -0.9660 0.1623
vn -0.0000 -0.9915 -0.1302
vn 0.0000 -0.9987 0.0516
vn -0.0000 -0.9858 0.1677
vn -0.1861 -0.9732 -0.1348
vn -0.1975 -0.9792 0.0464
vn -0.2013 -0.9660 0.1623
vn -0.3638 -0.9196 -0.1484
vn -0.3858 -0.9221 0.0313
vn -0.3932 -0.9077 0.1464
vn -0.5253 -0.8337 -0.1704
vn -0.5567 -0.8307 0.0070
vn -0.5673 -0.8146 0.1209
vn -0.6644 -0.7202 -0.1998
vn -0.7035 -0.7102 -0.0252
vn -0.7167 -0.6919 0.0872
vn -0.7764 -0.5847 -0.2355
vn -0.8215 -0.5666 -0.0640
vn -0.8367 -0.5456 0.0469
vn -0.8581 -0.4328 -0.2761
vn -0.9075 -0.4060 -0.1078
vn -0.9241 -0.3821 0.0017
vn -0.9079 -0.2705 -0.3203
vn -0.9597 -0.2344 -0.1551
vn -0.9771 -0.2074 -0.0469
vn -0.9245 -0.1031 -0.3669
vn -0.9772 -0.0574 -0.2045
vn -0.9949 -0.0274 -0.0974
vn -0.9079 0.0641 -0.4143
vn -0.9597 0.1193 -0.2545
vn -0.9771 0.1527 -0.1481
vn -0.8581 0.2258 -0.4611
vn -0.9075 0.2905 -0.3034
vn -0.9241 0.3271 -0.1975
vn -0.7763 0.3766 -0.5055
vn -0.8215 0.4504 -0.3497
vn -0.8367 0.4902 -0.2440
vn -0.6644 0.5108 -0.5456
vn -0.7035 0.5932 -0.3913
vn -0.7168 0.6361 -0.2857
vn -0.5253 0.6230 -0.5796
vn -0.5567 0.7129 -0.4265
vn -0.5673 0.7584 -0.3209
vn -0.3638 0.7078 -0.6055
vn -0.3858 0.8035 -0.4534
vn -0.3932 0.8512 -0.3476
vn -0.1861 0.7607 -0.6218
vn -0.1975 0.8602 -0.4702
vn -0.2013 0.9092 -0.3644
usemtl Material.001
s 1
f 915/1662/730 917/1663/730 918/1664/730 916/1665/730
f 920/1666/731 921/1667/731 922/1668/731 919/1669/731
f 916/1665/732 918/1664/732 922/1670/732 921/1671/732
f 917/1672/733 915/1673/733 920/1674/733 919/1675/733
f 918/1676/734 917/1677/734 919/1678/734 922/1679/734
f 915/1680/735 916/1681/735 921/1682/735 920/1683/735
f 929/1684/736 926/1685/736 936/1686/736 1032/1687/736 1004/1688/736 994/1689/736 1029/1690/736
f 936/1691/737 926/1692/737 952/1693/738 955/1694/738
f 948/1695/739 923/1696/740 927/1697/740 931/1698/741 947/1699/742
f 925/1700/743 935/1701/743 954/1702/744 945/1703/744
f 924/1704/737 936/1691/737 955/1694/738 949/1705/745
f 932/1706/746 950/1707/747 956/1708/748 938/1709/749
f 965/1710/750 939/1711/740 928/1712/740 932/1713/740 941/1714/740 960/1715/751 961/1716/752 974/1717/740 971/1718/740 982/1719/740 976/1720/740 980/1721/740 977/1722/740 979/1723/740 978/1724/740 963/1725/740 964/1726/740 962/1727/740 975/1728/740 972/1729/740 957/1730/740 959/1731/740
f 938/1709/749 956/1708/748 951/1732/748 933/1733/753
f 940/1734/754 930/1735/754 934/1736/754 942/1737/754
f 934/1736/754 930/1735/754 925/1738/754 945/1739/754 946/1740/754
f 944/1741/755 938/1709/749 933/1733/753 942/1742/753
f 935/1743/736 925/1744/736 930/1745/736 1027/1746/736 993/1747/736 1003/1748/736 1028/1749/736
f 940/1750/736 929/1684/736 1029/1690/736 997/1751/736 1008/1752/736 1026/1753/736
f 996/1754/736 1030/1755/736 928/1756/736 939/1757/736 1025/1758/736 1007/1759/736
f 927/1760/736 923/1761/736 935/1743/736 1028/1749/736 991/1762/736 1031/1763/736
f 941/1764/756 932/1706/746 938/1709/749 943/1765/757
f 935/1701/743 923/1766/743 948/1767/739 954/1702/744
f 926/1692/754 929/1768/754 933/1769/754 951/1770/754 952/1693/754
f 1036/1771/758 1034/1772/758 1035/1773/740 932/1713/746 928/1712/740 924/1774/740 949/1775/745 1038/1776/740 1039/1777/740 1033/1778/758 1037/1779/758
f 1038/1776/740 949/1775/745 950/1780/747 932/1713/746 1035/1773/740 1040/1781/740
f 936/1686/736 924/1782/736 928/1756/736 1030/1755/736 992/1783/736 1032/1687/736
f 931/1784/741 941/1764/756 943/1765/757 937/1785/759
f 995/1786/736 1025/1758/736 939/1757/736 927/1760/736 1031/1763/736
f 930/1745/736 940/1750/736 1026/1753/736 998/1787/736 1027/1746/736
f 937/1785/759 944/1741/755 942/1742/753 934/1788/753
f 929/1768/754 940/1734/754 942/1737/754 933/1769/754
f 960/1715/751 941/1714/740 931/1698/740 927/1697/740 939/1711/740 965/1710/750 966/1789/760 968/1790/740 969/1791/740 970/1792/740 973/1793/740 981/1794/740 983/1795/740 984/1796/740 985/1797/740 986/1798/740 987/1799/740 988/1800/740 989/1801/740 990/1802/740 967/1803/740 958/1804/740
f 937/1785/759 943/1765/757 944/1741/755
f 947/1805/742 931/1784/741 937/1785/759 953/1806/761
f 944/1741/755 943/1765/757 938/1709/749
f 954/1807/744 948/1808/739 947/1805/742 953/1806/761
f 949/1809/745 955/1810/738 956/1708/748 950/1707/747
f 945/1811/744 954/1807/744 953/1806/761 946/1812/761
f 955/1810/738 952/1813/738 951/1732/748 956/1708/748
f 953/1806/761 937/1785/759 934/1788/753 946/1812/761
f 1004/1814/762 1023/1815/763 1020/1816/763 994/1817/762
f 1015/1818/764 999/1819/765 995/1820/766 1031/1821/766 991/1822/766 1016/1823/767
f 993/1824/768 1013/1825/769 1022/1826/769 1003/1827/768
f 1017/1828/770 1023/1815/763 1004/1814/762 1032/1829/762 992/1830/762
f 1000/1831/771 1006/1832/772 1024/1833/773 1018/1834/774
f 927/1835/775 931/1836/775 999/1837/775 995/1838/775
f 1006/1832/772 1001/1839/736 1019/1840/773 1024/1833/773
f 1026/1841/776 1008/1842/776 1010/1843/776 1002/1844/776 998/1845/776
f 1027/1846/776 998/1845/776 1002/1844/776 1014/1847/776 1013/1848/776 993/1849/776
f 1012/1850/777 1010/1851/736 1001/1839/736 1006/1832/772
f 1011/1852/778 1006/1832/772 1000/1831/771 1009/1853/779
f 1028/1854/768 1003/1827/768 1022/1826/769 1016/1823/767 991/1822/768
f 1020/1855/776 1019/1856/776 1001/1857/776 997/1858/776 1029/1859/776 994/1860/776
f 1000/1861/771 1018/1862/774 1017/1863/770 1046/1864/766 1048/1865/766 1043/1866/766
f 1045/1867/766 1041/1868/766 1047/1869/766 1046/1864/766 1017/1863/770 992/1870/766 1030/1871/766 996/1872/766 1000/1861/771 1043/1866/766 1042/1873/766 1044/1874/766
f 999/1875/765 1005/1876/780 1011/1852/778 1009/1853/779
f 1005/1876/780 1002/1877/736 1010/1851/736 1012/1850/777
f 1010/1843/776 1008/1842/776 997/1858/776 1001/1857/776
f 931/1878/781 941/1879/781 1009/1880/781 999/1881/781
f 1005/1876/780 1012/1850/777 1011/1852/778
f 1015/1882/764 1021/1883/782 1005/1876/780 999/1875/765
f 1012/1850/777 1006/1832/772 1011/1852/778
f 1015/1818/764 1016/1823/767 1022/1826/769 1021/1884/782
f 1017/1885/770 1018/1834/774 1024/1833/773 1023/1886/763
f 1021/1884/782 1022/1826/769 1013/1825/769 1014/1887/782
f 1024/1833/773 1019/1840/773 1020/1888/763 1023/1886/763
f 1021/1883/782 1014/1889/782 1002/1877/736 1005/1876/780
f 928/1890/783 932/1891/783 1000/1892/783 996/1893/783
f 932/1713/784 941/1714/784 1009/1894/779 1000/1895/771
f 1047/1896/733 1039/1897/733 1038/1898/733 1046/1899/733
f 1036/1900/732 1037/1901/732 1045/1867/732 1044/1874/732
f 1038/1902/785 1040/1903/785 1048/1904/785 1046/1905/785
f 1045/1906/786 1037/1907/758 1033/1908/758 1041/1909/786
f 1042/1910/786 1034/1911/758 1036/1912/758 1044/1913/786
f 1039/1897/733 1047/1896/733 1041/1914/733 1033/1915/733
f 1035/1916/732 1034/1917/732 1042/1873/732 1043/1866/732
f 1040/1903/785 1035/1918/785 1043/1919/785 1048/1904/785
f 986/1920/787 985/1921/788 1077/1922/789 1078/1923/790
f 975/1924/791 962/1925/792 1054/1926/793 1067/1927/794
f 964/1928/795 963/1929/796 1055/1930/797 1056/1931/798
f 978/1932/799 979/1933/800 1071/1934/801 1070/1935/802
f 965/1936/803 959/1937/804 1051/1938/805 1057/1939/803
f 988/1800/806 987/1799/807 1079/1940/808 1080/1941/809
f 980/1942/810 976/1943/811 1068/1944/812 1072/1945/813
f 966/1946/760 965/1947/750 1057/1948/760 1058/1949/760
f 976/1950/811 982/1951/814 1074/1952/815 1068/1953/812
f 967/1954/816 990/1955/817 1082/1956/818 1059/1957/819
f 970/1958/820 969/1959/821 1061/1960/822 1062/1961/823
f 990/1802/817 989/1801/824 1081/1962/825 1082/1963/818
f 985/1921/788 984/1964/826 1076/1965/827 1077/1922/789
f 957/1966/828 972/1967/829 1064/1968/830 1049/1969/831
f 987/1970/807 986/1920/787 1078/1923/790 1079/1971/808
f 974/1972/832 961/1973/752 1053/1974/833 1066/1975/834
f 960/1976/751 958/1977/835 1050/1978/836 1052/1979/837
f 963/1929/796 978/1932/799 1070/1935/802 1055/1930/797
f 961/1980/752 960/1981/751 1052/1982/837 1053/1983/833
f 971/1984/838 974/1972/832 1066/1975/834 1063/1985/839
f 989/1801/824 988/1800/806 1080/1941/809 1081/1962/825
f 979/1933/800 977/1986/840 1069/1987/841 1071/1934/801
f 977/1986/840 980/1988/810 1072/1989/813 1069/1987/841
f 962/1925/792 964/1928/795 1056/1931/798 1054/1926/793
f 981/1990/842 973/1991/843 1065/1992/844 1073/1993/845
f 958/1977/835 967/1954/816 1059/1957/819 1050/1978/836
f 984/1964/826 983/1994/846 1075/1995/847 1076/1965/827
f 982/1951/814 971/1984/838 1063/1985/839 1074/1952/815
f 968/1996/848 966/1997/849 1058/1998/849 1060/1999/850
f 983/1994/846 981/1990/842 1073/1993/845 1075/1995/847
f 969/1959/821 968/1996/848 1060/1999/850 1061/1960/822
f 959/1937/804 957/1966/828 1049/1969/831 1051/1938/805
f 973/2000/843 970/1958/820 1062/1961/823 1065/2001/844
f 972/2002/829 975/1924/791 1067/1927/794 1064/2003/830
f 1046/1905/736 1048/1904/736 1090/2004/736 1088/2005/736
f 1048/1904/736 1043/1919/736 1085/2006/736 1090/2004/736
f 1042/1910/753 1044/1913/753 1086/2007/851 1084/2008/851
f 1047/1896/733 1046/1899/733 1088/2009/733 1089/2010/733
f 1041/1914/733 1047/1896/733 1089/2010/733 1083/2011/733
f 1044/1874/732 1045/1867/732 1087/2012/732 1086/2013/732
f 1045/1906/753 1041/1909/753 1083/2014/851 1087/2015/851
f 1043/1866/732 1042/1873/732 1084/2016/732 1085/2017/732
f 1083/2018/851 1089/2019/740 1088/2020/740 1090/2021/740 1085/2022/740 1084/2023/851 1086/2024/851 1087/2025/851
f 1051/2026/740 1049/2027/740 1064/2028/740 1067/2029/740 1054/2030/740 1056/2031/740 1055/2032/740 1070/2033/740 1071/2034/740 1069/2035/740 1072/2036/740 1068/2037/740 1074/2038/740 1063/2039/740 1066/2040/740 1053/2041/833 1052/2042/837 1050/2043/740 1059/2044/740 1082/1963/740 1081/1962/740 1080/1941/740 1079/1940/740 1078/2045/740 1077/2046/740 1076/2047/740 1075/2048/740 1073/2049/740 1065/2050/740 1062/2051/740 1061/2052/740 1060/2053/740 1058/2054/760 1057/2055/760
f 939/2056/753 928/2057/753 996/2058/753 1007/2059/753
f 1027/2060/753 993/2061/753 1003/2062/753 1028/2063/753 991/2064/753 1031/2065/753 995/2066/753 1007/2067/753 1025/2068/753 996/2069/753 1030/2070/753 992/2071/753 1032/2072/753 1004/2073/753 994/2074/753 1029/2075/753 997/2076/753 1026/2077/753 1008/2078/753 998/2079/753
f 1091/2080/730 1093/2081/730 1094/2082/730 1092/2083/730
f 1096/2084/731 1097/2085/731 1098/2086/731 1095/2087/731
f 1092/2083/732 1094/2082/732 1098/2088/732 1097/2089/732
f 1093/2090/733 1091/2091/733 1096/2092/733 1095/2093/733
f 1094/2094/734 1093/2095/734 1095/2096/734 1098/2097/734
f 1091/2098/735 1092/2099/735 1097/2100/735 1096/2101/735
f 1099/2102/852 1164/2103/852 1163/2104/853 1101/2105/854
f 1101/2105/854 1163/2104/853 1165/2106/855 1103/2107/856
f 1103/2107/856 1165/2106/855 1166/2108/857 1105/2109/858
f 1105/2109/858 1166/2108/857 1167/2110/859 1107/2111/860
f 1107/2112/860 1167/2113/859 1168/2114/861 1109/2115/862
f 1109/2115/862 1168/2114/861 1169/2116/863 1111/2117/864
f 1111/2117/864 1169/2116/863 1170/2118/865 1113/2119/866
f 1113/2119/866 1170/2118/865 1171/2120/867 1115/2121/868
f 1115/2121/868 1171/2120/867 1172/2122/869 1117/2123/870
f 1117/2123/870 1172/2122/869 1173/2124/871 1119/2125/872
f 1119/2125/872 1173/2124/871 1174/2126/873 1121/2127/874
f 1121/2128/874 1174/2129/873 1175/2130/875 1123/2131/876
f 1123/2132/876 1175/2133/875 1176/2134/877 1125/2135/878
f 1125/2135/878 1176/2134/877 1177/2136/879 1127/2137/880
f 1127/2137/880 1177/2136/879 1178/2138/881 1129/2139/882
f 1129/2139/882 1178/2138/881 1179/2140/883 1131/2141/883
f 1131/2141/883 1179/2140/883 1180/2142/884 1133/2143/885
f 1133/2143/885 1180/2142/884 1181/2144/886 1135/2145/887
f 1135/2145/887 1181/2144/886 1182/2146/888 1137/2147/889
f 1137/2147/889 1182/2146/888 1183/2148/890 1139/2149/891
f 1139/2149/891 1183/2148/890 1184/2150/892 1141/2151/893
f 1141/2152/893 1184/2153/892 1185/2154/894 1143/2155/895
f 1143/2155/895 1185/2154/894 1186/2156/896 1145/2157/897
f 1145/2157/897 1186/2156/896 1187/2158/898 1147/2159/899
f 1147/2159/899 1187/2158/898 1188/2160/900 1149/2161/901
f 1149/2161/901 1188/2160/900 1189/2162/902 1151/2163/903
f 1151/2163/903 1189/2162/902 1190/2164/904 1153/2165/905
f 1153/2165/905 1190/2164/904 1191/2166/906 1155/2167/907
f 1155/2167/907 1191/2166/906 1192/2168/908 1157/2169/909
f 1157/2170/909 1192/2171/908 1193/2172/910 1159/2173/911
f 1160/2174/912 1158/2175/913 1256/2176/913 1257/2177/912
f 1159/2173/911 1193/2172/910 1194/2178/914 1161/2179/915
f 1161/2179/915 1194/2178/914 1164/2103/852 1099/2102/852
f 1099/2180/916 1101/2181/916 1103/2182/916 1105/2183/916 1107/2112/916 1109/2115/916 1111/2117/916 1113/2119/916 1115/2121/916 1117/2123/916 1119/2125/916 1121/2127/916 1123/2184/916 1125/2185/916 1127/2186/916 1129/2187/916 1131/2188/916 1133/2189/916 1135/2190/916 1137/2191/916 1139/2192/916 1141/2193/916 1143/2194/916 1145/2195/916 1147/2196/916 1149/2197/916 1151/2198/916 1153/2199/916 1155/2200/916 1157/2201/916 1159/2202/916 1161/2203/916
f 1100/2204/917 1102/2205/917 1163/2206/917 1164/2207/917
f 1102/2205/917 1104/2208/917 1165/2209/917 1163/2206/917
f 1104/2208/917 1106/2210/917 1166/2211/917 1165/2209/917
f 1106/2210/917 1108/2212/917 1167/2213/917 1166/2211/917
f 1108/2212/917 1110/2214/917 1168/2215/917 1167/2213/917
f 1110/2214/917 1112/2216/917 1169/2217/917 1168/2215/917
f 1112/2216/917 1114/2218/917 1170/2219/917 1169/2217/917
f 1114/2218/917 1116/2220/917 1171/2221/917 1170/2219/917
f 1116/2220/917 1118/2222/917 1172/2223/917 1171/2221/917
f 1118/2222/917 1120/2224/917 1173/2225/917 1172/2223/917
f 1120/2224/917 1122/2226/917 1174/2129/917 1173/2225/917
f 1122/2226/917 1124/2227/917 1175/2130/917 1174/2129/917
f 1124/2227/917 1126/2228/917 1176/2229/917 1175/2130/917
f 1126/2228/917 1128/2230/917 1177/2231/917 1176/2229/917
f 1128/2230/917 1130/2232/917 1178/2233/917 1177/2231/917
f 1130/2232/917 1132/2234/917 1179/2235/917 1178/2233/917
f 1132/2234/917 1134/2236/917 1180/2237/917 1179/2235/917
f 1134/2236/917 1136/2238/917 1181/2239/917 1180/2237/917
f 1136/2238/917 1138/2240/917 1182/2241/917 1181/2239/917
f 1138/2240/917 1140/2242/917 1183/2243/917 1182/2241/917
f 1140/2242/917 1142/2244/917 1184/2245/917 1183/2243/917
f 1142/2244/917 1144/2246/917 1185/2247/917 1184/2245/917
f 1144/2246/917 1146/2248/917 1186/2249/917 1185/2247/917
f 1146/2248/917 1148/2250/917 1187/2251/917 1186/2249/917
f 1148/2250/917 1150/2252/917 1188/2253/917 1187/2251/917
f 1150/2252/917 1152/2254/917 1189/2255/917 1188/2253/917
f 1152/2254/917 1154/2256/917 1190/2257/917 1189/2255/917
f 1154/2256/917 1156/2258/917 1191/2259/917 1190/2257/917
f 1156/2258/917 1158/2260/917 1192/2261/917 1191/2259/917
f 1158/2260/917 1160/2262/917 1193/2263/917 1192/2261/917
f 1160/2262/917 1162/2264/917 1194/2265/917 1193/2263/917
f 1162/2264/917 1100/2204/917 1164/2207/917 1194/2265/917
f 1218/2266/918 1217/2267/919 1281/2268/920 1282/2269/921
f 1134/2270/922 1132/2271/923 1243/2272/923 1244/2273/922
f 1108/2274/924 1106/2275/925 1230/2276/925 1231/2277/924
f 1162/2278/926 1160/2174/912 1257/2177/912 1258/2279/926
f 1136/2280/927 1134/2270/922 1244/2273/922 1245/2281/927
f 1110/2282/928 1108/2283/924 1231/2284/924 1232/2285/928
f 1100/2286/929 1162/2278/926 1258/2279/926 1228/2287/929
f 1138/2288/930 1136/2280/927 1245/2281/927 1246/2289/930
f 1112/2290/931 1110/2282/928 1232/2285/928 1233/2291/931
f 1140/2292/932 1138/2288/930 1246/2289/930 1247/2293/932
f 1114/2294/933 1112/2290/931 1233/2291/931 1234/2295/933
f 1142/2296/934 1140/2292/932 1247/2293/932 1248/2297/934
f 1116/2298/732 1114/2294/933 1234/2295/933 1235/2299/732
f 1144/2300/919 1142/2301/934 1248/2302/934 1249/2303/919
f 1118/2304/935 1116/2298/732 1235/2299/732 1236/2305/935
f 1146/2306/918 1144/2300/919 1249/2303/919 1250/2307/918
f 1120/2308/936 1118/2304/935 1236/2305/935 1237/2309/936
f 1148/2310/733 1146/2306/918 1250/2307/918 1251/2311/733
f 1122/2226/937 1120/2224/936 1237/2312/936 1238/2313/937
f 1150/2314/938 1148/2310/733 1251/2311/733 1252/2315/938
f 1124/2227/939 1122/2226/937 1238/2313/937 1239/2316/939
f 1152/2317/940 1150/2314/938 1252/2315/938 1253/2318/940
f 1126/2319/941 1124/2320/939 1239/2321/939 1240/2322/941
f 1154/2323/942 1152/2317/940 1253/2318/940 1254/2324/942
f 1128/2325/943 1126/2319/941 1240/2322/941 1241/2326/943
f 1102/2327/944 1100/2286/929 1228/2287/929 1227/2328/944
f 1156/2329/945 1154/2323/942 1254/2324/942 1255/2330/945
f 1130/2331/946 1128/2325/943 1241/2326/943 1242/2332/946
f 1104/2333/947 1102/2327/944 1227/2328/944 1229/2334/947
f 1158/2335/913 1156/2329/945 1255/2330/945 1256/2336/913
f 1132/2271/923 1130/2331/946 1242/2332/946 1243/2272/923
f 1106/2275/925 1104/2333/947 1229/2334/947 1230/2276/925
f 1196/2337/917 1195/2338/917 1227/2339/917 1228/2340/917
f 1195/2338/917 1197/2341/917 1229/2342/917 1227/2339/917
f 1197/2341/917 1198/2343/917 1230/2344/917 1229/2342/917
f 1198/2343/917 1199/2345/917 1231/2346/917 1230/2344/917
f 1199/2345/917 1200/2347/917 1232/2348/917 1231/2346/917
f 1200/2347/917 1201/2349/917 1233/2350/917 1232/2348/917
f 1201/2349/917 1202/2351/917 1234/2352/917 1233/2350/917
f 1202/2351/917 1203/2353/917 1235/2354/917 1234/2352/917
f 1203/2353/917 1204/2355/917 1236/2356/917 1235/2354/917
f 1204/2355/917 1205/2357/917 1237/2312/917 1236/2356/917
f 1205/2357/917 1206/2358/917 1238/2313/917 1237/2312/917
f 1206/2358/917 1207/2359/917 1239/2316/917 1238/2313/917
f 1207/2359/917 1208/2360/917 1240/2361/917 1239/2316/917
f 1208/2360/917 1209/2362/917 1241/2363/917 1240/2361/917
f 1209/2362/917 1210/2364/917 1242/2365/917 1241/2363/917
f 1210/2364/917 1211/2366/917 1243/2367/917 1242/2365/917
f 1211/2366/917 1212/2368/917 1244/2369/917 1243/2367/917
f 1212/2368/917 1213/2370/917 1245/2371/917 1244/2369/917
f 1213/2370/917 1214/2372/917 1246/2373/917 1245/2371/917
f 1214/2372/917 1215/2374/917 1247/2375/917 1246/2373/917
f 1215/2374/917 1216/2376/917 1248/2377/917 1247/2375/917
f 1216/2376/917 1217/2378/917 1249/2379/917 1248/2377/917
f 1217/2378/917 1218/2380/917 1250/2381/917 1249/2379/917
f 1218/2380/917 1219/2382/917 1251/2383/917 1250/2381/917
f 1219/2382/917 1220/2384/917 1252/2385/917 1251/2383/917
f 1220/2384/917 1221/2386/917 1253/2387/917 1252/2385/917
f 1221/2386/917 1222/2388/917 1254/2389/917 1253/2387/917
f 1222/2388/917 1223/2390/917 1255/2391/917 1254/2389/917
f 1223/2390/917 1224/2392/917 1256/2393/917 1255/2391/917
f 1224/2392/917 1225/2394/917 1257/2395/917 1256/2393/917
f 1225/2394/917 1226/2396/917 1258/2397/917 1257/2395/917
f 1226/2396/917 1196/2337/917 1228/2340/917 1258/2397/917
f 1285/2398/948 1284/2399/949 1316/2400/950 1317/2401/951
f 1205/2402/936 1204/2403/935 1268/2404/952 1269/2405/953
f 1219/2406/733 1218/2266/918 1282/2269/921 1283/2407/954
f 1206/2358/937 1205/2357/936 1269/2408/953 1270/2409/955
f 1220/2410/938 1219/2406/733 1283/2407/954 1284/2399/949
f 1207/2359/939 1206/2358/937 1270/2409/955 1271/2411/956
f 1221/2412/940 1220/2410/938 1284/2399/949 1285/2398/948
f 1208/2413/941 1207/2414/939 1271/2415/956 1272/2416/957
f 1222/2417/942 1221/2412/940 1285/2398/948 1286/2418/958
f 1209/2419/943 1208/2413/941 1272/2416/957 1273/2420/959
f 1195/2421/944 1196/2422/929 1260/2423/960 1259/2424/961
f 1223/2425/945 1222/2417/942 1286/2418/958 1287/2426/962
f 1210/2427/946 1209/2419/943 1273/2420/959 1274/2428/963
f 1197/2429/947 1195/2421/944 1259/2424/961 1261/2430/964
f 1224/2431/913 1223/2425/945 1287/2426/962 1288/2432/965
f 1211/2433/923 1210/2427/946 1274/2428/963 1275/2434/966
f 1198/2435/925 1197/2429/947 1261/2430/964 1262/2436/967
f 1225/2437/912 1224/2438/913 1288/2439/965 1289/2440/968
f 1212/2441/922 1211/2433/923 1275/2434/966 1276/2442/969
f 1199/2443/924 1198/2435/925 1262/2436/967 1263/2444/970
f 1226/2445/926 1225/2437/912 1289/2440/968 1290/2446/971
f 1213/2447/927 1212/2441/922 1276/2442/969 1277/2448/972
f 1200/2449/928 1199/2450/924 1263/2451/970 1264/2452/973
f 1196/2422/929 1226/2445/926 1290/2446/971 1260/2423/960
f 1214/2453/930 1213/2447/927 1277/2448/972 1278/2454/974
f 1201/2455/931 1200/2449/928 1264/2452/973 1265/2456/975
f 1215/2457/932 1214/2453/930 1278/2454/974 1279/2458/976
f 1202/2459/933 1201/2455/931 1265/2456/975 1266/2460/977
f 1216/2461/934 1215/2457/932 1279/2458/976 1280/2462/978
f 1203/2463/732 1202/2459/933 1266/2460/977 1267/2464/979
f 1217/2267/919 1216/2465/934 1280/2466/978 1281/2268/920
f 1204/2403/935 1203/2463/732 1267/2464/979 1268/2404/952
f 2139/2467/980 2133/2468/981 1346/2469/982 1347/2470/983
f 1272/2471/957 1271/2472/956 1303/2473/984 1304/2474/985
f 1286/2418/958 1285/2398/948 1317/2401/951 1318/2475/986
f 1273/2476/959 1272/2471/957 1304/2474/985 1305/2477/987
f 1259/2424/961 1260/2423/960 1292/2478/988 1291/2479/989
f 1287/2426/962 1286/2418/958 1318/2475/986 1319/2480/990
f 1274/2428/963 1273/2420/959 1305/2481/987 1306/2482/991
f 1261/2430/964 1259/2424/961 1291/2479/989 1293/2483/992
f 1288/2432/965 1287/2426/962 1319/2480/990 1320/2484/993
f 1275/2434/966 1274/2428/963 1306/2482/991 1307/2485/994
f 1262/2486/967 1261/2487/964 1293/2488/992 1294/2489/995
f 1289/2490/968 1288/2432/965 1320/2484/993 1321/2491/996
f 1276/2442/969 1275/2434/966 1307/2485/994 1308/2492/997
f 1263/2451/970 1262/2486/967 1294/2489/995 1295/2493/998
f 1290/2446/971 1289/2440/968 1321/2494/996 1322/2495/999
f 1277/2448/972 1276/2442/969 1308/2492/997 1309/2496/1000
f 1264/2452/973 1263/2451/970 1295/2493/998 1296/2497/1001
f 1260/2423/960 1290/2446/971 1322/2495/999 1292/2478/988
f 1278/2498/974 1277/2499/972 1309/2500/1000 1310/2501/1002
f 1265/2456/975 1264/2452/973 1296/2497/1001 1297/2502/1003
f 1279/2503/976 1278/2498/974 1310/2501/1002 1311/2504/1004
f 1266/2460/977 1265/2456/975 1297/2502/1003 1298/2505/1005
f 1280/2466/978 1279/2503/976 1311/2504/1004 1312/2506/1006
f 1267/2464/979 1266/2460/977 1298/2505/1005 1299/2507/1007
f 1281/2268/920 1280/2466/978 1312/2506/1006 1313/2508/1008
f 1268/2404/952 1267/2464/979 1299/2507/1007 1300/2509/1009
f 1282/2269/921 1281/2268/920 1313/2508/1008 1314/2510/1010
f 1269/2405/953 1268/2404/952 1300/2509/1009 1301/2511/1011
f 1283/2407/954 1282/2269/921 1314/2510/1010 1315/2512/1012
f 1270/2513/955 1269/2405/953 1301/2511/1011 1302/2514/1013
f 1284/2399/949 1283/2407/954 1315/2512/1012 1316/2400/950
f 1271/2472/956 1270/2513/955 1302/2514/1013 1303/2473/984
f 2157/2515/1014 2151/2516/1015 1349/2517/1016 1350/2518/1017
f 2061/2519/1018 2055/2520/1019 1333/2521/1020 1334/2522/1021
f 2145/2523/1022 2139/2467/980 1347/2470/983 1348/2524/1023
f 2067/2525/1024 2061/2519/1018 1334/2522/1021 1335/2526/1025
f 1317/2401/951 1316/2400/950 2146/2527/1026 2152/2528/1027
f 2073/2529/1028 2067/2525/1024 1335/2526/1025 1336/2530/1029
f 2151/2516/1015 2145/2523/1022 1348/2524/1023 1349/2517/1016
f 2079/2531/1030 2073/2529/1028 1336/2530/1029 1337/2532/1031
f 2163/2533/1032 2157/2515/1014 1350/2518/1017 1351/2534/1033
f 2085/2535/1034 2079/2531/1030 1337/2532/1031 1338/2536/1035
f 2007/2537/1036 1995/2538/1037 1323/2539/1038 1325/2540/1039
f 2169/2541/1040 2163/2533/1032 1351/2534/1033 1352/2542/1041
f 2091/2543/1042 2085/2535/1034 1338/2536/1035 1339/2544/1043
f 1291/2479/989 1292/2478/988 2001/2545/1044 1996/2546/1045
f 2175/2547/1046 2169/2541/1040 1352/2542/1041 1353/2548/1047
f 2097/2549/1048 2091/2550/1042 1339/2551/1043 1340/2552/1049
f 2019/2553/1050 2013/2554/1051 1326/2555/1052 1327/2556/1053
f 2181/2557/1054 2175/2547/1046 1353/2548/1047 1354/2558/1055
f 2103/2559/1056 2097/2549/1048 1340/2552/1049 1341/2560/1057
f 2025/2561/1058 2019/2553/1050 1327/2556/1053 1328/2562/1059
f 2109/2563/1060 2103/2559/1056 1341/2560/1057 1342/2564/1061
f 2031/2565/1062 2025/2561/1058 1328/2562/1059 1329/2566/1063
f 2013/2554/1051 2007/2537/1036 1325/2540/1039 1326/2555/1052
f 2115/2567/1064 2109/2563/1060 1342/2564/1061 1343/2568/1065
f 2037/2569/1066 2031/2565/1062 1329/2566/1063 1330/2570/1067
f 2121/2571/1068 2115/2567/1064 1343/2568/1065 1344/2572/1069
f 2043/2573/1070 2037/2569/1066 1330/2570/1067 1331/2574/1071
f 2127/2575/1072 2121/2571/1068 1344/2572/1069 1345/2576/1073
f 2049/2577/1074 2043/2573/1070 1331/2574/1071 1332/2578/1075
f 2133/2468/981 2127/2575/1072 1345/2576/1073 1346/2469/982
f 2055/2520/1019 2049/2577/1074 1332/2578/1075 1333/2521/1020
f 1323/2579/1076 1324/2580/1077 2192/2581/1078 2188/2582/1079
f 1304/2583/985 1303/2584/984 2068/2585/1080 2074/2586/1081
f 1318/2475/986 1317/2401/951 2152/2528/1027 2158/2587/1082
f 1305/2481/987 1304/2583/985 2074/2586/1081 2080/2588/1083
f 1293/2483/992 1291/2479/989 1996/2546/1045 2008/2589/1084
f 1319/2480/990 1318/2475/986 2158/2587/1082 2164/2590/1085
f 1306/2482/991 1305/2481/987 2080/2588/1083 2086/2591/1086
f 2002/2592/1087 2181/2557/1054 1354/2558/1055 1324/2593/1088
f 1320/2484/993 1319/2480/990 2164/2590/1085 2170/2594/1089
f 1307/2485/994 1306/2482/991 2086/2591/1086 2092/2595/1090
f 1294/2596/995 1293/2483/992 2008/2589/1084 2014/2597/1091
f 1321/2494/996 1320/2598/993 2170/2599/1089 2176/2600/1092
f 1308/2492/997 1307/2485/994 2092/2595/1090 2098/2601/1093
f 1295/2602/998 1294/2596/995 2014/2597/1091 2020/2603/1094
f 1322/2495/999 1321/2494/996 2176/2600/1092 2182/2604/1095
f 1309/2496/1000 1308/2492/997 2098/2601/1093 2104/2605/1096
f 1296/2497/1001 1295/2493/998 2020/2606/1094 2026/2607/1097
f 1292/2478/988 1322/2495/999 2182/2604/1095 2001/2545/1044
f 1310/2608/1002 1309/2496/1000 2104/2605/1096 2110/2609/1098
f 1297/2502/1003 1296/2497/1001 2026/2607/1097 2032/2610/1099
f 1311/2611/1004 1310/2608/1002 2110/2609/1098 2116/2612/1100
f 1298/2505/1005 1297/2502/1003 2032/2610/1099 2038/2613/1101
f 1312/2614/1006 1311/2611/1004 2116/2612/1100 2122/2615/1102
f 1299/2507/1007 1298/2505/1005 2038/2613/1101 2044/2616/1103
f 1313/2508/1008 1312/2506/1006 2122/2617/1102 2128/2618/1104
f 1300/2509/1009 1299/2507/1007 2044/2616/1103 2050/2619/1105
f 1314/2510/1010 1313/2508/1008 2128/2618/1104 2134/2620/1106
f 1301/2511/1011 1300/2509/1009 2050/2619/1105 2056/2621/1107
f 1315/2512/1012 1314/2510/1010 2134/2620/1106 2140/2622/1108
f 1302/2623/1013 1301/2624/1011 2056/2625/1107 2062/2626/1109
f 1316/2400/950 1315/2512/1012 2140/2622/1108 2146/2527/1026
f 1303/2627/984 1302/2623/1013 2062/2626/1109 2068/2628/1080
f 1673/2629/1110 1668/2630/1111 1638/2631/1112 1640/2632/1113
f 2337/2633/1114 2332/2634/1115 1606/2635/913 1609/2636/912
f 2272/2637/1116 2267/2638/1117 1607/2639/923 1610/2640/922
f 2207/2641/1118 2202/2642/1119 1608/2643/925 1579/2644/1120
f 2342/2645/1121 2337/2633/1114 1609/2636/912 1581/2646/926
f 2277/2647/1122 2272/2637/1116 1610/2640/922 1583/2648/927
f 2212/2649/1123 2207/2650/1118 1579/2651/1120 1580/2652/928
f 2282/2653/1124 2277/2647/1122 1583/2648/927 1584/2654/930
f 2217/2655/1125 2212/2649/1123 1580/2652/928 1585/2656/931
f 2202/2642/1119 2197/2657/1126 1605/2658/947 1608/2643/925
f 2287/2659/1127 2282/2653/1124 1584/2654/930 1586/2660/1128
f 2222/2661/1129 2217/2655/1125 1585/2656/931 1587/2662/933
f 2292/2663/1130 2287/2659/1127 1586/2660/1128 1588/2664/934
f 2227/2665/1131 2222/2661/1129 1587/2662/933 1589/2666/732
f 2297/2667/1132 2292/2668/1130 1588/2669/934 1590/2670/919
f 2232/2671/1133 2227/2665/1131 1589/2666/732 1591/2672/935
f 2302/2673/1134 2297/2667/1132 1590/2670/919 1592/2674/918
f 2237/2675/1135 2232/2671/1133 1591/2672/935 1593/2676/936
f 2307/2677/1136 2302/2673/1134 1592/2674/918 1594/2678/733
f 2242/2679/1137 2237/2680/1135 1593/2681/936 1595/2682/937
f 2312/2683/1138 2307/2677/1136 1594/2678/733 1596/2684/938
f 2247/2685/1139 2242/2679/1137 1595/2682/937 1597/2686/1140
f 2317/2687/1141 2312/2683/1138 1596/2684/938 1598/2688/940
f 2252/2689/1142 2247/2690/1139 1597/2691/1140 1599/2692/941
f 2322/2693/1143 2317/2687/1141 1598/2688/940 1600/2694/942
f 2257/2695/1144 2252/2689/1142 1599/2692/941 1601/2696/943
f 2327/2697/1145 2322/2693/1143 1600/2694/942 1603/2698/945
f 2262/2699/1146 2257/2695/1144 1601/2696/943 1604/2700/946
f 2197/2657/1126 2187/2701/1147 1602/2702/944 1605/2658/947
f 2332/2703/1115 2327/2697/1145 1603/2698/945 1606/2704/913
f 2267/2638/1117 2262/2699/1146 1604/2700/946 1607/2639/923
f 1950/2705/1148 1945/2706/1149 1804/2707/1150 1807/2708/1151
f 1658/2709/1152 1653/2710/1153 1629/2711/1154 1632/2712/1155
f 1743/2713/1156 1738/2714/1157 1639/2715/1158 1641/2716/1159
f 1678/2717/1160 1673/2629/1110 1640/2632/1113 1642/2718/1161
f 1748/2719/1162 1743/2713/1156 1641/2716/1159 1611/2720/1163
f 1683/2721/1164 1678/2717/1160 1642/2718/1161 1613/2722/1165
f 1753/2723/1166 1748/2719/1162 1611/2720/1163 1612/2724/1167
f 1688/2725/1168 1683/2721/1164 1613/2722/1165 1614/2726/1169
f 1758/2727/1170 1753/2723/1166 1612/2724/1167 1615/2728/1171
f 1693/2729/1172 1688/2725/1168 1614/2726/1169 1616/2730/1173
f 1763/2731/1174 1758/2727/1170 1615/2728/1171 1617/2732/1175
f 1698/2733/1176 1693/2729/1172 1616/2730/1173 1618/2734/1177
f 1768/2735/1178 1763/2731/1174 1617/2732/1175 1619/2736/1179
f 1703/2737/1180 1698/2733/1176 1618/2734/1177 1620/2738/1181
f 1773/2739/1182 1768/2735/1178 1619/2736/1179 1621/2740/1183
f 1708/2741/1184 1703/2737/1180 1620/2738/1181 1622/2742/1185
f 1778/2743/1186 1773/2739/1182 1621/2740/1183 1623/2744/1187
f 1713/2745/1188 1708/2741/1184 1622/2742/1185 1624/2746/1189
f 1783/2747/1190 1778/2743/1186 1623/2744/1187 1627/2748/1191
f 1718/2749/1192 1713/2745/1188 1624/2746/1189 1628/2750/1193
f 1649/2751/1194 1798/2752/1195 1636/2753/1196 1625/2754/1197
f 1788/2755/1198 1783/2747/1190 1627/2748/1191 1630/2756/1199
f 1723/2757/1200 1718/2749/1192 1628/2750/1193 1631/2758/1201
f 1653/2710/1153 1643/2759/1202 1626/2760/1203 1629/2711/1154
f 1793/2761/1204 1788/2755/1198 1630/2756/1199 1633/2762/1205
f 1728/2763/1206 1723/2764/1200 1631/2765/1201 1634/2766/1207
f 1663/2767/1208 1658/2709/1152 1632/2712/1155 1635/2768/1209
f 1798/2752/1195 1793/2761/1204 1633/2762/1205 1636/2753/1196
f 1733/2769/1210 1728/2763/1206 1634/2766/1207 1637/2770/1211
f 1668/2630/1111 1663/2767/1208 1635/2768/1209 1638/2631/1112
f 1738/2714/1157 1733/2769/1210 1637/2770/1211 1639/2715/1158
f 1804/2707/1150 1803/2771/1212 1376/2772/1213 1377/2773/1214
f 1885/2774/1215 1880/2775/1216 1806/2776/1217 1808/2777/1218
f 1955/2778/1219 1950/2705/1148 1807/2708/1151 1809/2779/1220
f 1890/2780/1221 1885/2774/1215 1808/2777/1218 1810/2781/1222
f 1960/2782/1223 1955/2778/1219 1809/2779/1220 1811/2783/1224
f 1895/2784/1225 1890/2780/1221 1810/2781/1222 1812/2785/1226
f 1965/2786/1227 1960/2782/1223 1811/2783/1224 1813/2787/1228
f 1900/2788/1229 1895/2784/1225 1812/2785/1226 1814/2789/1230
f 1970/2790/1231 1965/2786/1227 1813/2787/1228 1815/2791/1232
f 1905/2792/1233 1900/2793/1229 1814/2794/1230 1816/2795/1234
f 1975/2796/1235 1970/2790/1231 1815/2791/1232 1819/2797/1236
f 1910/2798/1237 1905/2792/1233 1816/2795/1234 1820/2799/1238
f 1841/2800/1239 1990/2801/1240 1828/2802/1241 1817/2803/1242
f 1980/2804/1243 1975/2805/1235 1819/2806/1236 1822/2807/1244
f 1915/2808/1245 1910/2798/1237 1820/2799/1238 1823/2809/1246
f 1845/2810/1247 1835/2811/1248 1818/2812/1249 1821/2813/1250
f 1985/2814/1251 1980/2804/1243 1822/2807/1244 1825/2815/1252
f 1920/2816/1253 1915/2808/1245 1823/2809/1246 1826/2817/1254
f 1855/2818/1255 1850/2819/1256 1824/2820/1257 1827/2821/1258
f 1990/2801/1240 1985/2814/1251 1825/2815/1252 1828/2802/1241
f 1925/2822/1259 1920/2816/1253 1826/2817/1254 1829/2823/1260
f 1860/2824/1261 1855/2825/1255 1827/2826/1258 1830/2827/1262
f 1930/2828/1263 1925/2822/1259 1829/2823/1260 1831/2829/1264
f 1865/2830/1265 1860/2824/1261 1830/2827/1262 1832/2831/1266
f 1850/2819/1256 1845/2810/1247 1821/2813/1250 1824/2820/1257
f 1935/2832/1267 1930/2828/1263 1831/2829/1264 1833/2833/1268
f 1870/2834/1269 1865/2830/1265 1832/2831/1266 1834/2835/1270
f 1940/2836/1271 1935/2837/1267 1833/2838/1268 1803/2771/1212
f 1875/2839/1272 1870/2834/1269 1834/2835/1270 1805/2840/1273
f 1945/2706/1149 1940/2836/1271 1803/2771/1212 1804/2707/1150
f 1880/2775/1216 1875/2839/1272 1805/2840/1273 1806/2776/1217
f 1376/2841/1213 1375/2842/1274 1407/2843/1275 1408/2844/1276
f 1806/2776/1217 1805/2840/1273 1363/2845/1277 1364/2846/1278
f 1807/2708/1151 1804/2707/1150 1377/2773/1214 1378/2847/1279
f 1808/2777/1218 1806/2776/1217 1364/2846/1278 1365/2848/1280
f 1809/2779/1220 1807/2708/1151 1378/2847/1279 1379/2849/1281
f 1810/2781/1222 1808/2777/1218 1365/2848/1280 1366/2850/1282
f 1811/2783/1224 1809/2779/1220 1379/2849/1281 1380/2851/1283
f 1812/2785/1226 1810/2781/1222 1366/2850/1282 1367/2852/1284
f 1813/2787/1228 1811/2783/1224 1380/2851/1283 1381/2853/1285
f 1814/2789/1230 1812/2785/1226 1367/2852/1284 1368/2854/1286
f 1815/2791/1232 1813/2787/1228 1381/2853/1285 1382/2855/1287
f 1816/2795/1234 1814/2794/1230 1368/2856/1286 1369/2857/1288
f 1818/2812/1249 1817/2803/1242 1356/2858/1289 1355/2859/1290
f 1819/2797/1236 1815/2791/1232 1382/2855/1287 1383/2860/1291
f 1820/2799/1238 1816/2795/1234 1369/2857/1288 1370/2861/1292
f 1821/2813/1250 1818/2812/1249 1355/2859/1290 1357/2862/1293
f 1822/2807/1244 1819/2806/1236 1383/2863/1291 1384/2864/1294
f 1823/2809/1246 1820/2799/1238 1370/2861/1292 1371/2865/1295
f 1824/2820/1257 1821/2813/1250 1357/2862/1293 1358/2866/1296
f 1825/2815/1252 1822/2807/1244 1384/2864/1294 1385/2867/1297
f 1826/2817/1254 1823/2809/1246 1371/2865/1295 1372/2868/1298
f 1827/2821/1258 1824/2820/1257 1358/2866/1296 1359/2869/1299
f 1828/2802/1241 1825/2815/1252 1385/2867/1297 1386/2870/1300
f 1829/2823/1260 1826/2817/1254 1372/2868/1298 1373/2871/1301
f 1830/2827/1262 1827/2826/1258 1359/2872/1299 1360/2873/1302
f 1817/2803/1242 1828/2802/1241 1386/2870/1300 1356/2858/1289
f 1831/2829/1264 1829/2823/1260 1373/2871/1301 1374/2874/1303
f 1832/2831/1266 1830/2827/1262 1360/2873/1302 1361/2875/1304
f 1833/2833/1268 1831/2829/1264 1374/2874/1303 1375/2876/1274
f 1834/2835/1270 1832/2831/1266 1361/2875/1304 1362/2877/1305
f 1803/2771/1212 1833/2838/1268 1375/2878/1274 1376/2772/1213
f 1805/2840/1273 1834/2835/1270 1362/2877/1305 1363/2845/1277
f 1411/2879/1306 1410/2880/1307 1442/2881/1308 1443/2882/1309
f 1363/2883/1277 1362/2884/1305 1394/2885/1310 1395/2886/1311
f 1377/2887/1214 1376/2841/1213 1408/2844/1276 1409/2888/1312
f 1364/2889/1278 1363/2883/1277 1395/2886/1311 1396/2890/1313
f 1378/2891/1279 1377/2887/1214 1409/2888/1312 1410/2892/1307
f 1365/2893/1280 1364/2889/1278 1396/2890/1313 1397/2894/1314
f 1379/2895/1281 1378/2891/1279 1410/2892/1307 1411/2896/1306
f 1366/2897/1282 1365/2893/1280 1397/2894/1314 1398/2898/1315
f 1380/2899/1283 1379/2895/1281 1411/2896/1306 1412/2900/1316
f 1367/2901/1284 1366/2897/1282 1398/2898/1315 1399/2902/1317
f 1381/2903/1285 1380/2899/1283 1412/2900/1316 1413/2904/1318
f 1368/2905/1286 1367/2901/1284 1399/2902/1317 1400/2906/1319
f 1382/2907/1287 1381/2903/1285 1413/2904/1318 1414/2908/1320
f 1369/2909/1288 1368/2905/1286 1400/2906/1319 1401/2910/1321
f 1355/2859/1290 1356/2858/1289 1388/2911/1322 1387/2912/1323
f 1383/2913/1291 1382/2907/1287 1414/2908/1320 1415/2914/1324
f 1370/2861/1292 1369/2857/1288 1401/2915/1321 1402/2916/1325
f 1357/2862/1293 1355/2859/1290 1387/2912/1323 1389/2917/1326
f 1384/2918/1294 1383/2913/1291 1415/2914/1324 1416/2919/1327
f 1371/2865/1295 1370/2861/1292 1402/2916/1325 1403/2920/1328
f 1358/2921/1296 1357/2922/1293 1389/2923/1326 1390/2924/1329
f 1385/2925/1297 1384/2918/1294 1416/2919/1327 1417/2926/1330
f 1372/2868/1298 1371/2865/1295 1403/2920/1328 1404/2927/1331
f 1359/2928/1299 1358/2921/1296 1390/2924/1329 1391/2929/1332
f 1386/2930/1300 1385/2925/1297 1417/2926/1330 1418/2931/1333
f 1373/2871/1301 1372/2868/1298 1404/2927/1331 1405/2932/1334
f 1360/2933/1302 1359/2928/1299 1391/2929/1332 1392/2934/1335
f 1356/2858/1289 1386/2870/1300 1418/2935/1333 1388/2911/1322
f 1374/2936/1303 1373/2937/1301 1405/2938/1334 1406/2939/1336
f 1361/2940/1304 1360/2933/1302 1392/2934/1335 1393/2941/1337
f 1375/2842/1274 1374/2936/1303 1406/2939/1336 1407/2843/1275
f 1362/2884/1305 1361/2940/1304 1393/2941/1337 1394/2885/1310
f 1435/2942/1338 1434/2943/1339 1466/2944/1340 1467/2945/1338
f 1398/2946/1315 1397/2947/1314 1429/2948/1341 1430/2949/1342
f 1412/2950/1316 1411/2879/1306 1443/2882/1309 1444/2951/1343
f 1399/2952/1317 1398/2946/1315 1430/2949/1342 1431/2953/1344
f 1413/2954/1318 1412/2950/1316 1444/2951/1343 1445/2955/1345
f 1400/2956/1319 1399/2952/1317 1431/2953/1344 1432/2957/1346
f 1414/2958/1320 1413/2954/1318 1445/2955/1345 1446/2959/1347
f 1401/2915/1321 1400/2960/1319 1432/2961/1346 1433/2962/1348
f 1387/2912/1323 1388/2911/1322 1420/2963/1349 1419/2964/1350
f 1415/2914/1324 1414/2908/1320 1446/2965/1347 1447/2966/1351
f 1402/2916/1325 1401/2915/1321 1433/2962/1348 1434/2967/1352
f 1389/2917/1326 1387/2912/1323 1419/2964/1350 1421/2968/1353
f 1416/2969/1327 1415/2970/1324 1447/2971/1351 1448/2972/1354
f 1403/2920/1328 1402/2916/1325 1434/2967/1352 1435/2973/1355
f 1390/2974/1329 1389/2917/1326 1421/2968/1353 1422/2975/1356
f 1417/2976/1330 1416/2969/1327 1448/2972/1354 1449/2977/1357
f 1404/2927/1331 1403/2920/1328 1435/2973/1355 1436/2978/1358
f 1391/2979/1332 1390/2974/1329 1422/2975/1356 1423/2980/1359
f 1418/2935/1333 1417/2976/1330 1449/2977/1357 1450/2981/1360
f 1405/2932/1334 1404/2927/1331 1436/2978/1358 1437/2982/1361
f 1392/2983/1335 1391/2979/1332 1423/2980/1359 1424/2984/1362
f 1388/2911/1322 1418/2935/1333 1450/2981/1360 1420/2963/1349
f 1406/2985/1336 1405/2932/1334 1437/2982/1361 1438/2986/1363
f 1393/2987/1337 1392/2988/1335 1424/2989/1362 1425/2990/1364
f 1407/2991/1275 1406/2985/1336 1438/2986/1363 1439/2992/1365
f 1394/2993/1310 1393/2987/1337 1425/2990/1364 1426/2994/1366
f 1408/2995/1276 1407/2996/1275 1439/2997/1365 1440/2998/1367
f 1395/2999/1311 1394/2993/1310 1426/2994/1366 1427/3000/1368
f 1409/3001/1312 1408/2995/1276 1440/2998/1367 1441/3002/1369
f 1396/3003/1313 1395/2999/1311 1427/3000/1368 1428/3004/1370
f 1410/2880/1307 1409/3001/1312 1441/3002/1369 1442/2881/1308
f 1397/2947/1314 1396/3003/1313 1428/3004/1370 1429/2948/1341
f 1470/3005/1371 1469/3006/1372 1501/3007/1372 1502/3008/1371
f 1422/3009/1373 1421/3010/1374 1453/3011/1375 1454/3012/1376
f 1449/3013/1377 1448/3014/1378 1480/3015/1379 1481/3016/1380
f 1436/3017/1381 1435/2942/1338 1467/2945/1338 1468/3018/1382
f 1423/3019/1383 1422/3009/1373 1454/3012/1376 1455/3020/1384
f 1450/3021/1385 1449/3013/1377 1481/3016/1380 1482/3022/1386
f 1437/3023/1387 1436/3017/1381 1468/3018/1382 1469/3024/1388
f 1424/3025/1389 1423/3019/1383 1455/3020/1384 1456/3026/1390
f 1420/3027/1391 1450/3021/1385 1482/3022/1386 1452/3028/1391
f 1438/3029/1392 1437/3023/1387 1469/3024/1388 1470/3030/1393
f 1425/3031/1394 1424/3025/1389 1456/3026/1390 1457/3032/1395
f 1439/2997/1396 1438/3029/1392 1470/3030/1393 1471/3033/1397
f 1426/3034/1398 1425/3031/1394 1457/3032/1395 1458/3035/1399
f 1440/2998/1400 1439/2997/1396 1471/3033/1397 1472/3036/1401
f 1427/3037/1402 1426/3034/1398 1458/3035/1399 1459/3038/1402
f 1441/3002/1403 1440/2998/1400 1472/3036/1401 1473/3039/1404
f 1428/3040/1405 1427/3037/1402 1459/3038/1402 1460/3041/1405
f 1442/2881/1406 1441/3002/1403 1473/3039/1404 1474/3042/1407
f 1429/3043/1408 1428/3040/1405 1460/3041/1405 1461/3044/1409
f 1443/2882/1410 1442/2881/1406 1474/3042/1407 1475/3045/1410
f 1430/3046/1411 1429/3043/1408 1461/3044/1409 1462/3047/1412
f 1444/2951/1413 1443/2882/1410 1475/3045/1410 1476/3048/1414
f 1431/3049/1415 1430/3046/1411 1462/3047/1412 1463/3050/1416
f 1445/2955/1417 1444/2951/1413 1476/3048/1414 1477/3051/1418
f 1432/3052/1419 1431/3049/1415 1463/3050/1416 1464/3053/1420
f 1446/2959/1421 1445/2955/1417 1477/3051/1418 1478/3054/1422
f 1433/3055/1423 1432/3052/1419 1464/3053/1420 1465/3056/1424
f 1419/3057/1425 1420/3027/1391 1452/3028/1391 1451/3058/1426
f 1447/3059/1427 1446/2959/1421 1478/3054/1422 1479/3060/1428
f 1434/2943/1339 1433/3055/1423 1465/3056/1424 1466/2944/1340
f 1421/3010/1374 1419/3057/1425 1451/3058/1426 1453/3011/1375
f 1448/3014/1378 1447/3059/1427 1479/3060/1428 1480/3015/1379
f 1505/3061/1429 1504/3062/1430 1536/3063/1431 1537/3064/1432
f 1457/3065/1433 1456/3066/1434 1488/3067/1434 1489/3068/1433
f 1471/3069/1435 1470/3005/1371 1502/3008/1371 1503/3070/1436
f 1458/3071/1437 1457/3065/1433 1489/3068/1433 1490/3072/1437
f 1472/3036/1438 1471/3033/1435 1503/3073/1436 1504/3062/1438
f 1459/3074/733 1458/3071/1437 1490/3072/1437 1491/3075/733
f 1473/3039/1439 1472/3036/1438 1504/3062/1438 1505/3061/1439
f 1460/3076/1440 1459/3074/733 1491/3075/733 1492/3077/1440
f 1474/3042/1441 1473/3039/1439 1505/3061/1439 1506/3078/1441
f 1461/3079/1442 1460/3076/1440 1492/3077/1440 1493/3080/1442
f 1475/3045/732 1474/3042/1441 1506/3078/1441 1507/3081/732
f 1462/3082/1443 1461/3079/1442 1493/3080/1442 1494/3083/1443
f 1476/3048/1444 1475/3045/732 1507/3081/732 1508/3084/1444
f 1463/3085/1445 1462/3082/1443 1494/3083/1443 1495/3086/1446
f 1477/3051/1447 1476/3048/1444 1508/3084/1444 1509/3087/1447
f 1464/3088/1448 1463/3085/1445 1495/3086/1446 1496/3089/1448
f 1478/3090/1449 1477/3091/1447 1509/3092/1447 1510/3093/1449
f 1465/3094/1450 1464/3095/1448 1496/3096/1448 1497/3097/1450
f 1451/3098/1451 1452/3099/1452 1484/3100/1452 1483/3101/1451
f 1479/3102/1453 1478/3090/1449 1510/3093/1449 1511/3103/1454
f 1466/3104/1455 1465/3094/1450 1497/3097/1450 1498/3105/1455
f 1453/3106/1456 1451/3098/1451 1483/3101/1451 1485/3107/1456
f 1480/3108/1457 1479/3109/1453 1511/3110/1454 1512/3111/1457
f 1467/3112/1458 1466/3104/1455 1498/3105/1455 1499/3113/1458
f 1454/3114/1459 1453/3106/1456 1485/3107/1456 1486/3115/1460
f 1481/3116/1461 1480/3108/1457 1512/3111/1457 1513/3117/1461
f 1468/3118/1462 1467/3112/1458 1499/3113/1458 1500/3119/1462
f 1455/3120/1463 1454/3114/1459 1486/3115/1460 1487/3121/1464
f 1482/3122/1465 1481/3116/1461 1513/3117/1461 1514/3123/1465
f 1469/3006/1372 1468/3118/1462 1500/3119/1462 1501/3007/1372
f 1456/3124/1434 1455/3120/1463 1487/3121/1464 1488/3125/1434
f 1452/3099/1452 1482/3122/1465 1514/3123/1465 1484/3100/1452
f 1540/3126/935 1539/3127/732 1571/3128/732 1572/3129/935
f 1492/3130/1466 1491/3131/1467 1523/3132/1467 1524/3133/1468
f 1506/3078/1469 1505/3061/1429 1537/3064/1432 1538/3134/1470
f 1493/3135/1471 1492/3130/1466 1524/3133/1468 1525/3136/1472
f 1507/3081/1473 1506/3078/1469 1538/3134/1470 1539/3127/1473
f 1494/3137/1474 1493/3135/1471 1525/3136/1472 1526/3138/1475
f 1508/3084/1476 1507/3081/1473 1539/3127/1473 1540/3126/1477
f 1495/3139/1478 1494/3137/1474 1526/3138/1475 1527/3140/1479
f 1509/3087/1480 1508/3084/1476 1540/3126/1477 1541/3141/1481
f 1496/3142/1482 1495/3139/1478 1527/3140/1479 1528/3143/1483
f 1510/3144/1484 1509/3087/1480 1541/3141/1481 1542/3145/1485
f 1497/3146/1486 1496/3142/1482 1528/3143/1483 1529/3147/1487
f 1483/3148/1488 1484/3149/1489 1516/3150/1489 1515/3151/1490
f 1511/3152/1491 1510/3144/1484 1542/3145/1485 1543/3153/1492
f 1498/3154/1493 1497/3146/1486 1529/3147/1487 1530/3155/1494
f 1485/3156/1495 1483/3148/1488 1515/3151/1490 1517/3157/1496
f 1512/3158/1497 1511/3152/1491 1543/3153/1492 1544/3159/1498
f 1499/3160/1499 1498/3154/1493 1530/3155/1494 1531/3161/1499
f 1486/3162/1500 1485/3156/1495 1517/3157/1496 1518/3163/1501
f 1513/3164/1502 1512/3158/1497 1544/3159/1498 1545/3165/1503
f 1500/3166/1504 1499/3160/1499 1531/3161/1499 1532/3167/1505
f 1487/3168/1506 1486/3162/1500 1518/3163/1501 1519/3169/1507
f 1514/3170/1508 1513/3164/1502 1545/3165/1503 1546/3171/1509
f 1501/3172/1510 1500/3166/1504 1532/3167/1505 1533/3173/1511
f 1488/3174/1512 1487/3168/1506 1519/3169/1507 1520/3175/1513
f 1484/3149/1489 1514/3170/1508 1546/3171/1509 1516/3150/1489
f 1502/3176/1514 1501/3172/1510 1533/3173/1511 1534/3177/1515
f 1489/3178/1516 1488/3174/1512 1520/3175/1513 1521/3179/1517
f 1503/3073/1518 1502/3176/1514 1534/3177/1515 1535/3180/1519
f 1490/3181/1520 1489/3178/1516 1521/3179/1517 1522/3182/1521
f 1504/3062/1430 1503/3073/1518 1535/3180/1519 1536/3063/1431
f 1491/3131/1467 1490/3181/1520 1522/3182/1521 1523/3132/1467
f 1547/3183/917 1548/3184/917 1578/3185/917 1577/3186/917 1576/3187/917 1575/3188/917 1574/3189/917 1573/3190/917 1572/3191/917 1571/3192/917 1570/3193/917 1569/3194/917 1568/3195/917 1567/3196/917 1566/3197/917 1565/3198/917 1564/3199/917 1563/3200/917 1562/3201/917 1561/3202/917 1560/3203/917 1559/3204/917 1558/3205/917 1557/3206/917 1556/3207/917 1555/3208/917 1554/3209/917 1553/3210/917 1552/3211/917 1551/3212/917 1550/3213/917 1549/3214/917
f 1527/3215/945 1526/3216/942 1558/3217/942 1559/3218/945
f 1541/3141/936 1540/3126/935 1572/3129/935 1573/3219/936
f 1528/3220/913 1527/3215/945 1559/3218/945 1560/3221/913
f 1542/3222/937 1541/3223/936 1573/3190/936 1574/3189/937
f 1529/3224/912 1528/3225/913 1560/3226/913 1561/3227/912
f 1515/3228/922 1516/3229/923 1548/3230/923 1547/3231/922
f 1543/3232/939 1542/3222/937 1574/3189/937 1575/3188/939
f 1530/3233/926 1529/3224/912 1561/3227/912 1562/3234/926
f 1517/3235/927 1515/3228/922 1547/3231/922 1549/3236/927
f 1544/3237/941 1543/3238/939 1575/3239/939 1576/3240/941
f 1531/3241/929 1530/3233/926 1562/3234/926 1563/3242/929
f 1518/3243/930 1517/3235/927 1549/3236/927 1550/3244/930
f 1545/3245/943 1544/3237/941 1576/3240/941 1577/3246/943
f 1532/3247/944 1531/3241/929 1563/3242/929 1564/3248/944
f 1519/3249/932 1518/3243/930 1550/3244/930 1551/3250/932
f 1546/3251/946 1545/3245/943 1577/3246/943 1578/3252/946
f 1533/3253/947 1532/3247/944 1564/3248/944 1565/3254/947
f 1520/3255/934 1519/3249/932 1551/3250/932 1552/3256/934
f 1516/3229/923 1546/3251/946 1578/3252/946 1548/3230/923
f 1534/3257/925 1533/3253/947 1565/3254/947 1566/3258/925
f 1521/3259/919 1520/3260/934 1552/3261/934 1553/3262/919
f 1535/3263/924 1534/3257/925 1566/3258/925 1567/3264/924
f 1522/3265/918 1521/3259/919 1553/3262/919 1554/3266/918
f 1536/3063/928 1535/3180/924 1567/3267/924 1568/3268/928
f 1523/3269/733 1522/3265/918 1554/3266/918 1555/3270/733
f 1537/3064/931 1536/3063/928 1568/3268/928 1569/3271/931
f 1524/3272/938 1523/3269/733 1555/3270/733 1556/3273/938
f 1538/3134/933 1537/3064/931 1569/3271/931 1570/3274/933
f 1525/3275/940 1524/3272/938 1556/3273/938 1557/3276/940
f 1539/3127/732 1538/3134/933 1570/3274/933 1571/3128/732
f 1526/3216/942 1525/3275/940 1557/3276/940 1558/3217/942
f 1341/3277/1522 1340/3278/1523 2273/3279/1524 2278/3280/1525
f 1354/3281/1526 1353/3282/1527 2338/3283/1528 2343/3284/1529
f 1327/3285/1530 1326/3286/1531 2203/3287/1532 2208/3288/1533
f 1340/3289/1523 1339/3290/1534 2268/3291/1535 2273/3292/1524
f 1353/3282/1527 1352/3293/1536 2333/3294/1537 2338/3283/1528
f 1326/3286/1531 1325/3295/1538 2198/3296/1539 2203/3287/1532
f 1339/3290/1534 1338/3297/1540 2263/3298/1541 2268/3291/1535
f 1352/3293/1536 1351/3299/1542 2328/3300/1543 2333/3294/1537
f 2193/3301/1544 2342/2645/1121 1581/2646/926 1582/3302/929
f 1338/3297/1540 1337/3303/1545 2258/3304/1546 2263/3298/1541
f 1351/3299/1542 1350/3305/1547 2323/3306/1548 2328/3300/1543
f 1325/3295/1538 1323/2579/1076 2188/2582/1079 2198/3296/1539
f 1337/3303/1545 1336/3307/1549 2253/3308/1550 2258/3304/1546
f 1350/3305/1547 1349/3309/1551 2318/3310/1552 2323/3306/1548
f 1336/3307/1549 1335/3311/1553 2248/3312/1554 2253/3308/1550
f 1349/3309/1551 1348/3313/1555 2313/3314/1556 2318/3310/1552
f 1335/3311/1553 1334/3315/1557 2243/3316/1558 2248/3312/1554
f 1348/3313/1555 1347/3317/1559 2308/3318/1560 2313/3314/1556
f 1334/3315/1557 1333/3319/1561 2238/3320/1562 2243/3316/1558
f 1347/3317/1559 1346/3321/1563 2303/3322/1564 2308/3318/1560
f 1333/3319/1561 1332/3323/1565 2233/3324/1566 2238/3320/1562
f 1346/3321/1563 1345/3325/1567 2298/3326/1568 2303/3322/1564
f 1332/3323/1565 1331/3327/1569 2228/3328/1570 2233/3324/1566
f 1345/3325/1567 1344/3329/1571 2293/3330/1572 2298/3326/1568
f 1331/3327/1569 1330/3331/1573 2223/3332/1574 2228/3328/1570
f 1344/3329/1571 1343/3333/1575 2288/3334/1576 2293/3330/1572
f 1330/3331/1573 1329/3335/1577 2218/3336/1578 2223/3332/1574
f 1343/3333/1575 1342/3337/1579 2283/3338/1580 2288/3334/1576
f 1329/3335/1577 1328/3339/1581 2213/3340/1582 2218/3336/1578
f 1342/3337/1579 1341/3277/1522 2278/3280/1525 2283/3338/1580
f 1324/3341/1077 1354/3342/1526 2343/3343/1529 2192/3344/1078
f 1328/3339/1581 1327/3285/1530 2208/3288/1533 2213/3340/1582
f 1589/2666/732 1587/2662/933 1679/3345/1583 1684/3346/1584
f 1588/2664/934 1586/2660/1128 1744/3347/1585 1749/3348/1586
f 1587/2662/933 1585/2656/931 1674/3349/1587 1679/3345/1583
f 1586/2660/1128 1584/2654/930 1739/3350/1588 1744/3347/1585
f 1585/2656/931 1580/2652/928 1669/3351/1589 1674/3349/1587
f 1584/2654/930 1583/2648/927 1734/3352/1590 1739/3350/1588
f 1582/3302/929 1581/2646/926 1799/3353/1591 1648/3354/1592
f 1580/2652/928 1579/2651/1120 1664/3355/1593 1669/3351/1589
f 1583/2648/927 1610/2640/922 1729/3356/1594 1734/3352/1590
f 1581/2646/926 1609/2636/912 1794/3357/1595 1799/3353/1591
f 1579/2644/1120 1608/2643/925 1659/3358/1596 1664/3359/1593
f 1610/2640/922 1607/2639/923 1724/3360/1597 1729/3356/1594
f 1609/2636/912 1606/2635/913 1789/3361/1598 1794/3357/1595
f 1608/2643/925 1605/2658/947 1654/3362/1599 1659/3358/1596
f 1607/2639/923 1604/2700/946 1719/3363/1600 1724/3360/1597
f 1606/2704/913 1603/2698/945 1784/3364/1601 1789/3365/1598
f 1602/2702/944 1582/3302/929 1648/3354/1592 1644/3366/1602
f 1604/2700/946 1601/2696/943 1714/3367/1603 1719/3363/1600
f 1603/2698/945 1600/2694/942 1779/3368/1604 1784/3364/1601
f 1605/2658/947 1602/2702/944 1644/3366/1602 1654/3362/1599
f 1601/2696/943 1599/2692/941 1709/3369/1605 1714/3367/1603
f 1600/2694/942 1598/2688/940 1774/3370/1606 1779/3368/1604
f 1599/2692/941 1597/2691/1140 1704/3371/1607 1709/3369/1605
f 1598/2688/940 1596/2684/938 1769/3372/1608 1774/3370/1606
f 1597/2686/1140 1595/2682/937 1699/3373/1609 1704/3374/1607
f 1596/2684/938 1594/2678/733 1764/3375/1610 1769/3372/1608
f 1595/2682/937 1593/2681/936 1694/3376/1611 1699/3373/1609
f 1594/2678/733 1592/2674/918 1759/3377/1612 1764/3375/1610
f 1593/2676/936 1591/2672/935 1689/3378/1613 1694/3379/1611
f 1592/2674/918 1590/2670/919 1754/3380/1614 1759/3377/1612
f 1591/2672/935 1589/2666/732 1684/3346/1584 1689/3378/1613
f 1590/2670/919 1588/2669/934 1749/3381/1586 1754/3380/1614
f 1644/3366/1602 1648/3354/1592 1650/3382/1615 1647/3383/1616
f 1647/3383/1616 1650/3382/1615 1651/3384/1617 1646/3385/1618
f 1646/3385/1618 1651/3384/1617 1652/3386/1619 1645/3387/1620
f 1645/3388/1620 1652/3389/1619 1649/3390/1194 1643/2759/1202
f 1654/3362/1599 1644/3366/1602 1647/3383/1616 1657/3391/1621
f 1657/3391/1621 1647/3383/1616 1646/3385/1618 1656/3392/1622
f 1656/3393/1622 1646/3394/1618 1645/3388/1620 1655/3395/1623
f 1655/3395/1623 1645/3388/1620 1643/2759/1202 1653/2710/1153
f 1659/3358/1596 1654/3362/1599 1657/3391/1621 1662/3396/1624
f 1662/3396/1624 1657/3391/1621 1656/3392/1622 1661/3397/1625
f 1661/3398/1625 1656/3393/1622 1655/3395/1623 1660/3399/1626
f 1660/3399/1626 1655/3395/1623 1653/2710/1153 1658/2709/1152
f 1664/3359/1593 1659/3358/1596 1662/3396/1624 1667/3400/1627
f 1667/3401/1627 1662/3402/1624 1661/3398/1625 1666/3403/1628
f 1666/3403/1628 1661/3398/1625 1660/3399/1626 1665/3404/1629
f 1665/3404/1629 1660/3399/1626 1658/2709/1152 1663/2767/1208
f 1669/3351/1589 1664/3355/1593 1667/3405/1627 1672/3406/1630
f 1672/3407/1630 1667/3401/1627 1666/3403/1628 1671/3408/1631
f 1671/3408/1631 1666/3403/1628 1665/3404/1629 1670/3409/1632
f 1670/3409/1632 1665/3404/1629 1663/2767/1208 1668/2630/1111
f 1674/3349/1587 1669/3351/1589 1672/3406/1630 1677/3410/1633
f 1677/3411/1633 1672/3407/1630 1671/3408/1631 1676/3412/1634
f 1676/3412/1634 1671/3408/1631 1670/3409/1632 1675/3413/1635
f 1675/3413/1635 1670/3409/1632 1668/2630/1111 1673/2629/1110
f 1679/3414/1583 1674/3415/1587 1677/3411/1633 1682/3416/1636
f 1682/3416/1636 1677/3411/1633 1676/3412/1634 1681/3417/1637
f 1681/3417/1637 1676/3412/1634 1675/3413/1635 1680/3418/1638
f 1680/3418/1638 1675/3413/1635 1673/2629/1110 1678/2717/1160
f 1684/3419/1584 1679/3414/1583 1682/3416/1636 1687/3420/1639
f 1687/3420/1639 1682/3416/1636 1681/3417/1637 1686/3421/1640
f 1686/3421/1640 1681/3417/1637 1680/3418/1638 1685/3422/1641
f 1685/3422/1641 1680/3418/1638 1678/2717/1160 1683/2721/1164
f 1689/3423/1613 1684/3419/1584 1687/3420/1639 1692/3424/1642
f 1692/3424/1642 1687/3420/1639 1686/3421/1640 1691/3425/1643
f 1691/3425/1643 1686/3421/1640 1685/3422/1641 1690/3426/1644
f 1690/3426/1644 1685/3422/1641 1683/2721/1164 1688/2725/1168
f 1694/3376/1611 1689/3423/1613 1692/3424/1642 1697/3427/1645
f 1697/3427/1645 1692/3424/1642 1691/3425/1643 1696/3428/1646
f 1696/3428/1646 1691/3425/1643 1690/3426/1644 1695/3429/1647
f 1695/3429/1647 1690/3426/1644 1688/2725/1168 1693/2729/1172
f 1699/3373/1609 1694/3376/1611 1697/3427/1645 1702/3430/1648
f 1702/3430/1648 1697/3427/1645 1696/3428/1646 1701/3431/1649
f 1701/3431/1649 1696/3428/1646 1695/3429/1647 1700/3432/1650
f 1700/3432/1650 1695/3429/1647 1693/2729/1172 1698/2733/1176
f 1704/3374/1607 1699/3373/1609 1702/3430/1648 1707/3433/1651
f 1707/3433/1651 1702/3430/1648 1701/3431/1649 1706/3434/1652
f 1706/3434/1652 1701/3431/1649 1700/3432/1650 1705/3435/1653
f 1705/3435/1653 1700/3432/1650 1698/2733/1176 1703/2737/1180
f 1709/3436/1605 1704/3374/1607 1707/3433/1651 1712/3437/1654
f 1712/3437/1654 1707/3433/1651 1706/3434/1652 1711/3438/1655
f 1711/3438/1655 1706/3434/1652 1705/3435/1653 1710/3439/1656
f 1710/3439/1656 1705/3435/1653 1703/2737/1180 1708/2741/1184
f 1714/3367/1603 1709/3369/1605 1712/3440/1654 1717/3441/1657
f 1717/3442/1657 1712/3437/1654 1711/3438/1655 1716/3443/1658
f 1716/3443/1658 1711/3438/1655 1710/3439/1656 1715/3444/1659
f 1715/3444/1659 1710/3439/1656 1708/2741/1184 1713/2745/1188
f 1719/3363/1600 1714/3367/1603 1717/3441/1657 1722/3445/1660
f 1722/3445/1660 1717/3441/1657 1716/3446/1658 1721/3447/1661
f 1721/3448/1661 1716/3443/1658 1715/3444/1659 1720/3449/1662
f 1720/3449/1662 1715/3444/1659 1713/2745/1188 1718/2749/1192
f 1724/3360/1597 1719/3363/1600 1722/3445/1660 1727/3450/1663
f 1727/3450/1663 1722/3445/1660 1721/3447/1661 1726/3451/1664
f 1726/3452/1664 1721/3448/1661 1720/3449/1662 1725/3453/1665
f 1725/3453/1665 1720/3449/1662 1718/2749/1192 1723/2757/1200
f 1729/3356/1594 1724/3360/1597 1727/3450/1663 1732/3454/1666
f 1732/3454/1666 1727/3450/1663 1726/3451/1664 1731/3455/1667
f 1731/3456/1667 1726/3457/1664 1725/3458/1665 1730/3459/1668
f 1730/3459/1668 1725/3458/1665 1723/2764/1200 1728/2763/1206
f 1734/3352/1590 1729/3356/1594 1732/3454/1666 1737/3460/1669
f 1737/3460/1669 1732/3454/1666 1731/3455/1667 1736/3461/1670
f 1736/3462/1670 1731/3456/1667 1730/3459/1668 1735/3463/1671
f 1735/3463/1671 1730/3459/1668 1728/2763/1206 1733/2769/1210
f 1739/3350/1588 1734/3352/1590 1737/3460/1669 1742/3464/1672
f 1742/3464/1672 1737/3460/1669 1736/3461/1670 1741/3465/1673
f 1741/3466/1673 1736/3462/1670 1735/3463/1671 1740/3467/1674
f 1740/3467/1674 1735/3463/1671 1733/2769/1210 1738/2714/1157
f 1744/3347/1585 1739/3350/1588 1742/3464/1672 1747/3468/1675
f 1747/3469/1675 1742/3470/1672 1741/3466/1673 1746/3471/1676
f 1746/3471/1676 1741/3466/1673 1740/3467/1674 1745/3472/1677
f 1745/3472/1677 1740/3467/1674 1738/2714/1157 1743/2713/1156
f 1749/3473/1586 1744/3474/1585 1747/3469/1675 1752/3475/1678
f 1752/3475/1678 1747/3469/1675 1746/3471/1676 1751/3476/1679
f 1751/3476/1679 1746/3471/1676 1745/3472/1677 1750/3477/1680
f 1750/3477/1680 1745/3472/1677 1743/2713/1156 1748/2719/1162
f 1754/3478/1614 1749/3473/1586 1752/3475/1678 1757/3479/1681
f 1757/3479/1681 1752/3475/1678 1751/3476/1679 1756/3480/1682
f 1756/3480/1682 1751/3476/1679 1750/3477/1680 1755/3481/1683
f 1755/3481/1683 1750/3477/1680 1748/2719/1162 1753/2723/1166
f 1759/3482/1612 1754/3478/1614 1757/3479/1681 1762/3483/1684
f 1762/3483/1684 1757/3479/1681 1756/3480/1682 1761/3484/1685
f 1761/3484/1685 1756/3480/1682 1755/3481/1683 1760/3485/1686
f 1760/3485/1686 1755/3481/1683 1753/2723/1166 1758/2727/1170
f 1764/3375/1610 1759/3377/1612 1762/3486/1684 1767/3487/1687
f 1767/3488/1687 1762/3483/1684 1761/3484/1685 1766/3489/1688
f 1766/3489/1688 1761/3484/1685 1760/3485/1686 1765/3490/1689
f 1765/3490/1689 1760/3485/1686 1758/2727/1170 1763/2731/1174
f 1769/3372/1608 1764/3375/1610 1767/3487/1687 1772/3491/1690
f 1772/3492/1690 1767/3488/1687 1766/3489/1688 1771/3493/1691
f 1771/3493/1691 1766/3489/1688 1765/3490/1689 1770/3494/1692
f 1770/3494/1692 1765/3490/1689 1763/2731/1174 1768/2735/1178
f 1774/3370/1606 1769/3372/1608 1772/3491/1690 1777/3495/1693
f 1777/3496/1693 1772/3492/1690 1771/3493/1691 1776/3497/1694
f 1776/3497/1694 1771/3493/1691 1770/3494/1692 1775/3498/1695
f 1775/3498/1695 1770/3494/1692 1768/2735/1178 1773/2739/1182
f 1779/3368/1604 1774/3370/1606 1777/3495/1693 1782/3499/1696
f 1782/3500/1696 1777/3496/1693 1776/3497/1694 1781/3501/1697
f 1781/3501/1697 1776/3497/1694 1775/3498/1695 1780/3502/1698
f 1780/3502/1698 1775/3498/1695 1773/2739/1182 1778/2743/1186
f 1784/3364/1601 1779/3368/1604 1782/3499/1696 1787/3503/1699
f 1787/3504/1699 1782/3500/1696 1781/3501/1697 1786/3505/1700
f 1786/3505/1700 1781/3501/1697 1780/3502/1698 1785/3506/1701
f 1785/3506/1701 1780/3502/1698 1778/2743/1186 1783/2747/1190
f 1789/3361/1598 1784/3507/1601 1787/3508/1699 1792/3509/1702
f 1792/3510/1702 1787/3504/1699 1786/3505/1700 1791/3511/1703
f 1791/3511/1703 1786/3505/1700 1785/3506/1701 1790/3512/1704
f 1790/3512/1704 1785/3506/1701 1783/2747/1190 1788/2755/1198
f 1794/3357/1595 1789/3361/1598 1792/3509/1702 1797/3513/1705
f 1797/3513/1705 1792/3509/1702 1791/3514/1703 1796/3515/1706
f 1796/3516/1706 1791/3511/1703 1790/3512/1704 1795/3517/1707
f 1795/3517/1707 1790/3512/1704 1788/2755/1198 1793/2761/1204
f 1799/3353/1591 1794/3357/1595 1797/3513/1705 1802/3518/1708
f 1802/3518/1708 1797/3513/1705 1796/3515/1706 1801/3519/1709
f 1801/3520/1709 1796/3516/1706 1795/3517/1707 1800/3521/1710
f 1800/3521/1710 1795/3517/1707 1793/2761/1204 1798/2752/1195
f 1648/3354/1592 1799/3353/1591 1802/3518/1708 1650/3382/1615
f 1650/3382/1615 1802/3518/1708 1801/3519/1709 1651/3384/1617
f 1651/3384/1617 1801/3519/1709 1800/3522/1710 1652/3386/1619
f 1652/3523/1619 1800/3521/1710 1798/2752/1195 1649/2751/1194
f 1643/2759/1202 1649/3390/1194 1625/3524/1197 1626/2760/1203
f 1613/2722/1165 1642/2718/1161 1871/3525/1711 1876/3526/1712
f 1611/2720/1163 1641/2716/1159 1936/3527/1713 1941/3528/1714
f 1642/2718/1161 1640/2632/1113 1866/3529/1715 1871/3525/1711
f 1641/2716/1159 1639/2715/1158 1931/3530/1716 1936/3527/1713
f 1640/2632/1113 1638/2631/1112 1861/3531/1717 1866/3529/1715
f 1639/2715/1158 1637/2770/1211 1926/3532/1718 1931/3530/1716
f 1625/2754/1197 1636/2753/1196 1991/3533/1719 1840/3534/1720
f 1638/2631/1112 1635/2768/1209 1856/3535/1721 1861/3531/1717
f 1637/2770/1211 1634/2766/1207 1921/3536/1722 1926/3532/1718
f 1636/2753/1196 1633/2762/1205 1986/3537/1723 1991/3533/1719
f 1635/2768/1209 1632/2712/1155 1851/3538/1724 1856/3535/1721
f 1634/2766/1207 1631/2765/1201 1916/3539/1725 1921/3536/1722
f 1633/2762/1205 1630/2756/1199 1981/3540/1726 1986/3537/1723
f 1632/2712/1155 1629/2711/1154 1846/3541/1727 1851/3538/1724
f 1631/2758/1201 1628/2750/1193 1911/3542/1728 1916/3543/1725
f 1630/2756/1199 1627/2748/1191 1976/3544/1729 1981/3540/1726
f 1626/2760/1203 1625/3524/1197 1840/3545/1720 1836/3546/1730
f 1628/2750/1193 1624/2746/1189 1906/3547/1731 1911/3542/1728
f 1627/2748/1191 1623/2744/1187 1971/3548/1732 1976/3544/1729
f 1629/2711/1154 1626/2760/1203 1836/3546/1730 1846/3541/1727
f 1624/2746/1189 1622/2742/1185 1901/3549/1733 1906/3547/1731
f 1623/2744/1187 1621/2740/1183 1966/3550/1734 1971/3548/1732
f 1622/2742/1185 1620/2738/1181 1896/3551/1735 1901/3549/1733
f 1621/2740/1183 1619/2736/1179 1961/3552/1736 1966/3550/1734
f 1620/2738/1181 1618/2734/1177 1891/3553/1737 1896/3551/1735
f 1619/2736/1179 1617/2732/1175 1956/3554/1738 1961/3552/1736
f 1618/2734/1177 1616/2730/1173 1886/3555/1739 1891/3553/1737
f 1617/2732/1175 1615/2728/1171 1951/3556/1740 1956/3554/1738
f 1616/2730/1173 1614/2726/1169 1881/3557/1741 1886/3555/1739
f 1615/2728/1171 1612/2724/1167 1946/3558/1742 1951/3556/1740
f 1614/2726/1169 1613/2722/1165 1876/3526/1712 1881/3557/1741
f 1612/2724/1167 1611/2720/1163 1941/3528/1714 1946/3558/1742
f 1836/3546/1730 1840/3545/1720 1842/3559/1743 1839/3560/1744
f 1839/3561/1744 1842/3562/1743 1843/3563/1745 1838/3564/1746
f 1838/3564/1746 1843/3563/1745 1844/3565/1747 1837/3566/1748
f 1837/3567/1748 1844/3568/1747 1841/2800/1239 1835/2811/1248
f 1846/3541/1727 1836/3546/1730 1839/3560/1744 1849/3569/1749
f 1849/3570/1749 1839/3561/1744 1838/3564/1746 1848/3571/1750
f 1848/3571/1750 1838/3564/1746 1837/3566/1748 1847/3572/1751
f 1847/3573/1751 1837/3567/1748 1835/2811/1248 1845/2810/1247
f 1851/3538/1724 1846/3541/1727 1849/3569/1749 1854/3574/1752
f 1854/3575/1752 1849/3570/1749 1848/3571/1750 1853/3576/1753
f 1853/3576/1753 1848/3571/1750 1847/3572/1751 1852/3577/1754
f 1852/3578/1754 1847/3573/1751 1845/2810/1247 1850/2819/1256
f 1856/3535/1721 1851/3538/1724 1854/3574/1752 1859/3579/1755
f 1859/3580/1755 1854/3575/1752 1853/3576/1753 1858/3581/1756
f 1858/3581/1756 1853/3576/1753 1852/3577/1754 1857/3582/1757
f 1857/3583/1757 1852/3578/1754 1850/2819/1256 1855/2818/1255
f 1861/3531/1717 1856/3535/1721 1859/3579/1755 1864/3584/1758
f 1864/3585/1758 1859/3580/1755 1858/3581/1756 1863/3586/1759
f 1863/3586/1759 1858/3581/1756 1857/3582/1757 1862/3587/1760
f 1862/3587/1760 1857/3582/1757 1855/3588/1255 1860/3589/1261
f 1866/3529/1715 1861/3531/1717 1864/3584/1758 1869/3590/1761
f 1869/3591/1761 1864/3585/1758 1863/3586/1759 1868/3592/1762
f 1868/3592/1762 1863/3586/1759 1862/3587/1760 1867/3593/1763
f 1867/3593/1763 1862/3587/1760 1860/3589/1261 1865/3594/1265
f 1871/3525/1711 1866/3529/1715 1869/3590/1761 1874/3595/1764
f 1874/3596/1764 1869/3591/1761 1868/3592/1762 1873/3597/1765
f 1873/3597/1765 1868/3592/1762 1867/3593/1763 1872/3598/1766
f 1872/3598/1766 1867/3593/1763 1865/3594/1265 1870/3599/1269
f 1876/3526/1712 1871/3525/1711 1874/3595/1764 1879/3600/1767
f 1879/3601/1767 1874/3596/1764 1873/3597/1765 1878/3602/1768
f 1878/3602/1768 1873/3597/1765 1872/3598/1766 1877/3603/1769
f 1877/3603/1769 1872/3598/1766 1870/3599/1269 1875/3604/1272
f 1881/3557/1741 1876/3526/1712 1879/3600/1767 1884/3605/1770
f 1884/3606/1770 1879/3601/1767 1878/3602/1768 1883/3607/1771
f 1883/3607/1771 1878/3602/1768 1877/3603/1769 1882/3608/1772
f 1882/3609/1772 1877/3610/1769 1875/2839/1272 1880/2775/1216
f 1886/3555/1739 1881/3557/1741 1884/3605/1770 1889/3611/1773
f 1889/3612/1773 1884/3606/1770 1883/3607/1771 1888/3613/1774
f 1888/3613/1774 1883/3607/1771 1882/3608/1772 1887/3614/1775
f 1887/3615/1775 1882/3609/1772 1880/2775/1216 1885/2774/1215
f 1891/3553/1737 1886/3555/1739 1889/3611/1773 1894/3616/1776
f 1894/3617/1776 1889/3612/1773 1888/3613/1774 1893/3618/1777
f 1893/3618/1777 1888/3613/1774 1887/3614/1775 1892/3619/1778
f 1892/3620/1778 1887/3615/1775 1885/2774/1215 1890/2780/1221
f 1896/3551/1735 1891/3553/1737 1894/3616/1776 1899/3621/1779
f 1899/3622/1779 1894/3617/1776 1893/3618/1777 1898/3623/1780
f 1898/3623/1780 1893/3618/1777 1892/3619/1778 1897/3624/1781
f 1897/3625/1781 1892/3620/1778 1890/2780/1221 1895/2784/1225
f 1901/3549/1733 1896/3551/1735 1899/3621/1779 1904/3626/1782
f 1904/3627/1782 1899/3622/1779 1898/3623/1780 1903/3628/1783
f 1903/3628/1783 1898/3623/1780 1897/3624/1781 1902/3629/1784
f 1902/3630/1784 1897/3631/1781 1895/3632/1225 1900/2793/1229
f 1906/3547/1731 1901/3549/1733 1904/3626/1782 1909/3633/1785
f 1909/3634/1785 1904/3627/1782 1903/3628/1783 1908/3635/1786
f 1908/3635/1786 1903/3628/1783 1902/3629/1784 1907/3636/1787
f 1907/3637/1787 1902/3630/1784 1900/2793/1229 1905/2792/1233
f 1911/3542/1728 1906/3547/1731 1909/3633/1785 1914/3638/1788
f 1914/3639/1788 1909/3634/1785 1908/3635/1786 1913/3640/1789
f 1913/3640/1789 1908/3635/1786 1907/3636/1787 1912/3641/1790
f 1912/3642/1790 1907/3637/1787 1905/2792/1233 1910/2798/1237
f 1916/3543/1725 1911/3542/1728 1914/3638/1788 1919/3643/1791
f 1919/3644/1791 1914/3639/1788 1913/3640/1789 1918/3645/1792
f 1918/3645/1792 1913/3640/1789 1912/3641/1790 1917/3646/1793
f 1917/3647/1793 1912/3642/1790 1910/2798/1237 1915/2808/1245
f 1921/3536/1722 1916/3539/1725 1919/3648/1791 1924/3649/1794
f 1924/3650/1794 1919/3651/1791 1918/3652/1792 1923/3653/1795
f 1923/3653/1795 1918/3652/1792 1917/3654/1793 1922/3655/1796
f 1922/3656/1796 1917/3647/1793 1915/2808/1245 1920/2816/1253
f 1926/3532/1718 1921/3536/1722 1924/3649/1794 1929/3657/1797
f 1929/3658/1797 1924/3650/1794 1923/3653/1795 1928/3659/1798
f 1928/3659/1798 1923/3653/1795 1922/3655/1796 1927/3660/1799
f 1927/3661/1799 1922/3656/1796 1920/2816/1253 1925/2822/1259
f 1931/3530/1716 1926/3532/1718 1929/3657/1797 1934/3662/1800
f 1934/3663/1800 1929/3658/1797 1928/3659/1798 1933/3664/1801
f 1933/3664/1801 1928/3659/1798 1927/3660/1799 1932/3665/1802
f 1932/3666/1802 1927/3661/1799 1925/2822/1259 1930/2828/1263
f 1936/3527/1713 1931/3530/1716 1934/3662/1800 1939/3667/1803
f 1939/3668/1803 1934/3663/1800 1933/3664/1801 1938/3669/1804
f 1938/3669/1804 1933/3664/1801 1932/3665/1802 1937/3670/1805
f 1937/3671/1805 1932/3666/1802 1930/2828/1263 1935/2832/1267
f 1941/3528/1714 1936/3527/1713 1939/3667/1803 1944/3672/1806
f 1944/3673/1806 1939/3668/1803 1938/3669/1804 1943/3674/1807
f 1943/3674/1807 1938/3669/1804 1937/3670/1805 1942/3675/1808
f 1942/3676/1808 1937/3671/1805 1935/2832/1267 1940/3677/1271
f 1946/3558/1742 1941/3528/1714 1944/3672/1806 1949/3678/1809
f 1949/3679/1809 1944/3673/1806 1943/3674/1807 1948/3680/1810
f 1948/3680/1810 1943/3674/1807 1942/3675/1808 1947/3681/1811
f 1947/3681/1811 1942/3675/1808 1940/3682/1271 1945/3683/1149
f 1951/3556/1740 1946/3558/1742 1949/3678/1809 1954/3684/1812
f 1954/3685/1812 1949/3679/1809 1948/3680/1810 1953/3686/1813
f 1953/3686/1813 1948/3680/1810 1947/3681/1811 1952/3687/1814
f 1952/3687/1814 1947/3681/1811 1945/3683/1149 1950/3688/1148
f 1956/3554/1738 1951/3556/1740 1954/3684/1812 1959/3689/1815
f 1959/3690/1815 1954/3685/1812 1953/3686/1813 1958/3691/1816
f 1958/3691/1816 1953/3686/1813 1952/3687/1814 1957/3692/1817
f 1957/3692/1817 1952/3687/1814 1950/3688/1148 1955/3693/1219
f 1961/3552/1736 1956/3554/1738 1959/3689/1815 1964/3694/1818
f 1964/3695/1818 1959/3690/1815 1958/3691/1816 1963/3696/1819
f 1963/3696/1819 1958/3691/1816 1957/3692/1817 1962/3697/1820
f 1962/3697/1820 1957/3692/1817 1955/3693/1219 1960/3698/1223
f 1966/3550/1734 1961/3552/1736 1964/3694/1818 1969/3699/1821
f 1969/3700/1821 1964/3695/1818 1963/3696/1819 1968/3701/1822
f 1968/3701/1822 1963/3696/1819 1962/3697/1820 1967/3702/1823
f 1967/3702/1823 1962/3697/1820 1960/3698/1223 1965/3703/1227
f 1971/3548/1732 1966/3550/1734 1969/3699/1821 1974/3704/1824
f 1974/3705/1824 1969/3700/1821 1968/3701/1822 1973/3706/1825
f 1973/3706/1825 1968/3701/1822 1967/3702/1823 1972/3707/1826
f 1972/3707/1826 1967/3702/1823 1965/3703/1227 1970/3708/1231
f 1976/3544/1729 1971/3548/1732 1974/3704/1824 1979/3709/1827
f 1979/3710/1827 1974/3705/1824 1973/3706/1825 1978/3711/1828
f 1978/3711/1828 1973/3706/1825 1972/3707/1826 1977/3712/1829
f 1977/3712/1829 1972/3707/1826 1970/3708/1231 1975/3713/1235
f 1981/3540/1726 1976/3544/1729 1979/3709/1827 1984/3714/1830
f 1984/3715/1830 1979/3710/1827 1978/3711/1828 1983/3716/1831
f 1983/3716/1831 1978/3711/1828 1977/3712/1829 1982/3717/1832
f 1982/3717/1832 1977/3712/1829 1975/3713/1235 1980/3718/1243
f 1986/3537/1723 1981/3540/1726 1984/3714/1830 1989/3719/1833
f 1989/3720/1833 1984/3715/1830 1983/3716/1831 1988/3721/1834
f 1988/3721/1834 1983/3716/1831 1982/3717/1832 1987/3722/1835
f 1987/3723/1835 1982/3724/1832 1980/2804/1243 1985/2814/1251
f 1991/3533/1719 1986/3537/1723 1989/3719/1833 1994/3725/1836
f 1994/3726/1836 1989/3720/1833 1988/3721/1834 1993/3727/1837
f 1993/3727/1837 1988/3721/1834 1987/3722/1835 1992/3728/1838
f 1992/3729/1838 1987/3723/1835 1985/2814/1251 1990/2801/1240
f 1840/3534/1720 1991/3533/1719 1994/3725/1836 1842/3730/1743
f 1842/3731/1743 1994/3726/1836 1993/3727/1837 1843/3732/1745
f 1843/3732/1745 1993/3727/1837 1992/3728/1838 1844/3733/1747
f 1844/3568/1747 1992/3729/1838 1990/2801/1240 1841/2800/1239
f 1835/2811/1248 1841/2800/1239 1817/2803/1242 1818/2812/1249
f 1996/2546/1045 2001/2545/1044 2003/3734/1839 2000/3735/1840
f 2000/3735/1840 2003/3734/1839 2004/3736/1841 1999/3737/1842
f 1999/3737/1842 2004/3736/1841 2005/3738/1843 1998/3739/1844
f 1998/3739/1844 2005/3738/1843 2006/3740/1845 1997/3741/1846
f 1997/3741/1846 2006/3740/1845 2002/3742/1087 1995/3743/1037
f 2008/2589/1084 1996/2546/1045 2000/3735/1840 2012/3744/1847
f 2012/3744/1847 2000/3735/1840 1999/3737/1842 2011/3745/1848
f 2011/3745/1848 1999/3737/1842 1998/3739/1844 2010/3746/1849
f 2010/3746/1849 1998/3739/1844 1997/3741/1846 2009/3747/1850
f 2009/3748/1850 1997/3749/1846 1995/2538/1037 2007/2537/1036
f 2014/2597/1091 2008/2589/1084 2012/3744/1847 2018/3750/1851
f 2018/3750/1851 2012/3744/1847 2011/3745/1848 2017/3751/1852
f 2017/3751/1852 2011/3745/1848 2010/3746/1849 2016/3752/1853
f 2016/3752/1853 2010/3746/1849 2009/3747/1850 2015/3753/1854
f 2015/3754/1854 2009/3748/1850 2007/2537/1036 2013/2554/1051
f 2020/2603/1094 2014/2597/1091 2018/3750/1851 2024/3755/1855
f 2024/3755/1855 2018/3750/1851 2017/3751/1852 2023/3756/1856
f 2023/3756/1856 2017/3751/1852 2016/3752/1853 2022/3757/1857
f 2022/3758/1857 2016/3759/1853 2015/3754/1854 2021/3760/1858
f 2021/3760/1858 2015/3754/1854 2013/2554/1051 2019/2553/1050
f 2026/2607/1097 2020/2606/1094 2024/3761/1855 2030/3762/1859
f 2030/3762/1859 2024/3761/1855 2023/3763/1856 2029/3764/1860
f 2029/3765/1860 2023/3766/1856 2022/3758/1857 2028/3767/1861
f 2028/3767/1861 2022/3758/1857 2021/3760/1858 2027/3768/1862
f 2027/3768/1862 2021/3760/1858 2019/2553/1050 2025/2561/1058
f 2032/2610/1099 2026/2607/1097 2030/3762/1859 2036/3769/1863
f 2036/3769/1863 2030/3762/1859 2029/3764/1860 2035/3770/1864
f 2035/3771/1864 2029/3765/1860 2028/3767/1861 2034/3772/1865
f 2034/3772/1865 2028/3767/1861 2027/3768/1862 2033/3773/1866
f 2033/3773/1866 2027/3768/1862 2025/2561/1058 2031/2565/1062
f 2038/2613/1101 2032/2610/1099 2036/3769/1863 2042/3774/1867
f 2042/3775/1867 2036/3776/1863 2035/3771/1864 2041/3777/1868
f 2041/3777/1868 2035/3771/1864 2034/3772/1865 2040/3778/1869
f 2040/3778/1869 2034/3772/1865 2033/3773/1866 2039/3779/1870
f 2039/3779/1870 2033/3773/1866 2031/2565/1062 2037/2569/1066
f 2044/2616/1103 2038/2613/1101 2042/3774/1867 2048/3780/1871
f 2048/3781/1871 2042/3775/1867 2041/3777/1868 2047/3782/1872
f 2047/3782/1872 2041/3777/1868 2040/3778/1869 2046/3783/1873
f 2046/3783/1873 2040/3778/1869 2039/3779/1870 2045/3784/1874
f 2045/3784/1874 2039/3779/1870 2037/2569/1066 2043/2573/1070
f 2050/2619/1105 2044/2616/1103 2048/3780/1871 2054/3785/1875
f 2054/3786/1875 2048/3781/1871 2047/3782/1872 2053/3787/1876
f 2053/3787/1876 2047/3782/1872 2046/3783/1873 2052/3788/1877
f 2052/3788/1877 2046/3783/1873 2045/3784/1874 2051/3789/1878
f 2051/3789/1878 2045/3784/1874 2043/2573/1070 2049/2577/1074
f 2056/2625/1107 2050/3790/1105 2054/3786/1875 2060/3791/1879
f 2060/3791/1879 2054/3786/1875 2053/3787/1876 2059/3792/1880
f 2059/3792/1880 2053/3787/1876 2052/3788/1877 2058/3793/1881
f 2058/3793/1881 2052/3788/1877 2051/3789/1878 2057/3794/1882
f 2057/3794/1882 2051/3789/1878 2049/2577/1074 2055/2520/1019
f 2062/2626/1109 2056/2625/1107 2060/3791/1879 2066/3795/1883
f 2066/3795/1883 2060/3791/1879 2059/3792/1880 2065/3796/1884
f 2065/3796/1884 2059/3792/1880 2058/3793/1881 2064/3797/1885
f 2064/3797/1885 2058/3793/1881 2057/3794/1882 2063/3798/1886
f 2063/3798/1886 2057/3794/1882 2055/2520/1019 2061/2519/1018
f 2068/2628/1080 2062/2626/1109 2066/3795/1883 2072/3799/1887
f 2072/3799/1887 2066/3795/1883 2065/3796/1884 2071/3800/1888
f 2071/3800/1888 2065/3796/1884 2064/3797/1885 2070/3801/1889
f 2070/3801/1889 2064/3797/1885 2063/3798/1886 2069/3802/1890
f 2069/3802/1890 2063/3798/1886 2061/2519/1018 2067/2525/1024
f 2074/2586/1081 2068/2585/1080 2072/3803/1887 2078/3804/1891
f 2078/3805/1891 2072/3799/1887 2071/3800/1888 2077/3806/1892
f 2077/3806/1892 2071/3800/1888 2070/3801/1889 2076/3807/1893
f 2076/3807/1893 2070/3801/1889 2069/3802/1890 2075/3808/1894
f 2075/3808/1894 2069/3802/1890 2067/2525/1024 2073/2529/1028
f 2080/2588/1083 2074/2586/1081 2078/3804/1891 2084/3809/1895
f 2084/3809/1895 2078/3804/1891 2077/3810/1892 2083/3811/1896
f 2083/3811/1896 2077/3810/1892 2076/3812/1893 2082/3813/1897
f 2082/3814/1897 2076/3807/1893 2075/3808/1894 2081/3815/1898
f 2081/3815/1898 2075/3808/1894 2073/2529/1028 2079/2531/1030
f 2086/2591/1086 2080/2588/1083 2084/3809/1895 2090/3816/1899
f 2090/3816/1899 2084/3809/1895 2083/3811/1896 2089/3817/1900
f 2089/3817/1900 2083/3811/1896 2082/3813/1897 2088/3818/1901
f 2088/3818/1901 2082/3813/1897 2081/3819/1898 2087/3820/1902
f 2087/3821/1902 2081/3815/1898 2079/2531/1030 2085/2535/1034
f 2092/2595/1090 2086/2591/1086 2090/3816/1899 2096/3822/1903
f 2096/3822/1903 2090/3816/1899 2089/3817/1900 2095/3823/1904
f 2095/3823/1904 2089/3817/1900 2088/3818/1901 2094/3824/1905
f 2094/3824/1905 2088/3818/1901 2087/3820/1902 2093/3825/1906
f 2093/3826/1906 2087/3821/1902 2085/2535/1034 2091/2543/1042
f 2098/2601/1093 2092/2595/1090 2096/3822/1903 2102/3827/1907
f 2102/3827/1907 2096/3822/1903 2095/3823/1904 2101/3828/1908
f 2101/3828/1908 2095/3823/1904 2094/3824/1905 2100/3829/1909
f 2100/3829/1909 2094/3824/1905 2093/3825/1906 2099/3830/1910
f 2099/3830/1910 2093/3825/1906 2091/3831/1042 2097/3832/1048
f 2104/2605/1096 2098/2601/1093 2102/3827/1907 2108/3833/1911
f 2108/3833/1911 2102/3827/1907 2101/3828/1908 2107/3834/1912
f 2107/3834/1912 2101/3828/1908 2100/3829/1909 2106/3835/1913
f 2106/3835/1913 2100/3829/1909 2099/3830/1910 2105/3836/1914
f 2105/3837/1914 2099/3838/1910 2097/2549/1048 2103/2559/1056
f 2110/2609/1098 2104/2605/1096 2108/3833/1911 2114/3839/1915
f 2114/3839/1915 2108/3833/1911 2107/3834/1912 2113/3840/1916
f 2113/3840/1916 2107/3834/1912 2106/3835/1913 2112/3841/1917
f 2112/3841/1917 2106/3835/1913 2105/3836/1914 2111/3842/1918
f 2111/3843/1918 2105/3837/1914 2103/2559/1056 2109/2563/1060
f 2116/2612/1100 2110/2609/1098 2114/3839/1915 2120/3844/1919
f 2120/3844/1919 2114/3839/1915 2113/3840/1916 2119/3845/1920
f 2119/3845/1920 2113/3840/1916 2112/3841/1917 2118/3846/1921
f 2118/3847/1921 2112/3848/1917 2111/3843/1918 2117/3849/1922
f 2117/3849/1922 2111/3843/1918 2109/2563/1060 2115/2567/1064
f 2122/2615/1102 2116/2612/1100 2120/3844/1919 2126/3850/1923
f 2126/3851/1923 2120/3852/1919 2119/3853/1920 2125/3854/1924
f 2125/3854/1924 2119/3853/1920 2118/3847/1921 2124/3855/1925
f 2124/3855/1925 2118/3847/1921 2117/3849/1922 2123/3856/1926
f 2123/3856/1926 2117/3849/1922 2115/2567/1064 2121/2571/1068
f 2128/2618/1104 2122/2617/1102 2126/3857/1923 2132/3858/1927
f 2132/3859/1927 2126/3851/1923 2125/3854/1924 2131/3860/1928
f 2131/3860/1928 2125/3854/1924 2124/3855/1925 2130/3861/1929
f 2130/3861/1929 2124/3855/1925 2123/3856/1926 2129/3862/1930
f 2129/3862/1930 2123/3856/1926 2121/2571/1068 2127/2575/1072
f 2134/2620/1106 2128/2618/1104 2132/3858/1927 2138/3863/1931
f 2138/3864/1931 2132/3859/1927 2131/3860/1928 2137/3865/1932
f 2137/3865/1932 2131/3860/1928 2130/3861/1929 2136/3866/1933
f 2136/3866/1933 2130/3861/1929 2129/3862/1930 2135/3867/1934
f 2135/3867/1934 2129/3862/1930 2127/2575/1072 2133/2468/981
f 2140/2622/1108 2134/2620/1106 2138/3863/1931 2144/3868/1935
f 2144/3868/1935 2138/3863/1931 2137/3869/1932 2143/3870/1936
f 2143/3871/1936 2137/3865/1932 2136/3866/1933 2142/3872/1937
f 2142/3872/1937 2136/3866/1933 2135/3867/1934 2141/3873/1938
f 2141/3873/1938 2135/3867/1934 2133/2468/981 2139/2467/980
f 2146/2527/1026 2140/2622/1108 2144/3868/1935 2150/3874/1939
f 2150/3874/1939 2144/3868/1935 2143/3870/1936 2149/3875/1940
f 2149/3876/1940 2143/3871/1936 2142/3872/1937 2148/3877/1941
f 2148/3877/1941 2142/3872/1937 2141/3873/1938 2147/3878/1942
f 2147/3878/1942 2141/3873/1938 2139/2467/980 2145/2523/1022
f 2152/2528/1027 2146/2527/1026 2150/3874/1939 2156/3879/1943
f 2156/3879/1943 2150/3874/1939 2149/3875/1940 2155/3880/1944
f 2155/3881/1944 2149/3876/1940 2148/3877/1941 2154/3882/1945
f 2154/3882/1945 2148/3877/1941 2147/3878/1942 2153/3883/1946
f 2153/3883/1946 2147/3878/1942 2145/2523/1022 2151/2516/1015
f 2158/2587/1082 2152/2528/1027 2156/3879/1943 2162/3884/1947
f 2162/3884/1947 2156/3879/1943 2155/3880/1944 2161/3885/1948
f 2161/3885/1948 2155/3880/1944 2154/3886/1945 2160/3887/1949
f 2160/3888/1949 2154/3882/1945 2153/3883/1946 2159/3889/1950
f 2159/3889/1950 2153/3883/1946 2151/2516/1015 2157/2515/1014
f 2164/2590/1085 2158/2587/1082 2162/3884/1947 2168/3890/1951
f 2168/3890/1951 2162/3884/1947 2161/3885/1948 2167/3891/1952
f 2167/3891/1952 2161/3885/1948 2160/3887/1949 2166/3892/1953
f 2166/3893/1953 2160/3888/1949 2159/3889/1950 2165/3894/1954
f 2165/3894/1954 2159/3889/1950 2157/2515/1014 2163/2533/1032
f 2170/2599/1089 2164/3895/1085 2168/3896/1951 2174/3897/1955
f 2174/3897/1955 2168/3896/1951 2167/3898/1952 2173/3899/1956
f 2173/3899/1956 2167/3898/1952 2166/3900/1953 2172/3901/1957
f 2172/3902/1957 2166/3893/1953 2165/3894/1954 2171/3903/1958
f 2171/3903/1958 2165/3894/1954 2163/2533/1032 2169/2541/1040
f 2176/2600/1092 2170/2599/1089 2174/3897/1955 2180/3904/1959
f 2180/3904/1959 2174/3897/1955 2173/3899/1956 2179/3905/1960
f 2179/3905/1960 2173/3899/1956 2172/3901/1957 2178/3906/1961
f 2178/3906/1961 2172/3901/1957 2171/3907/1958 2177/3908/1962
f 2177/3909/1962 2171/3903/1958 2169/2541/1040 2175/2547/1046
f 2182/2604/1095 2176/2600/1092 2180/3904/1959 2186/3910/1963
f 2186/3910/1963 2180/3904/1959 2179/3905/1960 2185/3911/1964
f 2185/3911/1964 2179/3905/1960 2178/3906/1961 2184/3912/1965
f 2184/3912/1965 2178/3906/1961 2177/3908/1962 2183/3913/1966
f 2183/3914/1966 2177/3909/1962 2175/2547/1046 2181/2557/1054
f 2001/2545/1044 2182/2604/1095 2186/3910/1963 2003/3734/1839
f 2003/3734/1839 2186/3910/1963 2185/3911/1964 2004/3736/1841
f 2004/3736/1841 2185/3911/1964 2184/3912/1965 2005/3738/1843
f 2005/3738/1843 2184/3912/1965 2183/3913/1966 2006/3740/1845
f 2006/3740/1845 2183/3913/1966 2181/3915/1054 2002/3742/1087
f 1995/2538/1037 2002/3916/1087 1324/3917/1088 1323/2539/1038
f 2188/3918/1079 2192/3344/1078 2194/3919/1967 2191/3920/1968
f 2191/3920/1968 2194/3919/1967 2195/3921/1969 2190/3922/1970
f 2190/3922/1970 2195/3921/1969 2196/3923/1971 2189/3924/1972
f 2189/3924/1972 2196/3923/1971 2193/3301/1544 2187/2701/1147
f 2198/3925/1539 2188/3918/1079 2191/3920/1968 2201/3926/1973
f 2201/3926/1973 2191/3920/1968 2190/3922/1970 2200/3927/1974
f 2200/3927/1974 2190/3922/1970 2189/3924/1972 2199/3928/1975
f 2199/3928/1975 2189/3924/1972 2187/2701/1147 2197/2657/1126
f 2203/3287/1532 2198/3296/1539 2201/3929/1973 2206/3930/1976
f 2206/3931/1976 2201/3926/1973 2200/3927/1974 2205/3932/1977
f 2205/3932/1977 2200/3927/1974 2199/3928/1975 2204/3933/1978
f 2204/3933/1978 2199/3928/1975 2197/2657/1126 2202/2642/1119
f 2208/3288/1533 2203/3287/1532 2206/3930/1976 2211/3934/1979
f 2211/3934/1979 2206/3930/1976 2205/3935/1977 2210/3936/1980
f 2210/3936/1980 2205/3935/1977 2204/3937/1978 2209/3938/1981
f 2209/3939/1981 2204/3933/1978 2202/2642/1119 2207/2641/1118
f 2213/3340/1582 2208/3288/1533 2211/3934/1979 2216/3940/1982
f 2216/3940/1982 2211/3934/1979 2210/3936/1980 2215/3941/1983
f 2215/3941/1983 2210/3936/1980 2209/3938/1981 2214/3942/1984
f 2214/3942/1984 2209/3938/1981 2207/2650/1118 2212/2649/1123
f 2218/3336/1578 2213/3340/1582 2216/3940/1982 2221/3943/1985
f 2221/3943/1985 2216/3940/1982 2215/3941/1983 2220/3944/1986
f 2220/3944/1986 2215/3941/1983 2214/3942/1984 2219/3945/1987
f 2219/3945/1987 2214/3942/1984 2212/2649/1123 2217/2655/1125
f 2223/3332/1574 2218/3336/1578 2221/3943/1985 2226/3946/1988
f 2226/3946/1988 2221/3943/1985 2220/3944/1986 2225/3947/1989
f 2225/3947/1989 2220/3944/1986 2219/3945/1987 2224/3948/1990
f 2224/3948/1990 2219/3945/1987 2217/2655/1125 2222/2661/1129
f 2228/3328/1570 2223/3332/1574 2226/3946/1988 2231/3949/1991
f 2231/3949/1991 2226/3946/1988 2225/3947/1989 2230/3950/1992
f 2230/3950/1992 2225/3947/1989 2224/3948/1990 2229/3951/1993
f 2229/3951/1993 2224/3948/1990 2222/2661/1129 2227/2665/1131
f 2233/3324/1566 2228/3328/1570 2231/3949/1991 2236/3952/1994
f 2236/3952/1994 2231/3949/1991 2230/3950/1992 2235/3953/1995
f 2235/3953/1995 2230/3950/1992 2229/3951/1993 2234/3954/1996
f 2234/3954/1996 2229/3951/1993 2227/2665/1131 2232/2671/1133
f 2238/3320/1562 2233/3324/1566 2236/3952/1994 2241/3955/1997
f 2241/3955/1997 2236/3952/1994 2235/3953/1995 2240/3956/1998
f 2240/3956/1998 2235/3953/1995 2234/3954/1996 2239/3957/1999
f 2239/3957/1999 2234/3954/1996 2232/2671/1133 2237/2675/1135
f 2243/3316/1558 2238/3320/1562 2241/3955/1997 2246/3958/2000
f 2246/3958/2000 2241/3955/1997 2240/3956/1998 2245/3959/2001
f 2245/3959/2001 2240/3956/1998 2239/3957/1999 2244/3960/2002
f 2244/3960/2002 2239/3957/1999 2237/2675/1135 2242/3961/1137
f 2248/3312/1554 2243/3316/1558 2246/3958/2000 2251/3962/2003
f 2251/3962/2003 2246/3958/2000 2245/3959/2001 2250/3963/2004
f 2250/3963/2004 2245/3959/2001 2244/3960/2002 2249/3964/2005
f 2249/3964/2005 2244/3960/2002 2242/3961/1137 2247/3965/1139
f 2253/3308/1550 2248/3312/1554 2251/3962/2003 2256/3966/2006
f 2256/3966/2006 2251/3962/2003 2250/3963/2004 2255/3967/2007
f 2255/3968/2007 2250/3969/2004 2249/3970/2005 2254/3971/2008
f 2254/3971/2008 2249/3970/2005 2247/2690/1139 2252/2689/1142
f 2258/3304/1546 2253/3308/1550 2256/3966/2006 2261/3972/2009
f 2261/3973/2009 2256/3974/2006 2255/3968/2007 2260/3975/2010
f 2260/3975/2010 2255/3968/2007 2254/3971/2008 2259/3976/2011
f 2259/3976/2011 2254/3971/2008 2252/2689/1142 2257/2695/1144
f 2263/3977/1541 2258/3978/1546 2261/3973/2009 2266/3979/2012
f 2266/3979/2012 2261/3973/2009 2260/3975/2010 2265/3980/2013
f 2265/3980/2013 2260/3975/2010 2259/3976/2011 2264/3981/2014
f 2264/3981/2014 2259/3976/2011 2257/2695/1144 2262/2699/1146
f 2268/3982/1535 2263/3977/1541 2266/3979/2012 2271/3983/2015
f 2271/3983/2015 2266/3979/2012 2265/3980/2013 2270/3984/2016
f 2270/3984/2016 2265/3980/2013 2264/3981/2014 2269/3985/2017
f 2269/3985/2017 2264/3981/2014 2262/2699/1146 2267/2638/1117
f 2273/3986/1524 2268/3982/1535 2271/3983/2015 2276/3987/2018
f 2276/3987/2018 2271/3983/2015 2270/3984/2016 2275/3988/2019
f 2275/3988/2019 2270/3984/2016 2269/3985/2017 2274/3989/2020
f 2274/3989/2020 2269/3985/2017 2267/2638/1117 2272/2637/1116
f 2278/3990/1525 2273/3986/1524 2276/3987/2018 2281/3991/2021
f 2281/3991/2021 2276/3987/2018 2275/3988/2019 2280/3992/2022
f 2280/3992/2022 2275/3988/2019 2274/3989/2020 2279/3993/2023
f 2279/3993/2023 2274/3989/2020 2272/2637/1116 2277/2647/1122
f 2283/3338/1580 2278/3280/1525 2281/3994/2021 2286/3995/2024
f 2286/3996/2024 2281/3991/2021 2280/3992/2022 2285/3997/2025
f 2285/3997/2025 2280/3992/2022 2279/3993/2023 2284/3998/2026
f 2284/3998/2026 2279/3993/2023 2277/2647/1122 2282/2653/1124
f 2288/3334/1576 2283/3338/1580 2286/3995/2024 2291/3999/2027
f 2291/4000/2027 2286/3996/2024 2285/3997/2025 2290/4001/2028
f 2290/4001/2028 2285/3997/2025 2284/3998/2026 2289/4002/2029
f 2289/4002/2029 2284/3998/2026 2282/2653/1124 2287/2659/1127
f 2293/3330/1572 2288/3334/1576 2291/3999/2027 2296/4003/2030
f 2296/4003/2030 2291/3999/2027 2290/4004/2028 2295/4005/2031
f 2295/4005/2031 2290/4004/2028 2289/4006/2029 2294/4007/2032
f 2294/4007/2032 2289/4006/2029 2287/4008/1127 2292/2668/1130
f 2298/3326/1568 2293/3330/1572 2296/4003/2030 2301/4009/2033
f 2301/4009/2033 2296/4003/2030 2295/4005/2031 2300/4010/2034
f 2300/4010/2034 2295/4005/2031 2294/4007/2032 2299/4011/2035
f 2299/4011/2035 2294/4007/2032 2292/2668/1130 2297/2667/1132
f 2303/3322/1564 2298/3326/1568 2301/4009/2033 2306/4012/2036
f 2306/4012/2036 2301/4009/2033 2300/4010/2034 2305/4013/2037
f 2305/4013/2037 2300/4010/2034 2299/4011/2035 2304/4014/2038
f 2304/4014/2038 2299/4011/2035 2297/2667/1132 2302/2673/1134
f 2308/3318/1560 2303/3322/1564 2306/4012/2036 2311/4015/2039
f 2311/4015/2039 2306/4012/2036 2305/4013/2037 2310/4016/2040
f 2310/4016/2040 2305/4013/2037 2304/4014/2038 2309/4017/2041
f 2309/4017/2041 2304/4014/2038 2302/2673/1134 2307/2677/1136
f 2313/3314/1556 2308/3318/1560 2311/4015/2039 2316/4018/2042
f 2316/4018/2042 2311/4015/2039 2310/4016/2040 2315/4019/2043
f 2315/4019/2043 2310/4016/2040 2309/4017/2041 2314/4020/2044
f 2314/4020/2044 2309/4017/2041 2307/2677/1136 2312/2683/1138
f 2318/3310/1552 2313/3314/1556 2316/4018/2042 2321/4021/2045
f 2321/4021/2045 2316/4018/2042 2315/4019/2043 2320/4022/2046
f 2320/4022/2046 2315/4019/2043 2314/4020/2044 2319/4023/2047
f 2319/4023/2047 2314/4020/2044 2312/2683/1138 2317/2687/1141
f 2323/3306/1548 2318/3310/1552 2321/4021/2045 2326/4024/2048
f 2326/4024/2048 2321/4021/2045 2320/4022/2046 2325/4025/2049
f 2325/4025/2049 2320/4022/2046 2319/4023/2047 2324/4026/2050
f 2324/4026/2050 2319/4023/2047 2317/2687/1141 2322/2693/1143
f 2328/3300/1543 2323/3306/1548 2326/4024/2048 2331/4027/2051
f 2331/4027/2051 2326/4024/2048 2325/4025/2049 2330/4028/2052
f 2330/4028/2052 2325/4025/2049 2324/4026/2050 2329/4029/2053
f 2329/4029/2053 2324/4026/2050 2322/2693/1143 2327/2697/1145
f 2333/3294/1537 2328/3300/1543 2331/4027/2051 2336/4030/2054
f 2336/4030/2054 2331/4027/2051 2330/4028/2052 2335/4031/2055
f 2335/4031/2055 2330/4028/2052 2329/4029/2053 2334/4032/2056
f 2334/4032/2056 2329/4029/2053 2327/2697/1145 2332/2703/1115
f 2338/3283/1528 2333/3294/1537 2336/4030/2054 2341/4033/2057
f 2341/4034/2057 2336/4035/2054 2335/4036/2055 2340/4037/2058
f 2340/4037/2058 2335/4036/2055 2334/4038/2056 2339/4039/2059
f 2339/4039/2059 2334/4038/2056 2332/2634/1115 2337/2633/1114
f 2343/3343/1529 2338/4040/1528 2341/4034/2057 2346/4041/2060
f 2346/4041/2060 2341/4034/2057 2340/4037/2058 2345/4042/2061
f 2345/4042/2061 2340/4037/2058 2339/4039/2059 2344/4043/2062
f 2344/4043/2062 2339/4039/2059 2337/2633/1114 2342/2645/1121
f 2192/3344/1078 2343/3343/1529 2346/4041/2060 2194/3919/1967
f 2194/3919/1967 2346/4041/2060 2345/4042/2061 2195/3921/1969
f 2195/3921/1969 2345/4042/2061 2344/4043/2062 2196/3923/1971
f 2196/3923/1971 2344/4043/2062 2342/2645/1121 2193/3301/1544
f 2187/2701/1147 2193/3301/1544 1582/3302/929 1602/2702/944
l 1025 1026
